pl_name,pl_rade,pl_bmasse,pl_eqt,pl_orbsmax,pl_insol,st_teff,st_rad,st_mass,st_met,pl_dens
Kepler-1167 b,1.71,3.57,1419.0,0.0175,1039.697,4971.0,0.75,0.79,-0.05,3.92
Kepler-1740 b,3.32321414,11.0,858.0,0.0779,127.95,5705.0,0.905,0.943,-0.06,1.65
Kepler-1581 b,0.8,0.437,1108.0,0.06865,470.862,6022.0,1.23,1.12,0.07,4.69
Kepler-644 b,3.15,10.1,1655.0,0.04641,2381.77,6747.0,1.81,1.49,0.08,1.78
Kepler-1752 b,4.54060463,18.7,419.0,0.2698,7.29,5446.0,0.821,0.824,-0.2,1.1
Kepler-280 c,2.01,4.7,1088.0,0.056,279.085,5744.0,0.886,0.962,0.1213,3.18
Kepler-1208 b,2.32,5.99,665.0,0.0901,37.664,5001.0,0.76,0.8,-0.03,2.64
Kepler-263 c,2.47,6.66,386.0,0.242,5.994,5265.0,0.785,0.793,-0.0314,2.43
Kepler-1101 b,2.47,6.66,393.0,0.3483,3.577,5614.0,0.91,0.94,-0.04,2.43
HD 168746 b,11.1,85.8141,900.0,0.07,,5570.0,1.09,1.07,-0.08,0.345
Kepler-560 b,1.72,3.61,298.0,0.0899,2.46,3556.0,0.33,0.34,-0.39,3.9
Kepler-150 d,2.79,8.2,734.0,0.104,65.142,5560.0,0.939,0.956,0.12,2.07
Kepler-498 b,3.03,9.43,931.0,0.0897,202.775,5744.0,0.96,0.98,-0.04,1.86
Kepler-817 b,9.03,60.2,1124.0,0.0493,550.203,5861.0,1.03,1.03,0.02,0.449
Kepler-937 b,3.72,13.4,495.0,0.3214,20.627,6095.0,1.22,1.15,0.08,1.43
K2-10 b,3.773,25.2,649.0,0.137,42.1,5533.0,0.956,0.88,-0.07,2.36
Kepler-571 b,2.64,7.46,978.0,0.0546,219.036,5527.0,0.9,0.93,0.01,2.23
Kepler-1458 b,2.76,8.05,493.0,0.24869,8.293,5653.0,0.94,0.96,0.02,2.1
Kepler-1600 c,1.94206512,4.43,786.0,0.06961,84.7,5119.0,0.834,0.818,0.1,3.32
Kepler-221 d,2.73,3.61,712.0,0.087,56.293,5243.0,0.821,0.854,0.0616,0.9
Kepler-626 b,2.29,5.86,784.0,0.10913,69.795,5813.0,1.05,1.01,0.01,2.68
Kepler-1549 b,2.57,7.13,286.0,0.6687,1.184,5324.0,0.84,0.88,0.02,2.31
K2-62 c,1.99,4.62,495.0,0.1148,14.3,4455.0,0.696,0.67,-0.1,3.22
Kepler-1149 b,1.44,2.67,1128.0,0.0473,653.831,5833.0,1.01,1.02,0.02,4.91
Kepler-1288 b,1.12,1.46,2017.0,0.04135,1342.5,6132.0,1.29,1.2,0.14,5.71
Kepler-128 b,1.421,3.79,968.0,0.12545,227.398,6072.0,1.659,1.184,-0.03,7.222837
Kepler-1245 b,1.44,2.67,1043.0,0.0484,194.344,5306.0,0.83,0.86,-0.01,4.91
Kepler-1068 b,3.63,12.8,702.0,0.13038,55.933,5806.0,1.01,1.01,0.03,1.47
Kepler-150 e,3.12,9.91,544.0,0.189,19.671,5560.0,0.939,0.956,0.12,1.79
Kepler-272 c,1.79,97.8,947.0,0.061,310.76,5297.0,0.929,0.91,0.04,93.7
Kepler-152 c,2.39,6.3,326.0,0.356,2.57,5088.0,0.724,0.779,-0.12,2.54
Kepler-1506 b,1.32,2.3,783.0,0.1168,235.807,5676.0,0.93,0.95,-0.05,5.5
CoRoT-3 b,11.32,6883.91,1695.0,0.05783,,6740.0,1.56,1.37,0.14,26.4
HD 205739 b,13.6,435.41,,0.896,,6176.0,1.33,1.22,0.19,0.951
HD 224693 b,14.0,222.481,,0.191,,5894.0,1.93,1.31,0.27,0.446
HD 16417 b,5.0,22.1,,0.14,,5841.0,1.639984,1.2,0.06,0.972
HD 19994 b,13.6,435.41,,1.305,,6188.0,1.79647,1.365,0.27,0.951
GJ 179 b,13.8,301.93698665,,2.41,,3370.0,0.38,0.357,0.3,0.631
GQ Lup b,33.6,6356.0,2650.0,100.0,,4360.0,1.94153,0.7,-0.35,0.921
HD 37605 b,13.2,854.9627,,0.277,,5329.0,0.91,0.94,0.27,2.04
HD 33283 b,12.5,104.56607,,0.1508,,5935.0,1.97,1.38,0.35,0.294
HD 9446 b,14.0,222.472,,0.189,,5793.0,1.0,1.0,0.09,0.446
HD 134987 c,13.9,260.0,,5.8,,5585.0,1.25,1.1,0.28,0.532
HD 110014 b,12.4,3524.59,,2.14,,4445.0,20.9,2.17,0.19,10.2
HD 79498 b,13.6,425.8922,,2.98,,5748.0,1.05,1.08,0.18,0.93
HD 45652 b,14.3,137.62039,,0.237,,5294.0,0.94,0.92,0.26,0.259
HIP 79431 b,13.4,667.415,,0.36,,3191.0,0.478625,0.49,0.4,1.52
GJ 876 b,13.3,723.2235,,0.208317,,3293.74,0.3,0.32,0.2129,1.69
HD 47186 c,13.0,111.42,,2.395,,5657.0,1.08,0.96,0.24,0.279
HD 148156 b,13.9,270.144,,2.45,,6308.0,1.21,1.22,0.29,0.553
HIP 14810 c,13.6,416.3573,,0.549,,5544.0,1.07,1.01,0.24,0.91
HIP 14810 b,13.0,1239.537,,0.0696,,5544.0,1.07,1.01,0.24,3.1
GJ 876 d,2.51,6.83,,0.02080665,,3293.74,0.3,0.32,0.2129,2.37
GJ 876 e,3.92,14.6,,0.3343,,3293.74,0.3,0.32,0.2129,1.33
gam1 Leo b,12.5,2790.43,,1.19,,4330.0,31.88,1.23,-0.51,7.85
HD 156411 b,14.0,235.18,,1.88,,5900.0,2.16,1.25,-0.12,0.471
HD 8535 b,14.0,216.1244,,2.45,,6136.0,1.19,1.13,0.06,0.433
HD 37605 c,13.1,1013.8777,,3.74,,5329.0,0.91,0.94,0.27,2.48
HD 1605 c,13.0,1150.5446,,3.584,,4915.0,3.49,1.33,0.22,2.88
BD+20 2457 b,12.1,6807.63,,1.45,,4137.0,49.0,2.8,-1.0,21.1
HD 240210 b,12.8,1655.82,,1.16,,4297.0,25.456816,0.82,-0.18,4.34
CoRoT-17 b,11.43,772.29,1626.0,0.0461,,5740.0,1.59,1.04,0.0,2.82
HD 132563 b,13.6,473.547,,2.62,,6289.0,1.29577,1.231,-0.06,1.03
HD 55696 b,12.9,1357.12729789,,3.18,,6012.0,1.52,1.29,0.37,3.47
HD 148164 b,13.7,390.9309,,0.993,,6032.0,1.34,1.21,0.24,0.835
24 Sex c,13.9,273.32,,2.08,,5098.0,4.9,1.54,-0.03,0.559
HD 22781 b,12.3,4338.2,,1.167,,5027.0,0.743475,0.75,-0.37,12.8
HD 148164 c,12.8,1640.0028,,6.15,,6032.0,1.34,1.21,0.24,4.3
HD 90156 b,4.43,17.98,,0.25,,5599.0,0.920286,0.84,-0.24,1.14
HD 45350 b,13.5,568.89,,1.92,,5566.0,1.26442,0.98,0.23,1.27
MOA-2009-BLG-266L b,3.21,10.4,,3.2,,,,0.56,,1.73
Kepler-595 c,1.009,3.3,679.0,0.0983,50.23,5138.5,0.821,0.93,0.406,6.9
Kepler-595 b,3.708,17.4,535.0,0.1582,17.382,5138.5,0.821,0.93,0.406,1.23
HD 177830 c,7.87,47.6725,,0.5137,,4949.0,2.62,1.47,0.545,0.537
OGLE-TR-111 b,11.421971,174.799,1019.0,0.0473,,5040.0,0.83,0.82,0.19,0.65
PSR B1257+12 b,0.338,0.02,,0.19,,,,1.4,,2.85
PSR B1257+12 d,1.8,3.9,,0.46,,,,1.4,,3.67
HD 21749 c,0.892,3.7,701.0,0.0695,305.9425,4640.0,0.695,0.73,0.003,31.93
CoRoT-18 b,14.68,1102.82,1550.0,0.0295,823.7009,5440.0,1.0,0.95,-0.1,2.2
Kepler-45 b,10.76,160.497,1000.0,0.03,68.37,3820.0,0.55,0.59,0.28,0.8
WASP-23 b,10.783,280.95,1076.55,0.0376,317.4314,5150.0,0.765,0.78,-0.05,1.17
HD 107148 b,9.6,66.741,,0.269,,5797.0,1.169193,1.12,0.314,0.415
SWEEPS-11 b,12.666,3082.82,,0.03,,,1.45,1.1,,8.34
OGLE-TR-211 b,15.244,327.351,1686.0,0.051,,6325.0,1.64,1.33,0.11,0.42
Lupus-TR-3 b,9.976,257.431,,0.0464,,5000.0,0.82,0.87,,1.4
OGLE-2005-BLG-390L b,2.21,5.5,50.0,2.6,,,,0.22,,2.8
HN Peg b,11.7768,6991.57,,773.0,,6186.0,1.006954,1.08,-0.036,23.5
MOA-2009-BLG-387L b,13.2,830.0,,1.8,,,,0.19,,1.98
GJ 674 b,3.33,11.09,,0.039,,3600.0,0.36463,0.35,-0.28,1.65
CoRoT-11 b,16.03,740.51,1657.0,0.0436,1890.649,6440.0,1.37,1.27,-0.03,0.99
2MASS J04414489+2301513 b,12.6,2383.6,,15.0,,2936.0,0.231916,0.019,,6.55
GJ 3634 b,2.83,8.4,,0.0287,,3517.0,0.43,0.45,,2.04
CoRoT-13 b,9.92,415.704,1700.0,0.051,546.5339,5945.0,1.01,1.09,0.01,2.34
OGLE-TR-10 b,14.011,197.046,1702.0,0.0434,,5950.0,1.17,1.14,0.28,0.4
HD 27442 b,13.5,495.8,,1.271,,4846.0,3.18,1.23,0.42,1.11
GJ 3021 b,13.1,1071.04,350.0,0.49,,5540.0,0.9,0.9,0.1,2.62
CoRoT-8 b,6.39,69.92,870.0,0.063,,5080.0,0.77,0.88,0.3,1.6
Kepler-18 c,5.49,17.3,899.0,0.0752,126.081,5345.0,1.108,0.972,0.19,0.59
Kepler-18 b,2.0,6.9,1165.0,0.0447,355.735,5345.0,1.108,0.972,0.19,4.9
HD 46375 b,10.0,71.8,,0.0398,,5285.0,0.914196,0.92,0.24,0.395
HD 221287 b,13.1,982.05,,1.25,,6304.0,1.13864,1.25,-0.03,2.4
HD 33564 b,12.5,2892.1,,1.1,,6250.0,1.4367,1.25,-0.12,8.14
HD 189733 b,12.66617,359.1479,1209.0,0.03126,356.0,5052.0,0.75,0.79,-0.02,0.943
Kepler-4 b,4.002,24.472,1650.0,0.0456,1245.431,5857.0,1.487,1.223,0.17,1.91
WASP-38 b,13.78707,1093.3352,1250.0,0.07522,,6180.0,1.52,1.76,-0.02,2.3
Kepler-18 d,6.98,16.4,720.0,0.1172,51.922,5345.0,1.108,0.972,0.19,0.27
HAT-P-37 b,13.204,371.528,1271.0,0.0379,412.3914,5500.0,0.877,0.929,0.03,0.89
HD 129445 b,13.3,797.74930157,,2.9,,5646.0,1.175816,0.99,0.25,1.86
Kepler-419 c,12.6,2320.1,,1.68,,6430.0,1.74,1.39,0.176,6.37
HD 70573 b,12.8,1900.0,,1.76,,5737.0,0.976919,1.0,-0.18,4.98
HD 47536 b,12.6,2330.0,,1.93,,4380.0,23.47,2.1,-0.65,6.4
WASP-67 b,12.89035,136.6669,1003.0,0.05179,188.1062,5200.0,0.88,0.91,-0.07,0.388
CoRoT-14 b,12.22,2415.4,1952.0,0.027,,6035.0,1.21,1.13,0.05,7.3
MOA-2008-BLG-310L b,5.18,23.4,,1.1,,,,0.21,,0.925
Kepler-419 b,10.8,794.5,613.0,0.37,37.416,6430.0,1.74,1.39,0.176,3.5
HD 11964 c,5.38,25.0,,0.229,,5303.0,2.00971,0.91,0.1,0.882
CoRoT-6 b,13.068,940.74,1017.0,0.0855,,6090.0,1.025,1.05,-0.2,2.32
WASP-31 b,17.363,151.916,1423.7,0.04659,970.9417,6302.0,1.252,1.163,-0.2,0.172
HD 108236 f,2.017,4.72,,0.1758,,5660.0,0.877,0.869,-0.28,3.16
Kepler-59 c,1.98,3.81,752.0,0.13114,107.741,6074.0,0.94,1.04,-0.2,1.62
HD 154857 c,13.2,819.97,,5.36,,5605.0,1.76,1.718,-0.2,1.96
KOI-217 b,12.442,,1046.0,0.0477,272.033,5545.0,0.86,0.95,0.12,
Kepler-62 c,0.54,4.0,578.0,0.0929,28.489,4925.0,0.64,0.69,-0.37,
Kepler-62 b,1.31,9.0,750.0,0.0553,80.326,4925.0,0.64,0.69,-0.37,
CHXR 73 b,12.3,3994.486,,210.0,,3099.0,,0.35,,11.8
FU Tau b,12.2,5085.28,2375.0,800.0,,2838.0,,0.05,,15.4
GJ 667 C b,2.25,5.68,,0.050431,,3350.0,,0.33,-0.55,2.74
Kepler-59 b,1.1,4.1,864.0,0.09943,187.51,6074.0,0.94,1.04,-0.2,8.7
Kepler-53 b,2.89,111.0,701.0,0.1361,60.997,5858.0,0.89,0.98,0.0,1.18
HD 82943 c,13.4,622.603,,0.74345,,5935.0,1.1826,1.08,0.26,1.42
HD 82943 b,13.5,534.25,,1.18306,,5935.0,1.1826,1.08,0.26,1.19
UZ For b,,2002.2,,5.9,,5286.9,,0.7,,
Kepler-69 b,2.24,5.65,779.0,0.094,123.517,5638.0,0.93,0.81,-0.29,2.76
HIP 5158 c,12.2,4780.1632,,7.7,,4813.0,0.754089,0.78,0.17,14.5
HU Aqr AB b,12.8,1875.197,,3.6,,5952.0,,0.88,,4.91
Kepler-65 d,1.52,4.14,1117.0,0.084,394.549,6211.0,1.41,1.25,0.17,5.7
Kepler-52 c,1.84,45.4,433.0,0.10379,8.55,4075.0,0.52,0.54,0.0,20.0
Kepler-55 b,2.43,43.0,400.0,0.1593,6.642,4362.0,0.58,0.62,-0.01,16.5
UZ For c,,2447.2,,2.8,,5286.9,,0.7,,
Kepler-413 b,4.347,67.0,,0.3553,,4700.0,0.7761,0.82,-0.2,3.2
WASP-14 b,15.46842,2809.6172,1872.0,0.037,1356.33,6475.0,1.4,1.62,0.0,2.25
HAT-P-2 b,10.659759,2866.81223114,1540.0,0.06814,588.518,6380.0,1.39,1.33,0.18,7.29
HAT-P-42 b,14.348,331.801,1428.0,0.0575,684.0973,5743.0,1.53,1.178,0.27,0.61
WASP-59 b,8.687,274.276,670.0,0.0697,38.0328,4650.0,0.613,0.719,-0.15,2.4
HAT-P-39 b,17.609,190.372,1752.0,0.0509,1915.6934,6430.0,1.625,1.404,0.19,0.19
alf Ari b,13.4,572.07,,1.2,,4553.0,13.9,1.5,-0.09,1.31
KOI-55 b,0.759,0.44,,0.006,,27730.0,0.203,0.496,-0.106,5.53
GJ 536 b,2.41,6.37,451.0,0.0668,9.9,3641.0,0.529,0.528,-0.08,2.5
WTS-2 b,15.277867,355.9696,2000.0,0.01855,2544.6509,5000.0,0.752,0.82,0.2,0.54
KELT-6 c,13.0,1179.1493,,2.39,,6272.0,1.529,1.126,-0.27,2.95
KOI-55 c,0.867,0.655,,0.0076,,27730.0,0.203,0.496,-0.106,5.52
Ross 458 c,14.01125,1906.98,,1100.0,,3965.42,0.562566,0.556419,,3.81
Kepler-38 b,4.3,122.0,475.0,0.4632,,5623.0,1.752,0.941,-0.11,
ROXs 42 B b,12.5,2860.0,1975.0,157.0,,3433.0,1.33658,1.0,,8.05
Kepler-50 c,2.17,8.2,1125.0,0.087,388.444,6225.0,1.58,1.24,0.03,9.249213
HD 233604 b,12.7,2089.644,,0.747,,4791.0,10.9,1.5,-0.36,5.61
WD 0806-661 b,12.6,2542.627256,340.0,2500.0,,9552.0,,0.62,,6.98
Kepler-63 b,6.11,120.0,791.0,0.08,100.371,5576.0,0.901,0.984,0.05,3.0
Kepler-77 b,10.761,136.661,1440.0,0.04501,432.871,5520.0,0.99,0.95,0.2,0.603
HAT-P-44 c,13.0,1271.3,,1.752,,5295.0,0.949,0.942,0.33,3.18
HATS-5 b,10.223,75.323,1025.0,0.0542,183.2395,5304.0,0.871,0.936,0.19,0.39
HD 10180 d,,3295.88058059,,0.12859,,5911.0,1.109,1.06,0.08,
WTS-1 b,16.7,1274.44,1500.0,0.047,,6250.0,1.15,1.2,-0.5,1.61
CoRoT-26 b,14.12,165.26,1600.0,0.0526,,5590.0,1.79,1.09,0.01,0.28
CoRoT-25 b,12.11,85.81,1330.0,0.0578,,6040.0,1.19,1.09,-0.01,0.15
Kepler-186 b,1.07,1.24,571.0,0.0343,37.372,3788.0,0.472,0.478,-0.28,5.56
91 Aqr b,13.1,1017.0,,0.7,,4665.0,11.0,1.4,-0.03,2.49
GJ 163 b,3.25,10.6,,0.0607,,3500.0,0.409738,0.4,0.1,1.7
Kepler-27 c,4.9,4385.87,481.0,0.191,11.067,5400.0,0.59,0.65,0.41,
Kepler-27 b,4.0,2895.31,610.0,0.118,28.681,5400.0,0.59,0.65,0.41,
BD-06 1339 b,,1523.03372634,,0.0428,,4324.0,0.686355,0.7,-0.14,
Kepler-186 d,1.4,2.54,379.0,0.0781,7.204,3788.0,0.472,0.478,-0.28,5.09
Kepler-11 d,3.12,7.3,653.0,0.155,51.115,5663.0,1.065,0.961,0.05,1.28
Kepler-11 b,1.8,1.9,849.0,0.091,146.36,5663.0,1.065,0.961,0.05,1.72
Kepler-31 c,5.3,1493.7,615.0,0.26,35.254,6340.0,1.22,1.21,-0.076,0.73
Kepler-32 c,2.0,158.9,451.0,0.09,10.68,3900.0,0.53,0.58,0.0,0.33
Kepler-1735 b,1.19429134,1.84,502.0,0.0621,15.01,3975.0,0.509,0.535,-0.34,5.94
HD 66141 b,12.8,1906.9,,1.2,,4323.0,21.4,1.1,-0.323,5.0
HD 208527 b,12.5,3146.4,,2.1,,4035.0,51.1,1.6,-0.09,8.85
MOA-bin-1L b,13.0,1200.0,,8.3,,,,0.75,,3.0
GU Psc b,14.179,3591.3,1050.0,2000.0,,4031.81,0.450458,0.325,0.1,6.92
GJ 163 c,2.5,6.8,,0.1254,,3500.0,0.409738,0.4,0.1,2.39
GJ 163 d,5.92,29.4,,1.0304,,3500.0,0.409738,0.4,0.1,0.779
Kepler-32 d,2.7,39.9089,328.0,0.13,3.631,3900.0,0.53,0.58,0.0,0.52
Kepler-31 d,3.9,2161.244,484.0,0.4,11.8,6340.0,1.22,1.21,-0.076,0.077
HAT-P-45 b,15.984,283.492,1652.0,0.0452,1052.239,6330.0,1.319,1.259,0.07,0.38
HAT-P-44 b,13.922,111.871,1108.0,0.0507,185.119,5295.0,0.949,0.942,0.33,0.23
MOA-2010-BLG-073L b,12.4,3500.0,,1.21,,,,0.16,,10.1
HAT-P-27 b,11.43,197.05,1091.99,0.04,336.0384,5316.0,0.864673,0.916,0.3,0.76
DENIS-P J082303.1-491201 b,11.9,9057.77,,0.36,,,,0.075,,29.5
HIP 63242 b,12.5,2917.56,,0.565,,4830.0,10.275655,1.54,-0.31,8.21
Kepler-31 b,5.5,36.7418,781.0,0.16,91.474,6340.0,1.22,1.21,-0.076,0.78
Kepler-32 f,0.82,969.228,1026.0,0.013,349.645,3900.0,0.53,0.58,0.0,1.5
Kepler-424 c,12.7,2215.18,,0.73,,5460.0,0.94,1.01,0.44,5.94
KMT-2023-BLG-1896L b,4.19,16.35,,2.86,,,,0.72,,1.22
HD 190984 b,13.0,1137.82569706,,5.5,,5988.0,1.53,0.91,-0.48,2.85
Kepler-134 c,1.26,2.13,892.0,0.092,128.086,5983.0,1.176,0.956,-0.2067,5.85
Kepler-210 b,2.94,8.96,737.0,0.032,122.139,4559.0,0.65,0.77,0.2772,1.94
Kepler-422 b,12.89,136.66,1028.0,0.082,264.983,5972.0,1.24,1.15,0.23,0.38
Kepler-426 b,12.22,108.06,1300.0,0.0414,410.723,5725.0,0.92,0.91,-0.21,0.26
Kepler-16 b,8.4493,105.833,,0.7048,,4450.0,0.6489,0.6897,-0.3,0.964
KOI-94 d,11.27,106.0,806.0,0.1684,97.12,6182.0,1.52,1.277,0.0228,0.363
KOI-94 b,1.71,10.5,1486.0,0.05119,1053.181,6182.0,1.52,1.277,0.0228,10.1
Kepler-35 b,8.16,40.363,,0.60347,,5606.0,1.0284,0.8877,-0.34,0.41
HD 103774 b,13.3,116.0,,0.07,,6489.0,1.581047,1.335,0.28,0.271
HD 109271 b,4.31,17.162,,0.079,,5783.0,1.294595,1.047,0.1,1.18
Kepler-415 c,2.01,4.7,543.0,0.0695,26.237,4362.0,0.643,0.67,0.01,3.18
HD 50554 b,12.8,1859.29618095,,2.353,,5987.0,1.02,1.04,-0.04,4.87
Kepler-428 b,12.11,403.63,1070.0,0.0433,195.088,5150.0,0.8,0.87,0.09,1.02
Kepler-425 b,10.962,79.45,1070.0,0.0464,229.036,5170.0,0.86,0.93,0.24,0.27
WASP-70 A b,13.047,187.512,1387.0,0.04853,649.1548,5763.0,1.215,1.106,-0.006,0.499
KOI-94 e,6.56,35.0,584.0,0.3046,29.7,6182.0,1.52,1.277,0.0228,0.6
Kepler-396 c,5.3,17.9,390.0,0.38946,5.244,5656.0,1.06,0.85,0.1558,0.661
MOA-2010-BLG-477L b,13.6,480.0,,2.0,,5950.0,,0.67,,1.05
HD 166724 b,13.0,1207.7479466,,5.42,,5127.0,0.797485,0.81,-0.09,3.02
Kepler-122 f,1.75,36.0,543.0,0.28575,21.524,5917.0,0.949,1.03,-0.08,36.9
Kepler-96 b,2.67,8.46,711.0,0.1261,57.524,5690.0,1.02,1.0,0.04,2.26
KOI-13 b,16.948008,2949.4624,2550.0,0.03641,25339.901,7650.0,1.74,1.72,0.2,3.6
Kepler-17 b,14.68,778.65,1570.0,0.02591,1481.766,5781.0,1.01034,1.04,0.26,1.35
CoRoT-23 b,11.77,889.9,1660.0,0.048,,5900.0,1.61,1.14,0.05,3.0
BD+20 274 b,13.0,1334.886,,1.3,,4296.0,17.3,0.8,-0.46,3.34
HD 219415 b,13.8,317.83,,3.2,,4820.0,2.9,1.0,-0.04,0.665
HD 150706 b,13.3,772.32302901,,6.7,,5961.0,0.96,1.17,-0.01,1.8
OGLE-2011-BLG-0251L b,14.2,170.0,,2.72,,,,0.26,,0.326
Kepler-414 c,3.01,29.9,890.0,0.07195,137.086,5536.0,0.946,0.89,0.18,6.02
Kepler-42 c,0.73,60.337,720.0,0.006,82.125,3068.0,0.17,0.13,-0.33,98.0
Kepler-33 c,3.2,0.39,1009.0,0.1189,241.759,5904.0,1.82,1.291,0.025,0.13
Kepler-641 b,1.85,4.08,926.0,0.0895,311.788,5713.0,1.13,1.02,0.15,3.54
Kepler-410 A b,2.838,8.44,866.0,0.1226,159.5,6273.0,1.352,1.214,0.01,2.03
Kepler-314 c,2.9,8.75,890.0,0.064,149.977,5378.0,0.95,0.99,0.322,1.97
Kepler-415 b,1.21,119.9,694.0,0.0426,69.834,4362.0,0.643,0.67,0.01,372.0
Kepler-338 e,1.56,8.5,1143.0,0.08979,428.524,5999.0,1.735,1.14,-0.029,12.3
Kepler-33 e,4.02,5.57,752.0,0.2138,74.72,5904.0,1.82,1.291,0.025,0.8
Kepler-33 b,1.74,3.68,1336.0,0.0677,744.011,5904.0,1.82,1.291,0.025,3.84
Kepler-46 c,13.5,119.499,455.0,0.2799,,5155.0,0.938,0.902,0.41,0.267
Kepler-318 b,4.71,19.9,1039.0,0.056,333.149,5746.0,1.189,1.073,0.332,1.05
Kepler-314 b,0.83,0.498,1195.0,0.035,488.674,5378.0,0.95,0.99,0.322,4.79
Kepler-46 b,9.057,1907.0,543.0,0.1968,10.9,5155.0,0.938,0.902,0.41,14.0
USco CTIO 108 b,12.3,4449.62,,670.0,,2700.0,0.345365,0.06,,13.1
Kepler-130 c,2.9,8.75,683.0,0.178,46.011,5879.0,1.17,1.0,0.02,1.97
Kepler-418 b,13.45,349.6112477,434.0,0.39249,8.877,5820.0,1.09,0.98,-0.05,
Kepler-33 f,4.46,9.6,691.0,0.2535,53.183,5904.0,1.82,1.291,0.025,0.9
Kepler-33 d,5.35,3.91,853.0,0.1662,123.691,5904.0,1.82,1.291,0.025,0.25
HD 155358 c,13.9,261.0,,1.02,,5900.0,1.38,0.92,-0.51,0.534
Kepler-52 b,2.1,135.0,553.0,0.0637,22.72,4075.0,0.52,0.54,0.0,3.35
V0391 Peg b,13.1,1017.056,,1.7,,29300.0,0.23,0.5,,2.49
Kepler-62 e,1.61,36.0,270.0,0.427,1.352,4925.0,0.64,0.69,-0.37,
HD 197037 b,13.9,251.0,,2.07,,6150.0,1.105,1.11,-0.2,0.514
CFBDSIR J145829+101343 b,12.4,3337.1,370.0,2.6,,580.5,,0.021,,9.62
Kepler-269 b,2.47,6.66,1007.0,0.061,604.9,5847.0,0.959,0.92,0.4,2.43
Kepler-300 c,2.25,5.69,516.0,0.232,43.248,5986.0,0.9,1.07,0.04,2.74
Kepler-149 d,3.96,14.9,306.0,0.571,2.446,5381.0,0.953,1.013,0.3805,1.32
Kepler-124 d,1.11,1.41,428.0,0.17,10.499,4984.0,0.636,0.706,-0.46,5.67
Kepler-276 d,2.8,16.3,489.0,0.24666,11.274,5693.0,1.03,1.1,-0.29,0.76
Kepler-114 c,1.6,2.8,507.0,0.06482,51.623,4660.0,0.54,0.56,0.2291,1.18
WASP-83 b,11.65736,95.349,1120.0,0.059,238.875,5510.0,1.05,1.11,0.29,0.35
WASP-89 b,11.65736,1875.197,1120.0,0.0427,278.8533,5130.0,0.88,0.92,0.15,7.0
Kepler-402 c,1.56,3.05,1140.0,0.068,353.973,6090.0,1.264,1.072,-0.08,4.41
Kepler-157 b,1.32,2.3,1546.0,0.028,1572.309,5774.0,1.044,0.95,-0.0593,5.5
HATS-6 b,11.186582,101.38777,712.8,0.03623,47.3315,3724.0,0.57,0.574,0.2,0.399
Kepler-450 c,2.62,12.5,944.0,0.13351,213.731,6197.21,1.64162,1.19,0.1278,8.8
Kepler-81 c,2.37,4.3,502.0,0.08347,15.62,4385.0,0.59,0.64,-0.18,1.77
Kepler-412 b,15.031269,299.07803,1850.0,0.02897,2144.307,5750.0,1.287,1.167,0.27,0.52
Kepler-92 b,3.51,64.3,975.0,0.12232,257.776,5883.0,1.7,1.21,0.1381,2.098071
Kepler-288 c,2.85,8.5,815.0,0.14,53.148,5918.0,1.091,0.842,-0.24,2.02
Kepler-295 b,1.22,1.98,741.0,0.099,287.5,5603.0,0.898,0.89,-0.03,5.99
Kepler-178 d,3.95,14.8,392.0,0.397,3.874,5676.0,1.066,0.852,-0.04,1.32
Kepler-44 b,12.22,317.82,1544.0,0.0446,1109.223,5800.0,1.35,1.12,0.15,0.93
Kepler-41 b,14.46,177.98,1790.0,0.03101,2036.749,5750.0,1.29,1.15,0.38,0.33
Kepler-450 d,0.837,17.6,1199.0,0.0827,557.205,6197.21,1.64162,1.19,0.1278,77.0
POTS-1 b,10.548,734.16,,0.03734,,4400.0,0.588,0.695,-0.03,3.44
Kepler-350 d,2.8,14.9,782.0,0.1786,83.237,6492.3,1.25,1.0,0.041,2.69
Kepler-238 f,2.0,13.5,568.0,0.28635,35.869,5800.0,0.96,1.06,0.34,1.7
Kepler-287 c,3.26,66.0,513.0,0.246,12.457,5806.0,1.032,0.963,0.117,15.4
Kepler-285 b,1.34,2.36,1131.0,0.036,428.407,5411.0,0.808,0.915,0.17,5.39
Kepler-181 b,1.27,2.15,1041.0,0.04,255.584,5333.0,0.749,0.81,-0.04,5.77
Kepler-1398 c,1.03,1.08,1324.0,0.05087,738.183,6126.0,1.18,1.13,0.01,5.43
WASP-24 b,15.46842,394.1092,1772.0,0.03651,934.465,6075.0,1.42,1.43,0.0,0.622
WASP-21 b,11.99,95.345,1333.0,0.052,705.0438,5800.0,1.06,1.01,-0.22,0.32
TOI-237 b,1.44,2.67,388.0,0.0341,3.7,3212.0,0.211,0.179,,4.91
K2-237 b,16.06246934,434.15360396,1759.0,0.03552,1860.0,6180.0,1.236,1.256,0.337,0.577
Kepler-284 b,2.24,5.65,686.0,0.104,38.366,5615.0,0.814,0.766,-0.26,2.76
Kepler-654 b,2.07,4.94,831.0,0.11664,229.311,5865.0,1.11,1.04,0.04,3.06
Kepler-199 c,3.25,10.6,420.0,0.316,7.885,5644.0,0.967,0.96,0.0,1.7
Kepler-214 b,2.61,7.32,758.0,0.13,196.402,6169.0,1.352,1.11,-0.02,2.26
Kepler-87 b,13.49,324.2,478.0,0.481,9.203,5600.0,1.82,1.1,-0.17,0.729
Kepler-75 b,11.77,3209.9,767.0,0.0818,106.484,5200.0,0.89,0.91,0.3,11.0
Kepler-74 b,10.76,200.22,1078.0,0.0781,337.682,6000.0,1.12,1.18,0.42,0.88
Kepler-145 c,4.32,79.4,709.0,0.26244,67.193,6022.0,1.85,1.32,-0.0014,2.58
Kepler-328 b,2.3,28.5,602.0,0.2199,57.079,6064.0,1.06,1.15,0.08,7.8
Kepler-115 c,2.6,7.27,960.0,0.087,209.101,5979.0,1.205,1.042,-0.0499,2.27
Kepler-341 c,1.7,3.53,940.0,0.08,237.43,6012.0,1.024,0.976,0.07,3.95
Kepler-225 b,1.2,1.87,579.0,0.056,38.883,3682.0,0.48,0.593,-0.04,5.95
Kepler-871 b,3.74,13.5,640.0,0.1572,79.722,5993.0,1.14,1.11,0.09,1.42
Kepler-56 c,9.8,181.0,1087.0,0.1652,317.206,4840.0,4.23,1.32,0.2,1.06
XO-5 b,12.78,378.2,1230.0,0.0515,397.4799,5430.0,1.13,1.04,0.05,1.06
Kepler-447 b,18.49,435.41,882.0,0.0769,119.039,5493.0,1.05,1.0,0.07,0.4
Kepler-216 b,2.35,6.12,1069.0,0.079,540.034,6091.0,1.26,1.126,-0.1489,2.59
Kepler-259 c,2.7,7.75,530.0,0.217,15.054,5938.0,0.898,0.867,-0.09,2.16
Kepler-293 b,3.07,9.64,657.0,0.144,28.944,5804.0,0.957,0.934,0.1,1.83
Kepler-291 b,2.16,5.31,1212.0,0.047,627.374,6002.0,1.016,1.023,0.23,2.9
Kepler-242 c,2.0,4.66,613.0,0.109,20.498,5020.0,0.85,0.748,-0.02,3.2
Kepler-240 b,1.37,2.45,864.0,0.048,142.736,4985.0,0.739,0.868,0.41,5.24
Kepler-56 b,6.51,22.1,1378.0,0.1028,819.245,4840.0,4.23,1.32,0.2,0.442
WASP-16 b,13.67498,394.1092,1389.0,0.0415,481.917,5700.0,1.14,1.78,0.01,0.572
WASP-17 b,20.96083,247.9074,1755.0,0.0515,1292.19,6550.0,1.49,2.28,-0.25,0.082
WASP-18 b,13.89913607,3241.8497514,2429.0,0.02024,5805.0,6432.0,1.319,1.294,0.107,6.6
HAT-P-54 b,10.581296,241.5508,818.0,0.04117,88.6713,4390.0,0.617,0.645,-0.127,1.118
Kepler-148 c,3.6,12.6,957.0,0.05,187.197,5272.0,0.851,0.86,0.14,1.48
Kepler-179 b,1.64,3.33,1075.0,0.036,360.262,5302.0,0.759,0.893,0.12,4.15
Kepler-303 b,0.89,0.64,802.0,0.024,145.436,3944.0,0.485,0.575,-0.4136,4.99
Kepler-260 b,2.01,4.7,782.0,0.075,132.134,5250.0,0.862,1.013,0.29,3.18
Kepler-226 b,1.55,24.0,1018.0,0.047,270.402,5571.0,0.802,0.904,0.09,35.4
WASP-26 b,13.56289,270.1555,1650.0,0.04,1225.5264,6034.0,1.22,0.86,0.16,0.703
WASP-33 b,17.855937,665.21819,2781.7,0.0239,9392.0471,7430.0,1.444,1.495,0.1,0.689
HATS-14 b,11.646151,340.39593,1276.0,0.03815,505.884,5346.0,0.933,0.967,0.33,1.191
Kepler-165 c,2.23,5.6,581.0,0.11,25.931,5211.0,0.77,0.746,-0.25,2.77
Kepler-197 d,1.22,1.98,810.0,0.119,109.091,6004.0,1.12,0.857,-0.441,5.99
Kepler-125 b,2.37,6.21,590.0,0.041,33.184,3810.0,0.512,0.542101,-0.14,2.56
Kepler-306 c,2.35,6.12,716.0,0.067,70.449,4954.0,0.719,0.75,-0.13,2.59
KOI-351 e,2.66,7.56,450.0,0.42,10.228,6080.0,1.2,1.2,-0.12,2.21
KOI-351 c,1.19,1.81,987.0,0.089,236.315,6080.0,1.2,1.2,-0.12,5.9
Kepler-222 c,4.64,19.4,734.0,0.091,59.076,5433.0,0.869,0.933,0.33,1.07
Kepler-184 d,2.49,6.76,559.0,0.179,18.557,5788.0,0.873,0.872,-0.1958,2.41
Kepler-309 b,1.56,3.05,531.0,0.059,99.493,4713.0,0.721,0.816,0.27,4.41
Kepler-696 b,6.14,31.3,1234.0,0.0535,607.525,5903.0,1.08,1.06,0.07,0.743
Kepler-11 f,2.49,2.0,513.0,0.25,19.53,5663.0,1.065,0.961,0.05,0.69
Kepler-11 e,4.19,8.0,582.0,0.195,32.34,5663.0,1.065,0.961,0.05,0.58
Kepler-11 g,3.33,25.0,376.0,0.466,5.65,5663.0,1.065,0.961,0.05,4.0
Kepler-166 c,2.38,6.26,468.0,0.195,10.507,5413.0,0.742,0.811,-0.08,2.55
Kepler-275 b,2.34,6.08,1015.0,0.098,266.3,6165.0,1.383,1.189,0.08,2.61
Kepler-1298 b,1.31,2.27,1373.0,0.0814,1003.027,6339.0,2.0,1.45,0.13,5.55
Kepler-11 c,2.87,2.9,786.0,0.107,107.224,5663.0,1.065,0.961,0.05,0.66
WASP-57 b,11.76945,204.68252,1338.0,0.03769,702.385,5600.0,0.927,0.886,-0.25,0.693
HAT-P-50 b,14.437192,429.0705,1862.0,0.0453,2108.4362,6280.0,1.698,1.273,-0.18,0.78
MOA-2008-BLG-379L b,13.0,1300.0,,2.7,,,,0.56,,3.25
HD 13908 b,13.9,274.91,,0.154,,6255.0,1.67,1.29,0.01,0.562
Kepler-108 b,8.65,56.0,669.0,0.292,47.4,5854.0,2.192,1.247,0.3261,0.475
Kepler-264 b,3.33,11.1,772.0,0.249,79.478,6158.0,1.55,1.426,0.0469,1.65
Kepler-279 b,3.62,4180.93,1104.0,0.112,249.021,6363.0,1.746,1.2,-0.1141,165.0
Kepler-286 c,1.37,2.45,1098.0,0.042,353.0,5580.0,0.863,0.83,-0.25,5.24
GJ 667 C c,1.77,3.8,,0.125,,3350.0,,0.33,-0.55,3.77
HD 13908 c,12.8,1630.4,,2.03,,6255.0,1.67,1.29,0.01,4.27
HD 159243 b,13.7,359.13,,0.11,,6123.0,1.12,1.125,0.05,0.767
Kepler-261 b,2.18,5.39,672.0,0.088,45.779,5098.0,0.794,0.834,0.1621,2.86
HIP 57274 c,14.2,130.0,,0.178,,4640.0,0.68,0.73,0.09,0.249
Kepler-292 d,2.23,5.6,808.0,0.068,103.005,5299.0,0.826,0.865,0.04,2.77
GJ 667 C f,1.45,2.7,,0.156,,3350.0,,0.33,-0.55,4.87
HD 73526 c,13.3,715.09,,1.03,,5601.0,1.53,1.014,0.22,1.67
HD 106906 b,12.4,3496.0,1800.0,650.0,,6516.0,2.12351,1.5,0.04,10.1
Kepler-119 b,3.6,12.6,1213.0,0.035,745.285,5595.0,0.839,0.918,0.01,1.48
HD 220074 b,12.2,5288.6912,,1.6,,3787.0,54.92,2.2,-0.25,16.0
Kepler-343 b,2.41,6.39,1024.0,0.088,206.072,5807.0,1.433,1.055,0.1445,2.51
Kepler-282 d,2.46,61.0,588.0,0.15837,52.348,5656.0,0.89,0.97,-0.2,22.5
Kepler-273 b,1.5,2.86,1209.0,0.037,285.636,5626.0,0.815,0.756,-0.28,4.66
Kepler-677 b,5.38,25.0,1015.0,0.067,683.274,5723.0,0.99,1.0,0.06,0.882
Kepler-306 b,1.52,2.92,830.0,0.05,127.255,4954.0,0.719,0.75,-0.13,4.57
Kepler-267 d,2.27,5.77,301.0,0.154,2.647,4258.0,0.555,0.541571,-0.18,2.71
DP Leo b,12.7,1995.88832,,8.19,,13500.0,0.0115,0.69,,5.35
HAT-P-34 b,13.417173,1058.3739,1520.0,0.06774,433.78,6442.0,1.53,1.392,0.22,2.5
WASP-37 b,13.002,572.07,1232.5,0.0446,545.3338,5800.0,1.003,0.925,-0.4,1.53
WASP-90 b,18.27067,200.2329,1840.0,0.0562,1704.4939,6430.0,1.98,1.55,0.11,0.193
K2-26 b,2.67,7.61,430.0,0.0962,5.8,3785.0,0.52,0.56,-0.13,2.2
Kepler-276 c,2.9,16.6,563.0,0.18619,19.793,5693.0,1.03,1.1,-0.29,0.89
Kepler-305 b,3.6,10.5,836.0,0.05746,112.914,5080.0,0.8,0.76,0.09,1.24
Kepler-266 b,2.48,6.71,1066.0,0.071,230.403,5885.0,1.028,0.947,0.16,2.42
Kepler-121 c,2.27,5.77,425.0,0.216,7.296,5311.0,0.701,0.859,-0.08,2.71
Kepler-338 d,3.0,9.27,680.0,0.257,53.556,5923.0,1.735,1.105,-0.029,1.89
2MASS J01225093-2439505 b,11.209,7786.5,1600.0,52.0,,3530.0,0.36645,0.4,,30.4
WASP-52 b,14.24,146.2,1315.0,0.0272,605.7625,5000.0,0.79,0.87,0.03,0.29
WASP-75 b,14.235,340.06,1710.0,0.0375,1657.0,6100.0,1.26,1.14,0.07,0.69
WASP-135 b,14.5717,603.877,1403.66,0.0243,917.4101,5675.0,0.96,0.98,0.02,1.16
Kepler-126 d,2.5,54.59018723,475.0,0.448,14.714,6239.0,1.358,1.108,-0.16,18.398878
Kepler-381 c,1.12,1.46,1180.0,0.117,225.331,6152.0,1.568,1.144,-0.2016,5.71
Kepler-249 d,1.57,3.09,332.0,0.097,4.474,3568.0,0.482,0.510238,-0.34,4.39
Kepler-254 d,2.5,6.8,686.0,0.139,38.844,5957.0,0.91,0.849,-0.13,2.39
Kepler-363 d,2.05,4.86,905.0,0.107,203.761,5593.0,1.485,1.226,0.3965,3.1
Kepler-366 b,1.46,2.73,1326.0,0.045,1873.311,6209.0,1.048,1.088,-0.06,4.82
Kepler-141 b,0.69,0.257,968.0,0.039,228.663,4910.0,0.787,0.878,0.2643,4.3
Kepler-142 d,2.16,5.31,582.0,0.242,22.072,5790.0,1.269,0.978,0.05,2.9
Kepler-400 b,1.65,3.36,939.0,0.087,183.39,5886.0,1.145,1.08,0.0844,4.11
Kepler-204 c,1.79,3.86,683.0,0.173,36.886,5812.0,1.238,1.038,0.07,3.7
WASP-41 c,13.1,1010.6994,241.0,1.07,,5545.0,0.87,0.93,0.06,2.47
Kepler-312 c,3.15,10.1,754.0,0.153,165.824,6115.0,1.467,1.314,0.15,1.78
Kepler-286 d,1.33,2.33,919.0,0.061,173.9,5580.0,0.863,0.83,-0.25,5.44
Kepler-91 b,15.322703,257.4423,2040.0,0.0731,3273.324,4550.0,6.3,1.31,0.11,0.4
HD 176986 d,2.49,6.76,363.0,0.28149,4.09,4931.0,0.782,0.789,0.03,2.41
Kepler-354 b,1.84,4.04,741.0,0.054,64.845,4648.0,0.674,0.652,-0.03,3.56
Kepler-368 b,3.26,10.7,800.0,0.186,107.58,5502.0,2.019,1.165,0.03,1.7
Kepler-135 b,1.81,3.93,1209.0,0.067,496.678,6090.0,1.275,1.047,-0.105,3.64
Kepler-383 b,1.32,2.3,545.0,0.095,20.91,4710.0,0.672,0.669,-0.1785,5.5
HAT-P-66 b,17.82231,248.86089,1896.0,0.04363,1939.51,6002.0,1.881,1.255,0.035,0.242
WASP-118 b,16.14096,163.36462,1729.0,0.05453,6586.47,6410.0,1.696,1.32,0.16,0.233
WASP-7 b,14.90797,305.1168,1487.0,0.0617,612.686,6400.0,1.432,1.276,0.0,0.55
XO-4 b,14.01125,451.3186,1630.0,0.05524,1112.27,6397.0,1.45,1.1,-0.04,0.83
KELT-2 A b,15.13215,540.311,2080.0,0.05497,3108.45,6327.0,1.93,1.54,0.0,0.91
K2-30 b,11.646151,184.02357,1092.0,0.04839,299.0,5425.0,0.844,0.9,-0.15,0.64
WASP-101 b,16.02887,162.0933,1560.0,0.05057,1089.171,6380.0,1.31,1.41,0.2,0.24
Kepler-104 c,3.13,7.14430805,668.0,0.153,45.438,5711.0,1.349,0.818,-0.42,2.994855
Kepler-369 c,1.41,2.57,391.0,0.094,4.21,3591.0,0.471,0.5,-0.09,5.04
Kepler-371 b,1.89,4.23,554.0,0.2,41.737,5666.0,0.992,0.876,-0.1975,3.44
Kepler-147 b,1.53,2.96,953.0,0.113,224.61,6012.0,1.468,1.145,0.1,4.54
Kepler-132 d,1.55,3.02,758.0,0.136,68.6,6003.0,1.178,0.929,-0.2159,4.46
Kepler-208 c,1.39,2.51,1141.0,0.079,300.165,6092.0,1.314,1.082,-0.0423,5.14
Kepler-487 c,2.68,7.65,487.0,0.21864,15.038,5444.0,0.88,0.91,0.0,2.18
Kepler-316 c,1.16,1.65,577.0,0.058,37.377,4204.0,0.52,0.587,-0.23,5.81
Kepler-313 b,2.53,6.94,883.0,0.125,142.4,5727.0,1.536,1.114,0.26,2.35
Kepler-372 c,2.09,5.02,755.0,0.154,91.881,6509.0,1.137,1.202,-0.13,3.02
Kepler-373 b,1.36,2.42,1054.0,0.06,453.872,5787.0,0.845,0.981,0.14,5.29
HD 176986 c,,2097.98531461,558.0,0.11873,22.9,4931.0,0.782,0.789,0.03,
Kepler-151 c,2.09,5.02,544.0,0.16,21.407,5460.0,0.83,0.87,0.1245,3.02
Kepler-386 c,1.58,3.12,513.0,0.155,16.657,5178.0,0.767,0.825,0.07,4.35
Kepler-215 c,1.77,3.78,675.0,0.113,57.694,5739.0,1.027,0.788,-0.4425,3.75
Kepler-404 b,1.27,2.15,730.0,0.102,44.534,5654.0,0.884,0.86,-0.03,5.77
TIC 393818343 b,12.18416202,1379.37528638,805.5,0.1291,2.28,5756.0,1.086,1.082,0.318,4.22
NN Ser d,13.3,724.622,,3.39,,57000.0,,0.535,,1.69
Kepler-68 b,2.357,8.03,1275.0,0.06135,441.0,5847.0,1.2564,1.057,0.11,3.37
K2-368 c,1.361,2.42,,,,4663.0,0.663,0.746,-0.25,5.27
Teegarden's Star b,1.05,1.16,277.0,0.0259,1.08,3034.0,0.12,0.097,-0.11,5.51
TOI-5634 A b,10.42,588.0,837.0,0.0272,77.0,3896.0,0.54,0.556,-0.27,
TOI-6420 b,11.93756445,2606.1929374,1213.0,0.0753,106.619,6020.0,1.312,1.165,0.24,8.4
TOI-2346 b,16.11851425,394.10722468,1689.0,0.0473,1360.0,6480.0,1.38,1.271,-0.03,0.52
Kepler-970 b,2.609,7.31,464.0,0.139,11.111,4290.0,0.71,0.67,0.04,2.26
TOI-5388.01,0.99,2.2,488.0,0.024335855,3.3023,3440.0,0.3,0.292,-0.36,11.9
HIP 113103 b,1.829,4.0,721.0,0.06899,,4930.0,0.742,0.761,-0.1,3.59
TOI-1777.01,2.246,5.67,580.0,0.119466,71.34,5859.0,0.98,1.06,,2.75
TOI-544 c,4.92,21.5,,,,4169.0,0.623,0.631,-0.17,0.992
Kepler-164 d,2.45,6.57,637.0,0.187,35.89,5888.0,1.148,1.036,0.0,2.45
HD 28109 d,3.11,5.8,561.0,0.411,17.3745,6189.0,1.425,1.227,0.1,1.1
GJ 9827 c,1.13,1.86,715.94,0.0395,73.0,4236.0,0.58,0.62,-0.29,7.142
HD 134606 e,1.33,2.34,,0.0527,,5576.0,1.158,1.046,0.343,5.47
Kepler-454 b,2.37,5.4,916.0,0.09528,117.7,5687.0,1.066,1.03,0.32,2.23
Kepler-311 c,1.43,2.63,744.0,0.145,72.456,5905.0,1.188,0.994,-0.03,4.94
TIC 279401253 b,11.2089807,1951.46641898,,0.369,,5951.0,1.06,1.13,0.2,7.61
Kepler-37 c,0.755,1.3,615.0,0.139,23.9,5357.0,0.789,0.79,-0.36,15.0
Kepler-139 d,1.695,2.0,972.0,0.0755533961,172.3,5622.0,1.045,1.078,0.35,5.270467
HD 14067 b,12.2,4862.7746271,,5.15,,4815.0,12.4,2.4,-0.1,14.7
GJ 367 d,2.33,6.03,,,,3522.0,0.458,0.455,-0.01,2.62
TOI-6109 b,4.8704,21.1,700.0,0.0599,39.9451,5660.0,1.021,1.03,0.0895,1.0
Kepler-19 c,3.68,13.1,,0.1765736996,,5544.0,0.859,0.936,-0.08,1.44
HD 79181 b,14.1,203.41018048,,0.9,,4862.0,11.06,1.28,-0.28,0.399
TOI-871 b,1.664,3.41,621.0,0.1054,24.78,4929.0,0.719,0.758,-0.07,4.07
TOI-1659.01,2.255,5.71,1031.14,0.065757,268.44,5977.0,1.006,1.1,,2.74
Kepler-19 d,5.06,22.5,,,,5544.0,0.859,0.936,-0.08,0.954
Kepler-619 d,4.17,16.2,830.0,0.1021,112.07,6122.0,0.964,1.041,-0.18,1.23
HD 28471 d,2.06,4.91,945.0,0.1,,5766.0,1.08,0.98,-0.04,3.09
TOI-2084 b,2.47,6.66,527.0,0.05006,12.8,3551.0,0.475,0.453,-0.13,2.43
WASP-132 d,12.8,1639.99458012,107.0,2.71,0.0363,4686.0,0.758,0.789,0.15,4.3
HD 134606 b,2.97,9.09,,0.1046,,5576.0,1.158,1.046,0.343,1.91
HD 27894 c,8.24,51.48846,,0.198,,4875.0,0.891767,0.8,0.3,0.506
Kepler-1518 c,2.9,8.75,1094.0,0.0905,338.33,6432.0,1.345,1.06,-0.34,1.97
TOI-1691 b,3.66,14.6,703.49,0.129365,59.13,5759.0,1.0,1.03,0.052,1.76
TOI-5076 b,3.48935569,16.14568308,550.0,0.1481,12.8373,4780.0,0.844,0.789,0.082,2.08
TIC 147027702 b,10.92875618,346.43296363,863.0,0.274,,6410.0,2.136,1.406,-0.08,1.5666
Kepler-138 d,1.51,2.1,345.0,0.1288,3.4,3841.0,0.535,0.535,-0.18,3.6
HD 27894 d,12.7,2063.65984665,,5.362,,4875.0,0.891767,0.81,0.3,5.54
TOI-2986 b,9.292245,96.61983573,1622.0,0.04489,1156.0,5906.0,1.458,1.122,0.095,0.66
K2-222 b,2.275,7.5,803.0,0.1186,95.0,5942.0,1.072,0.94,-0.315,3.721139
HD 196067 c,3.21,10.4,,,,6072.0,1.71,1.16,0.213,1.73
CoRoT-7 b,1.68135,4.07660518,1756.0,0.017016,,5275.0,0.83,0.82,0.05,9.355
K2-385 b,1.539,2.98,,,,4844.0,0.761,0.927,-0.224,4.49
TOI-2969 b,12.32987877,368.68095212,1186.0,0.0261,382.0,4738.0,0.7,0.71,0.08,1.1
K2-334 b,5.65,27.2,1380.0,,832.2294,6502.0,1.49,1.36,0.17,0.829
HD 62364 c,12.0,7923.46218651,,36.984,,6255.0,1.401,1.19,-0.11,25.2
WASP-154 b,10.76062147,198.96058278,994.0,0.044,162.0,4774.0,0.823,0.8,0.2,0.88
TOI-700 e,0.953,0.818,272.9,0.134,1.27,3459.0,0.421,0.415,-0.07,5.19
TOI-2458 b,2.83,13.31,1509.4,0.0482,865.0,6005.0,1.31,1.05,-0.1,3.23
KELT-3 b,17.48604,616.5902,1816.0,0.04123,1704.57,6304.0,1.7,1.96,0.05,0.75
Kepler-1990 c,0.98,0.904,1170.0,0.0504,442.08,5751.0,1.071,1.028,0.21,5.28
Kepler-290 d,0.86,0.566,1589.0,0.0154,1503.79,5142.0,0.755,0.84,-0.06,4.89
HD 120084 b,12.7,2034.1018048,,4.21,,4879.0,10.37,2.16,0.1,5.46
Gl 725 A b,1.48,2.78,,0.068,,3433.0,0.351,0.33,-0.19,4.71
TOI-5292 A b,12.64373023,412.85910069,809.0,0.0279,102.0,3919.0,0.611,0.596,0.33,1.12
HD 4732 b,13.4,631.2072163,,1.129,,4898.0,5.03,1.39,-0.01,1.44
GJ 680 b,12.0,7977.4930157,,10.138,,3563.0,0.45933,0.456,,25.4
TOI-4638.01,2.933,8.92,779.83,0.093013,87.81,5700.0,0.895,1.02,,1.94
HD 134606 c,3.37,11.31,,0.3007,,5576.0,1.158,1.046,0.343,1.62
TOI-1694 b,5.3422266,31.3,943.19,0.045,195.2882,5058.0,0.8036,0.853,0.131,1.13
TOI-6324 b,1.059,1.17,1216.0,,284.211,3247.0,0.293,0.269,-0.32,5.41
KMT-2021-BLG-2294L b,5.02,22.24798849,,1.15,,,,0.14,,0.966
TOI-1422 b,3.83,9.5,870.0,0.107,90.5151,5840.0,1.019,0.9903,-0.028,0.93
K2-346 b,2.26,5.73,450.0,,8.8138,4801.0,0.7,0.71,-0.18,2.73
TOI-1347 b,1.8,11.1,1400.0,0.0171,1876.1315,5464.0,0.83,0.913,0.04,9.9
GJ 1252 b,1.193,1.32,1089.0,0.00915,233.0,3458.0,0.391,0.381,0.1,4.2
HD 10975 b,14.3,143.02278315,,0.95,,4840.0,11.16,1.41,-0.21,0.269
HD 152843 c,5.94,9.67,253.08,0.1482,133.1,6310.0,1.43,1.15,-0.16,0.253
HD 2952 b,13.9,284.77425267,,1.117,,4853.0,10.9,1.91,0.0,0.583
HIP 41378 c,2.727,4.4,757.0,,54.0,6320.0,1.273,1.16,-0.1,1.19
TOI-4342 b,2.329,7.3,639.0,0.0519,27.8,3866.0,0.598,0.587,0.26,3.18
WASP-107 b,10.53646,30.51152707,736.0,0.055,51.0,4425.0,0.657,0.683,0.02,0.134
Kepler-1997 b,2.28,5.82,660.0,0.1815,44.86,6215.0,1.052,1.111,-0.06,2.7
Kepler-109 b,2.49,4.9,1276.0,0.0701,442.0,5950.0,1.387,1.094,-0.02,1.7
TOI-5678 b,4.91,20.0,513.0,0.249,3.8369,5485.0,0.938,0.905,0.0,0.928
K2-268 e,1.33,2.33,801.0,,,5106.0,0.78,0.84,0.03,5.44
PZ Tel b,11.9,8581.366989,,27.0,,5169.0,1.25646,1.36,,28.0
LHS 475 b,0.991,0.941,586.0,0.02037,20.8,3300.0,0.2789,0.262,,5.31
TOI-836.01,2.587,9.6,665.0,0.075,26.707,4552.0,0.665,0.678,-0.284,3.06
HD 217107 c,12.9,1388.91013859,,5.922,,5622.0,1.2245,1.045,0.37,3.56
TOI-500 c,2.09,5.03,,,,4440.0,0.678,0.74,0.12,3.03
HIP 75092 b,13.5,568.91284853,,2.02,,4891.0,4.53,1.28,-0.01,1.27
K2-350 b,1.54,2.99,1158.0,,,5789.0,1.04,0.98,-0.02,4.5
Kepler-952 b,7.65,45.4,369.0,0.5183,5.046,5730.0,0.99,1.0,0.06,0.557
TOI-2196 b,3.51,26.0,1860.0,0.02234,2000.0,5634.0,1.043,1.032,0.14,3.31
Kepler-1814 b,2.36961357,6.21,1022.0,0.03765,216.9,4922.0,0.823,0.79,0.2,2.56
HD 66428 b,12.4,3478.94974302,,3.395,,5716.0,1.13,1.01,0.23,10.0
HD 181433 b,,1708.64551603,,0.0828,,4918.0,0.79,0.86,0.4012,
NGTS-16 b,14.57167491,211.99154747,1177.0,0.0523,480.0,5550.0,1.213,1.002,0.35,0.38
WASP-50 b,13.069694,466.828704,1394.84,0.0293,690.3398,5400.0,0.843,0.892,-0.12,1.325
TOI-4504 b,2.691,7.71,1234.03,0.03392,548.0544,5315.0,0.92,0.89,0.16,2.17
HD 145457 b,13.2,888.01256916,,0.762,,4757.0,9.9,1.9,-0.14,2.12
K2-380 b,2.729,7.89,,,,5911.0,1.32,0.993,-0.049,2.13
HD 167768 b,13.9,270.15414595,,0.1512,,4851.0,9.7,1.08,-0.67,0.553
Kepler-139 e,13.7,378.0,,3.23579639,,5622.0,1.045,1.078,0.35,0.808
TOI-4504 d,13.6,450.23572136,,0.2219,,5315.0,0.92,0.89,0.16,0.984
K2-36 c,3.2,7.9,854.0,0.05528,89.0,4916.0,0.718,0.79,-0.047,1.3
HD 29985 b,12.8,1739.47487151,,13.39,,4678.0,0.574666,0.75,-0.22,4.56
K2-407 b,1.283,2.19,,,,5563.0,0.927,0.881,0.014,5.7
K2-340 b,3.36,11.2,606.0,,,5532.0,1.13,0.93,0.08,1.62
Kepler-416 b,2.48,58.2,986.0,0.0674,224.089,5718.0,1.075,1.0,0.1259,21.0
K2-366 b,2.359,6.16,,,,5601.0,0.94,0.825,-0.216,2.58
TIC 434398831 b,3.51,12.1,1250.0,0.04641,,5638.0,0.909,0.992,-0.081,1.54
HD 224018 b,0.91,4.1,968.0,0.0952,,5784.0,1.147,1.013,0.05,17.1
Kepler-1610 b,1.61,3.22,750.0,0.0777,56.212,5383.0,0.87,0.91,0.1,4.24
K2-351 b,2.54,6.99,934.0,,,5769.0,1.05,1.02,0.08,2.34
HD 22946 d,2.607,26.57,546.0,0.2958,18.561,6169.0,1.117,1.098,-0.08,10.8
Kepler-290 b,2.25,5.69,594.0,0.11,22.637,5147.0,0.743,0.756,-0.1,2.74
WASP-77 A b,13.56,529.31142902,1674.0,0.023233633,1440.0,5617.0,0.91,0.903,-0.1,1.33
Kepler-102 b,0.46,1.1,857.0,0.05521,90.0,4909.0,0.724,0.803,0.11,62.0
TOI-1836 c,2.59987579,8.0,2007.6,0.03089,2981.98,6237.0,1.6454,1.2518,-0.136,3.0
K2-379 b,2.181,5.4,,,,4603.0,0.751,0.856,-0.045,2.86
Kepler-297 d,32.6,,325.0,0.523,2.62,5618.0,0.897,0.846,-0.22,
Kepler-102 f,0.861,4.3,495.0,0.1656,10.0,4909.0,0.724,0.803,0.11,37.0
TOI-1811 b,11.14172682,308.9292116,962.2,0.04389,55.9743,4766.0,0.769,0.817,0.306,1.23
Kepler-10 b,1.47,3.24,2188.0,0.01685,3741.78,5708.0,1.065,0.91,-0.15,5.54
Kepler-68 e,11.2,86.4493267,,4.6,,5847.0,1.2564,1.057,0.11,0.338
TOI-4603 b,11.67975789,4096.80816623,1677.0,0.0888,1192.0,6264.0,2.738,1.765,0.342,14.1
HD 66428 c,13.5,560.64930995,,9.408,,5716.0,1.13,1.01,0.23,1.25
K2-157 c,6.08,30.8,587.0,0.165,22.65,5334.0,0.86,0.89,0.02,0.753
TOI-1670 c,11.06326395,200.23189641,684.0,0.249,14.5514,6170.0,1.316,1.21,0.09,0.81
TOI-3682 b,12.80065596,69.28659273,1657.0,0.048,1258.0,5703.0,1.735,1.32,0.416,0.181
TOI-733 b,1.992,5.72,1055.8,0.0618,207.1,5585.0,0.949,0.956,-0.04,3.98
XO-2 N b,11.130537,179.89178,1328.0,0.0368,428.036,5340.0,0.99,0.971,0.43,0.715
4 UMa b,12.6,2511.48007211,,0.877,,4415.0,18.11,1.234,-0.25,6.9
TOI-5300 b,9.86390302,190.6970442,1043.0,0.0295,198.0,4610.0,0.65,0.67,-0.17,1.1
KOI-7368 b,2.22,5.56,805.0,0.0678,99.24,5241.0,0.874,0.879,0.0578,2.79
NGTS-18 b,13.56286665,129.99181846,1381.0,0.0448,845.0,5610.0,1.392,1.003,0.15,0.28
Kepler-1643 b,2.32,5.99,799.0,0.0531,137.753,4916.0,0.855,0.845,-0.01,2.64
Kepler-1996 b,2.26,5.73,392.0,0.1789,5.61,4580.0,0.675,0.748,0.08,2.73
OGLE-2019-BLG-0362L b,13.1,1036.12060682,,2.18,,,,0.42,,2.53
NN Ser c,12.6,2329.6,,5.35,,57000.0,,0.535,,6.4
TOI-2076 b,2.59,6.7,736.0,0.08781,49.4,5187.0,0.758,0.849,-0.09,2.08
TOI-5799 b,1.733,3.65,505.0,0.0348,11.91,3452.0,0.321,0.325,0.01,3.85
K2-3 d,1.458,2.2,305.2,0.2014,1.44,3844.0,0.546,0.549,-0.157,17.5
HD 73256 c,12.2,5085.254512,,3.8,,5570.0,0.944723,1.0,0.29,15.4
TOI-6008 b,1.03,4.0,707.0,0.010777,41.5,3075.0,0.242,0.23,0.3,
TOI-469.01,3.41,9.1,716.0,0.111,74.7,5289.0,0.98,0.901,0.24,1.3
HD 135625 b,13.3,731.0053361,,5.4,,6040.64,1.35743,1.28,0.12,1.71
HD 100777 b,13.7,390.92894061,,1.06,,5533.0,1.04,1.08,-0.27,0.835
CI Tau c,13.0,1144.1822652,,0.17,,3807.0,1.880857,0.9,,2.86
NGTS-33 b,18.38272835,1153.71711741,1991.0,0.048,2620.0,7437.0,1.47,1.6,-0.11,0.19
TOI-5293 A b,11.9,170.4,675.0,0.034,34.6,3586.0,0.52,0.54,-0.03,0.56
K2-419 A b,10.55,196.0,377.0,0.1208,3.3,3711.0,0.541,0.562,-0.11,0.916
TOI-3980 b,14.4595851,187.51876013,1621.0,0.0494,1153.0,5840.0,1.626,1.24,0.188,0.25
TOI-3856 b,13.59649359,171.62733978,1544.0,0.0325,949.0,5622.0,1.055,1.096,0.454,0.371
Kepler-619 b,3.16,10.1,1073.0,0.06014,224.146,5980.0,1.11,1.09,0.05,1.76
Kepler-1834 b,1.4593834,2.73,848.0,0.04911,105.2,4821.0,0.788,0.765,0.16,4.83
Kepler-1869 c,0.74,0.33,1455.0,0.028,1056.84,5808.0,0.902,0.987,-0.06,4.47
TOI-4794 b,14.35870428,308.29355479,1673.0,0.0492,1310.0,6390.0,1.451,1.25,-0.102,0.57
TOI-1266 d,1.74,3.68,288.0,0.1513,1.3,3563.0,0.4232,0.437,-0.109,3.84
K2-398 c,5.098,22.8,,,,5946.0,1.239,0.945,-0.257,0.946
TOI-5734 b,2.1,9.1,688.0,0.05921,56.3778,4750.0,0.639,0.724,-0.13,5.403344
M62H b,,785.03616529,,,,,,1.4,,
K2-403 b,5.333,24.6,949.0,,134.883,5511.0,0.886,0.784,-0.162,0.891
gam Lib b,13.7,357.87478628,,1.319,,4879.0,12.38,1.78,-0.27,0.765
TOI-1670 b,2.06,41.31769291,1062.0,0.103,196.694,6170.0,1.316,1.21,0.09,8.6
HD 147379 b,4.94,21.6,,0.3193,,4090.0,0.628304,0.58,0.16,0.985
TOI-2338 b,11.2089807,1900.61387386,799.0,0.158,13.8485,5581.0,1.05,0.99,0.22,7.42
TOI-4127 b,12.07,743.71847238,556.0,0.303,22.3,6096.0,1.293,1.23,0.14,2.17
TOI-1695 b,1.9,6.36,698.0,0.033548,39.0,3690.0,0.515,0.513,0.0,5.0
Kepler-20 g,4.71,19.96,524.0,0.2055,,5495.0,0.9639,0.948,0.07,1.05
HD 136352 c,2.916,11.24,677.0,0.1721,35.1,5664.0,1.058,0.87,-0.24,2.497668
K2-110 b,2.592,15.9,638.0,0.10207,27.7,5010.0,0.713,0.738,-0.34,5.02
Kepler-58 d,2.94,245.343,583.0,0.236,18.244,6099.0,1.127,1.024,0.1,0.53
TOI-5126 c,3.86,14.2,971.0,0.1439,96.0,6150.0,1.241,1.24,0.18,1.36
Kepler-1979 b,29.33,,683.0,0.1383,51.32,5942.0,0.938,1.028,-0.06,
NGTS-25 b,11.46678726,203.09235207,1101.0,0.0388,,5321.0,0.86,0.91,0.12,0.74
Kepler-20 e,0.821,0.76,1004.0,0.0637,169.8,5495.0,0.9164,0.929,0.07,7.5
TOI-277 b,2.65,7.51,587.92,0.0269,28.236,4031.0,0.362,0.16,-0.01,2.22
HAT-P-13 c,12.3,4538.421,340.0,1.258,,5653.0,1.756,1.32,0.46,13.4
L 98-59 f,1.48,2.8,285.0,0.1052,1.1,3415.0,0.3155,0.2923,-0.46,5.0
K2-407 c,1.36,2.42,,,,5563.0,0.927,0.881,0.014,5.29
Kepler-1487 b,2.13,5.18,1682.0,0.0898,323.294,6541.0,1.63,1.38,0.04,2.95
TOI-2025 b,11.89272852,1144.1822652,1166.0,0.0892,343.7178,5977.0,1.459,1.199,0.15,3.74
K2-348 c,2.67,7.61,655.0,,,5077.0,0.85,0.83,0.13,2.2
TOI-5916 b,11.35469745,226.61165419,683.0,0.0262,51.7,3613.0,0.48,0.477,0.09,0.86
HD 33844 b,13.4,638.8383,,1.6,,4861.0,5.39,1.84,0.27,1.46
Kepler-1928 b,1.992,4.63,621.0,0.194,37.8,5720.0,0.92,1.01,0.12,3.22
K2-384 d,1.392,2.52,,,,3623.0,0.348,0.33,0.068,5.13
HD 20794 e,2.03,4.77,,0.509,,5401.0,0.93,0.813,-0.4,3.13
TOI-1438 b,3.04,9.4,971.0,0.0553,145.0,5230.0,0.82,0.876,0.03,1.8
TOI-4342 c,2.349,4.8,514.0,0.0804,11.6,3866.0,0.598,0.587,0.26,2.01
HD 136352 d,2.562,8.82,431.0,0.425,5.74,5664.0,1.058,0.87,-0.24,2.878108
HD 68988 b,13.4,626.1251,,0.07,,5932.0,1.19,1.28,0.35,1.43
Kepler-323 b,1.381,3.9,1838.0,0.02778,1900.0,6004.0,1.12,1.015,-0.14,8.2
HD 13808 b,3.35,11.2,,0.10519,,5035.0,0.781,0.771,-0.21,1.64
TOI-908 b,3.186,16.137,1317.0,0.041657,80.884,5626.0,1.028,0.95,0.08,2.742
Gaia-5 b,12.1,6633.07885409,,,,3447.0,0.345,0.339,-0.18,20.6
NGTS-17 b,13.89913607,242.82090295,1457.0,0.0391,1160.0,5650.0,1.337,1.025,0.15,0.5
Kepler-1981 b,9.23,62.5,390.0,1.3292,5.45,5874.0,3.006,1.519,0.12,0.437
TOI-1716.01,3.143,10.0,959.0,0.080496,254.83,5879.0,1.24,1.07,0.096,1.77
HIP 56640 b,12.7,2151.69831539,,4.55,,4769.0,4.93,1.75,-0.03,5.77
K2-3 b,2.078,5.11,501.3,0.0747,10.5,3844.0,0.546,0.549,-0.157,3.11
HIP 67851 b,13.7,365.50266805,,0.42,,4840.0,5.45,1.28,0.01,0.781
HD 111998 b,12.9,1525.5763536,,1.91,,6557.0,1.45,1.4,0.07,3.91
TOI-1694 c,13.8,297.0,,0.1,,5058.0,0.8036,0.853,0.131,0.621
G 268-110 b,1.13,1.52,534.0,0.01283,13.57,,0.177,0.137,,5.79
TOI-2443 b,2.363,4.8,519.0,0.105,13.2931,4375.0,0.631,0.642,-0.29,2.0
HD 219139 b,14.0,247.90615746,,0.94,,4831.0,11.22,1.46,-0.2,0.496
WASP-8 c,12.5,3003.37,,5.28,,5690.0,0.96,1.04,0.17,8.45
Kepler-1983 b,2.33,6.04,807.0,0.0689,100.13,5135.0,0.874,0.812,0.12,2.62
K2-136 c,3.0,18.1,470.0,0.1185,11.91,4500.0,0.677,0.742,-0.02,3.69
HD 191939 e,13.0,112.2,390.0,0.407,3.9,5348.0,0.94,0.81,-0.15,0.281
HD 74698 c,14.0,126.0,,4.5,0.088,5783.0,1.333,1.039,0.07,0.252
TOI-2076 d,3.27,7.3,490.0,0.1982,16.5,5187.0,0.758,0.849,-0.09,1.12
HD 12661 c,13.2,899.45439181,,2.8145,,5748.0,1.11,1.02,0.36,2.15
OGLE-2018-BLG-1428L b,14.0,240.0,,3.3,,,,0.43,,0.481
Kepler-158 b,2.12,5.14,500.0,0.111,13.634,4623.0,0.624,0.655,-0.3,2.96
TOI-3261 b,3.82,30.3,1722.0,0.01714,1466.0,5068.0,0.849,0.861,0.138,3.0
TOI-2154 b,16.28664896,292.40213444,1580.0,0.0513,1005.8946,6280.0,1.396,1.233,0.011,0.37
HD 168443 c,12.2,5500.33841154,,2.842,,5491.0,1.711479,0.98,0.04,16.6
TOI-6716 b,0.982,0.911,369.0,0.0319,4.4,3110.0,0.231,0.223,0.0,5.29
TOI-519 b,11.54525012,147.15455244,687.0,0.0159,54.0,3322.0,0.35,0.335,0.27,0.56
Kepler-107 e,2.903,14.1,955.0,0.12638,138.7,5854.0,1.447,1.238,0.321,3.18
NGTS-23 b,14.20177855,194.82881349,1327.0,0.0504,815.7013,6057.0,1.24,1.01,-0.26,0.374
TOI-4666 b,12.53164042,155.41809102,695.0,0.034,55.6,3793.0,0.585,0.576,0.79,0.43
HD 80653 b,1.613,5.72,2463.0,0.01661,6130.0,5959.0,1.22,1.18,0.255,7.47
K2-268 d,1.49,2.83,888.0,,,5106.0,0.78,0.84,0.03,4.7
Kepler-1491 c,2.44,6.53,530.0,0.3045,18.66,5626.0,1.389,0.991,0.14,2.47
WASP-194 b,15.47960235,373.13054982,1693.0,0.047,1365.0,6405.0,1.409,1.29,0.0,0.55
GJ 1214 b,2.733,8.41,567.0,0.01505,17.2,3101.0,0.2162,0.182,0.24,2.26
TOI-1468 b,1.401,3.04,683.5,0.02107,36.4,3376.0,0.3714,0.3527,-0.01,6.1
TOI-411 b,1.362,13.71,1241.0,0.05727,495.139,6169.0,1.117,1.098,-0.08,18.96
HIP 67522 b,9.9872018,71.4,1175.0,0.0748,341.0878,5675.0,1.38,1.22,0.0,0.394
TIC 434398831 c,5.63,27.0,1050.0,0.06572,,5638.0,0.909,0.992,-0.081,0.831
HD 13808 c,3.13,9.96,,0.2554,,5035.0,0.781,0.771,-0.21,1.78
WASP-8 b,12.66617,807.2882,1059.0,0.0801,209.118,5600.0,1.03,1.34,0.17,2.1
TOI-3082 b,3.6621,13.0,1032.78,,131.648,4263.0,0.6847,0.664,0.17,1.45
Kepler-311 b,1.7,3.53,960.0,0.087,201.362,5905.0,1.188,0.994,-0.03,3.95
Kepler-107 b,1.536,3.8,1592.0,0.04544,1073.0,5854.0,1.447,1.238,0.321,5.8
TOI-139 b,2.4566,6.6,561.17,,22.4219,4570.0,0.7007,0.69,-0.238,2.45
TOI-2498 b,6.06,34.62,1443.0,0.0491,790.4759,5905.0,1.26,1.12,0.167,0.86
WASP-93 b,17.900773,467.2101,1942.0,0.04211,2531.1336,6700.0,1.524,1.334,0.07,0.479
HD 5608 b,13.7,371.22357938,,1.79,,4807.0,5.43,1.29,0.04,0.793
GJ 508.2 b,,587.98255295,,4.85,,3720.0,0.53,0.54,-0.15,
Kepler-347 d,3.04,9.48,482.0,0.3802,12.75,5592.0,1.451,1.0,0.16,1.85
K2-185 b,1.15,1.6,809.0,,,5788.0,0.94,0.96,-0.1,5.78
Kepler-10 c,2.355,11.29,579.0,0.241,18.3,5708.0,1.065,0.91,-0.15,4.75
WISPIT 2 b,17.93436912,1541.46777395,,57.0,,4400.0,1.418,1.08,,1.47
K2-335 b,2.21,5.52,949.0,,,6222.0,1.33,1.23,0.1,2.81
TOI-6086 b,1.18,1.76,634.0,0.01541,26.8,3200.0,0.259,0.254,0.11,5.89
K2-384 f,2.222,5.57,,,,3623.0,0.348,0.33,0.068,2.79
HD 184010 d,14.3,143.02278315,,1.92,,4971.0,4.86,1.35,-0.17,0.269
K2-157 d,5.16,23.3,429.1,0.309,6.46,5334.0,0.86,0.89,0.02,0.932
TOI-1346 c,2.23,5.6,928.0,,102.6644,5099.0,0.78,0.82,-0.01,2.77
TOI-3071 b,7.16,68.2,2155.0,0.0249,2579.61,6177.0,1.31,1.29,0.35,1.02
K2-382 b,2.072,4.95,,,,5452.0,0.811,0.922,-0.027,3.06
TOI-1272 b,4.13204907,27.0,975.0,0.0417,120.595,5065.0,0.7934,0.8772,0.182,2.09
TOI-5181 A b,13.34989601,330.54154328,1585.0,0.0522,1053.0,6060.0,1.53,1.25,0.208,0.76
Kepler-102 d,1.154,3.0,686.0,0.08618,36.9,4909.0,0.724,0.803,0.11,10.7
Kepler-107 d,0.86,7.7,1173.0,0.08377,315.0,5854.0,1.447,1.238,0.321,67.0
HD 20329 b,1.72,7.42,2141.0,0.018,3474.0,5596.0,1.13,0.9,-0.07,8.06
HD 216437 b,13.0,1334.8793094,,2.57,,5909.0,1.394,1.22,0.2,3.34
TOI-1772.01,2.905,8.78,877.67,0.078375,140.93,5583.0,0.995,0.99,0.1282,1.97
WISPIT 1 c,12.8,1684.4905571,,840.0,,4670.0,1.1161,0.72,,4.41
HIP 111909 c,13.9,257.44100967,,1.97,,4891.0,4.53,1.28,-0.01,0.527
Kepler-549 d,4.2,16.4,586.0,0.1575,27.93,5312.0,0.986,0.859,0.16,1.22
Kepler-158 d,0.43,0.0472,,,,4895.97,0.668,0.656,-0.3,3.26
Kepler-963 b,2.66,7.56,802.0,0.0849,83.494,5461.0,0.87,0.91,-0.02,2.21
TOI-1052 c,6.48,34.3,719.0,0.2263,39.7,6146.0,1.264,1.204,0.14,0.693
TOI-561 b,1.397,2.02,2319.0,0.01064,4709.0,5342.0,0.843,0.806,-0.41,4.1
TOI-5789 e,3.43,11.61,424.0,0.2901,,5185.0,0.833,0.821,-0.12,1.58
TOI-1798.01,2.448,6.5,734.31,0.074984,69.26,5165.0,0.78,0.87,0.073,2.61
GJ 317 c,13.6,454.49462201,,5.04,,3496.0,0.403,0.402,-0.02,0.993
TOI-1180 b,3.072,10.0,638.18,0.080799,36.97,4738.0,0.73,0.75,0.067,1.93
HIP 41378 f,9.2,12.0,294.0,,1.24,6320.0,1.273,1.16,-0.1,0.09
TOI-1117 d,3.27,10.71,978.0,0.0817,152.0,5635.0,1.05,0.97,0.136,1.68
Kepler-1471 b,1.41,2.57,1238.0,0.0453,314.233,5660.0,0.93,0.95,-0.03,5.04
K2-412 b,2.116,5.13,,0.0586,243.518,5590.0,0.977,0.893,0.014,2.98
HD 128717 b,12.1,6293.0024586,,4.85,,6210.0,1.248,1.212,0.16,19.5
HD 210702 b,13.6,481.5100366,,1.079,,4912.0,4.54,1.33,-0.02,1.05
TOI-4994 b,8.54124329,88.99195396,717.6,0.1515,40.0,5640.0,1.055,1.005,0.165,0.78
HIP 74890 b,13.3,762.792,,2.1,,4850.0,5.77,1.74,0.2,1.78
WASP-188 b,14.81827249,458.6263913,1666.0,0.072,1278.0,6850.0,1.83,1.5,0.0,0.78
K2-36 b,1.43,4.3,1328.0,0.02288,519.0,4916.0,0.718,0.79,-0.047,8.0
Kepler-896 b,2.53,6.94,303.0,0.56378,1.99,5262.0,0.81,0.84,-0.1,2.35
TOI-2992 b,13.75341932,1058.36859531,1726.0,0.0434,1484.0,6000.0,1.545,1.21,0.084,2.23
Kepler-1996 c,2.81,8.3,276.0,0.3608,1.38,4580.0,0.675,0.748,0.08,2.06
TOI-4201 b,13.67495645,788.21444936,725.0,0.04,45.2,3794.0,0.63,0.61,0.52,1.82
HD 36384 b,12.7,2097.6674862,,1.3,,3940.0,38.4,1.14,-0.16,5.63
HD 168863 b,12.7,2154.87659946,,10.961,,4905.0,0.777826,0.8,0.16,5.78
TOI-1194 b,8.71664516,120.0,1264.29,0.034,203.685,5394.0,0.9608,0.9835,0.348,0.99
Barnard d,0.694,0.263,483.0,0.0188,,3195.0,0.185,0.162,-0.56,4.32
K2-398 b,2.274,5.79,,,,5946.0,1.239,0.945,-0.257,2.71
HD 118203 c,12.4,3747.19691853,146.0,6.28,,5742.0,2.04,1.27,0.287,10.8
K2-354 b,1.56,3.05,543.0,,,3669.0,0.41,0.43,-0.04,4.41
GJ 3090 c,3.14,10.0,407.2,0.0997,4.58,3707.0,0.516,0.519,0.12,1.77
K2-331 c,2.72,7.85,673.0,,,5994.0,1.06,1.1,0.08,2.14
HD 20794 d,2.04,4.8,388.0,0.3625,,5368.0,0.93,0.79,-0.42,3.11
Kepler-93 b,1.478,4.66,1133.0,0.05343,275.0,5669.0,0.919,0.911,-0.18,7.93
TOI-3464 b,13.7646283,397.28550875,1693.0,0.0515,1370.0,6370.0,1.56,1.363,0.045,0.83
HIP 67851 c,12.7,2204.77565936,,4.55,,4840.0,5.45,1.28,0.01,5.91
K2-268 b,1.5,2.86,1136.0,0.0308,,5106.0,0.78,0.84,0.03,4.66
TOI-5789 d,1.91,4.29,545.0,0.1756,,5185.0,0.833,0.821,-0.12,3.38
TOI-1386 c,10.3,75.2,327.4,0.75,1.771,5735.0,1.0235,1.0363,0.149,0.378
TOI-3486 b,10.5700688,99.16246298,1190.0,0.03138,334.0,4930.0,0.788,0.837,0.283,0.46
HD 104985 b,12.8,1766.80811451,,0.715,,4738.0,11.12,1.22,-0.32,4.63
K2-375 b,2.243,5.66,,,,5822.0,1.543,1.119,-0.091,2.76
81 Cet b,13.1,1051.05854195,,2.104,,4734.0,11.21,1.23,-0.11,2.57
K2-332 b,2.2,5.48,266.0,,,3315.0,0.28,0.27,0.09,2.83
TOI-4214 b,10.68215861,165.27077164,1642.0,0.05018,1210.0,6370.0,1.434,1.382,0.294,0.74
TOI-3877 b,11.67975789,99.7981198,1445.0,0.0529,729.0,5731.0,1.445,1.16,0.269,0.342
K2-404 b,2.53,6.94,,,,3748.0,0.552,0.552,0.005,2.35
Kepler-409 b,1.199,6.0,438.0,0.3192,6.15,5421.0,0.897,0.913,0.05,19.0
HD 74698 b,5.12,23.0,,0.121,123.0,5783.0,1.333,1.039,0.07,0.942
HIP 41378 b,2.595,6.89,959.0,,140.0,6320.0,1.273,1.16,-0.1,2.17
Kepler-879 b,2.57,7.13,580.0,0.2012,29.128,5792.0,1.02,1.02,0.05,2.31
K2-368 d,1.948,4.45,,,,4663.0,0.663,0.746,-0.25,3.31
TOI-1136 b,1.9,3.5,1216.0,0.05106,,5770.0,0.968,1.022,0.07,2.8
TOI-3593 b,11.02963701,565.73456446,1170.0,0.0481,308.0,5550.0,0.918,1.015,0.384,2.31
GJ 514 b,2.13,5.2,202.0,0.422,0.28,3728.0,0.5,0.51,-0.14,2.96
TOI-2537 b,11.25381662,415.40172795,338.0,0.3715,7.4445,4870.0,0.771,0.771,0.08,1.6
rho CrB b,13.7,347.995,614.0,0.2245,34.7,5817.0,1.3617,1.0,-0.2,0.744
HAT-P-30 b,16.14096,263.7989,1630.0,0.0419,1467.9573,6304.0,1.31,1.55,0.13,0.309
K2-12 b,2.44,5.2,1026.0,0.0792,185.0,5672.0,1.117,0.965,0.0,1.6
TOI-5210 b,10.72699453,81.99972901,1286.0,0.0557,456.0,5723.0,1.209,1.105,0.324,0.364
TOI-2374 b,6.81,56.64,885.0,0.0471,132.5691,4802.0,0.69,0.75,0.15,0.98
NGTS-30 b,10.40193409,305.11527072,500.0,0.408,172.857,5455.0,0.913,0.94,-0.03,1.49
L 98-59 c,1.329,2.0,526.0,0.0309,12.7,3415.0,0.3155,0.2923,-0.46,4.7
Kepler-725 c,3.08,9.7,268.0,0.6744,1.4,5395.0,0.88,0.95,0.14,1.82
K2-413 c,1.2327,2.05,,0.0426,69.529,4116.0,0.7,0.808,-0.205,6.01
K2-389 c,2.04,4.82,,,,5782.0,1.084,0.802,-0.034,3.12
Kepler-1052 b,2.93,8.91,522.0,0.20988,20.976,5888.0,1.03,1.03,0.0,1.95
K2-353 b,5.55,26.3,735.0,,33.0649,5698.0,0.99,0.87,-0.21,0.845
Kepler-603 d,1.32,2.3,1098.0,0.07117,497.4,5808.0,1.01,1.01,0.03,5.5
TOI-1437 b,2.24,9.6,794.23,0.14,82.0,6008.0,1.17,1.1,-0.4924,3.91
HD 94890 b,13.3,676.97450691,,2.07,,4867.0,10.71,1.74,-0.02,1.58
TOI-1243 b,2.33,7.7,450.0,,17.2664,3515.0,0.511,0.515,-0.2,3.3
HIP 41378 e,4.92,12.0,335.0,,2.1,6320.0,1.273,1.16,-0.1,0.55
HAT-P-13 b,14.258,270.462,1740.0,0.04383,1978.5245,5653.0,1.756,1.32,0.46,0.340833
GJ 1132 b,1.19151465,1.83704819,583.8,0.0157,19.3,3229.0,0.2211,0.1945,-0.17,5.97
K2-414 b,1.219,1.98,,0.0487,72.113,4343.0,0.732,0.814,-0.102,6.01
TOI-5795 b,5.62,23.66,1136.78,0.064,240.6761,5715.0,1.082,0.901,-0.27,0.73
TOI-1820 b,12.778238,731.0053361,1375.0,0.061,292.245,5734.0,1.51,1.04,0.14,2.0
L 98-59 d,1.627,1.64,416.0,0.0494,4.97,3415.0,0.3155,0.2923,-0.46,2.2
HIP 29442 c,1.551,4.5,1123.0,0.04518,451.0,5289.0,0.98,0.901,0.24,6.3
TOI-2406 b,2.86,15.6,449.0,0.02267,6.69,3100.0,0.204,0.166,-0.26,
TOI-7384 b,3.56,12.4,378.0,0.0439,4.9,3185.0,0.319,0.318,0.0,1.51
TOI-5398 c,3.52,11.8,1242.0,0.057,370.603,6000.0,1.051,1.146,0.09,1.5
TOI-1052 b,2.87,16.9,1135.0,0.09103,246.0,6146.0,1.264,1.204,0.14,3.93
Kepler-603 b,2.65,7.51,731.0,0.16052,97.8,5808.0,1.01,1.01,0.03,2.22
TOI-1174 b,2.562,32.0,713.83,0.07994,52.02,5030.0,0.76,0.85,-0.002,11.0
TOI-1448 b,2.749,19.5,426.0,0.0567,5.45,3412.0,0.38,0.372,0.37,
omi CrB b,13.7,355.96781584,,0.699,,4769.0,11.87,1.3,-0.27,0.761
TOI-2141 d,3.97,14.9,491.4,0.2906,9.8,5635.0,0.95,0.896,-0.14,1.31
Kepler-93 c,,954.0,,,,5669.0,0.92,0.91,-0.18,
TOI-2719 b,5.98,29.9,1710.0,,874.29,5762.0,1.69,1.02,0.27,0.768
TOI-2497 b,11.14172682,1531.93292174,1595.0,0.1166,997.8085,7360.0,2.36,1.859,0.094,6.1
TOI-5350 b,12.41955062,2094.48920213,1195.0,0.0796,321.879,6220.0,1.263,1.167,0.044,6.03
Kepler-138 c,1.51,2.3,410.0,0.0913,6.8,3841.0,0.535,0.535,-0.18,3.6
NGTS-24 b,13.60770257,165.27077164,1499.0,0.0479,391.83,5820.0,1.64,1.26,0.27,0.36
LP 890-9 c,1.367,25.3,272.0,0.03984,0.906,2850.0,0.1556,0.118,-0.028,
L 168-9 b,1.63,4.07,998.0,0.0208,149.3748,3842.0,0.604,0.614,-0.03,5.18
TOI-2876 b,9.6397234,54.03082919,929.0,0.0654,124.2,5271.0,0.873,0.939,0.353,0.33
HD 32518 b,13.2,905.49313154,,0.594,,4580.0,10.22,1.13,-0.15,2.16
HIP 113103 c,2.4,6.35,585.0,0.10479,180.487,4930.0,0.742,0.761,-0.1,2.52
TOI-1846 b,1.792,3.87,568.1,0.03646,17.35,3568.0,0.397,0.418,0.169,3.7
NGTS-12 b,11.747032,66.10864,1257.0,0.0757,416.0,5690.0,1.589,1.021,-0.03,0.223
HIP 94235 b,3.0,379.0,1060.0,0.0787,219.2841,5991.0,1.08,1.094,0.0,
TOI-1080 b,1.2,10.7,368.0,0.0272,4.35,3065.0,0.2019,0.1667,-0.09,
HAT-P-55 b,14.84069045,189.42573057,1367.0,0.04628,583.0,5804.0,1.105,1.028,0.003,0.318
EPIC 212587672 c,2.32,5.99,658.0,,,6004.0,0.98,0.99,-0.18,2.64
TOI-5005 b,6.25,32.7,1040.0,0.06614,226.0,5749.0,0.93,0.97,0.15,0.74
Kepler-1489 c,0.51,0.087,,,,5565.53,0.957,0.977,0.14,3.6
HS Psc b,13.6,464.02947422,,0.0435,,4203.0,0.65,0.69,-0.05,1.01
HD 63433 c,2.692,15.539,678.92,0.146,35.3582,5553.0,0.934,0.956,-0.07,4.63
NSVS 14256825 b,12.3,4497.2945,,3.12,,40000.0,0.188,0.419,,13.3
G 261-6 b,1.1,1.37,322.3,0.02971,1.8,2907.0,0.153162,0.118,,5.66
TOI-2093 c,2.3,15.8,329.0,0.257,3.0647,4426.0,0.729,0.745,-0.08,7.0
TOI-1266 b,2.52,4.46,415.0,0.073,4.72,3563.0,0.4232,0.437,-0.109,1.54
TOI-715 b,1.55,3.02,234.0,0.083,0.67,3075.0,0.24,0.225,-0.25,4.46
TOI-4155 b,3.21,10.4,1255.0,,586.762,5724.0,0.95,1.16,0.11,1.73
AB Aur b,12.5,2860.455663,,93.9,,9770.0,2.95887,2.4,,8.05
Kepler-297 c,6.54,42.1,409.0,0.336,6.86,5619.0,0.915,0.927,-0.11,0.827
TOI-1836 b,8.00321222,38.45723725,966.0,0.1597,153.5185,6380.0,1.577,1.307,-0.101,0.41
HIP 111909 b,13.7,384.57237247,,1.32,,4891.0,4.53,1.28,-0.01,0.822
K2-370 b,3.207,10.4,1267.0,,428.205,5377.0,0.971,0.984,0.018,1.73
Kepler-107 c,1.597,10.0,1378.0,0.06064,602.0,5854.0,1.447,1.238,0.321,13.5
Kepler-164 b,1.41,2.57,1141.0,0.058,370.922,5888.0,1.148,1.036,0.0,5.04
TOI-2095 b,1.25,4.1,347.0,0.101,3.43,3759.0,0.44,0.44,-0.24,
Kepler-603 c,6.5,34.5,401.0,0.53439,8.8,5808.0,1.01,1.01,0.03,0.69
HD 167677 b,13.2,905.81095995,,2.877,,5474.0,0.95271,0.96,-0.29,2.16
Teegarden's Star c,1.02,1.05,209.0,0.0455,0.35,3034.0,0.12,0.097,-0.11,5.44
TOI-2000 b,2.7,11.0,1488.0,0.04271,628.0,5611.0,1.134,1.082,0.439,3.07
HIP 29442 d,1.538,5.14,920.0,0.0673,203.0,5289.0,0.98,0.901,0.24,11.0
TOI-5736 b,1.56,3.05,1311.0,,493.4827,3949.0,0.58,0.57,,4.41
HD 217107 b,13.6,459.57987652,,0.07359,,5622.0,1.2245,1.045,0.37,1.0
mu2 Sco b,12.3,4576.7290608,,242.4,,21700.0,5.6,9.1,,13.5
K2-384 b,1.076,1.26,,,,3623.0,0.348,0.33,0.068,5.56
WASP-116 b,13.67495645,203.41018048,1414.0,0.065,663.0,6250.0,1.426,1.25,0.0,0.43
WASP-193 b,14.78464554,35.59678158,1250.0,0.0668,402.0,6080.0,1.213,1.018,-0.108,0.06
TOI-784 b,1.93,9.67,1256.0,0.038,413.894,5558.0,0.907,0.91,-0.13,7.4
TOI-2068 b,1.821,3.97,520.62,0.0632,12.23,3710.0,0.535,0.559,0.27,3.61
HD 93963 A b,1.46954368,2.8,1842.23,0.02061,2898.0,5908.0,1.0311,1.0844,0.11,4.81
Kepler-1669 d,1.22,1.98,669.0,0.0468,47.3,4224.0,0.603,0.609,-0.2,5.99
HD 156279 c,12.5,3098.82696825,,5.486,,5453.0,0.95,0.94,0.14,8.72
HD 135694 b,2.857,6.1,750.83,0.124695,71.8,5712.0,1.08,1.02,-0.121,2.05
GJ 1151 c,3.25,10.62,,0.5714,,3280.0,0.1781,0.1639,-0.12,1.7
TOI-6054.02,2.82,9.3,1143.0,0.1079,285.0,6047.0,1.662,1.107,-0.07,2.25
K2-389 b,2.33,6.04,932.0,,179.0,5773.0,1.094,0.99,0.038,2.62
HD 191939 f,13.2,915.34581216,125.0,3.71,,5348.0,0.94,0.81,-0.15,2.19
KMT-2021-BLG-1689L b,7.71,46.0,,2.5,,4570.0,,0.58,,0.552
WASP-84 c,1.95,15.2,1329.0,0.02359,1452.18,5280.0,0.768,0.853,0.0,11.2
TOI-5788 c,2.272,6.4,667.0,0.1197,49.8,5615.0,0.87,0.87,-0.32,3.032489
TOI-4336 A b,2.137,3.33,309.4,0.0849,1.53,3307.0,0.326,0.306,0.14,1.87
K2-413 b,0.7599,0.363,,0.0117,921.755,4116.0,0.7,0.808,-0.205,4.55
TOI-5716 b,0.96,0.84,400.0,,3.4093,3436.0,0.22,0.19,-0.54,5.22
HD 260655 b,1.24,2.14,709.0,0.02933,42.2,3803.0,0.439,0.439,-0.43,6.2
HD 27894 b,14.1,196.73578393,,0.125,,4875.0,0.891767,0.81,0.3,0.386
TOI-2093 b,3.25,10.6,535.0,0.097,,4426.0,0.729,0.745,-0.08,1.7
HR 2562 b,12.44199,6992.224954,1255.0,22.2,,6597.0,1.334,1.3,0.02,
TOI-2169 A b,12.50922246,329.58805806,1364.0,0.0896,577.0,6270.0,1.82,1.42,0.123,0.92
HD 222237 b,12.8,1649.52943233,,10.8,,4751.0,0.71,0.76,-0.32,4.32
HD 99492 b,5.44,25.5,,0.12,,4929.0,0.822539,0.85,0.3,0.87
WASP-195 b,10.31226224,33.05415433,1522.0,0.063,890.0,6300.0,1.578,1.3,0.0,0.16
Kepler-763 d,1.67,3.43,804.0,0.0634,98.81,4999.0,0.843,0.8,0.18,4.05
EPIC 206317286 b,0.96,0.84,,,,4752.0,0.669,0.711,0.019,5.22
K2-268 c,2.69,7.7,696.0,0.0819,,5106.0,0.78,0.84,0.03,2.17
TOI-4308 b,2.4189,6.43,763.05,,55.3616,5243.0,0.7934,0.9,,2.5
TOI-500 d,6.35,33.12,,,,4440.0,0.678,0.74,0.12,0.711
Kepler-1989 b,4.62,19.3,904.0,0.0918,157.97,6032.0,1.06,0.999,-0.14,1.08
HD 63433 b,2.14,21.755,967.11,0.072,145.5707,5553.0,0.934,0.956,-0.07,12.998
TOI-561 d,2.615,13.33,600.0,0.1587,21.2,5342.0,0.843,0.806,-0.41,4.1
TOI-1288 c,11.1,85.7,,1.07,,5388.0,0.9583,0.9552,0.257,0.344
KMT-2025-BLG-1616L b,7.34,42.32,,1.6,,,,0.26,,0.588
TOI-1798.02,1.464,5.6,1935.83,0.010789,3345.44,5165.0,0.78,0.87,0.073,11.17
Kepler-103 b,3.4857,11.67,973.0,0.133,150.536,6047.0,1.492,1.212,0.15,1.52
K2-391 b,1.371,2.45,,,,5543.0,0.566,0.757,-0.543,5.22
K2-268 f,2.23,5.6,492.0,,,5106.0,0.78,0.84,0.03,2.77
GJ 1002 c,1.1,1.36,181.7,0.0738,0.257,3024.0,0.137,0.12,-0.25,5.61
TOI-6109 c,4.8326,20.8,786.0,0.0786,63.3913,5660.0,1.021,1.03,0.0895,1.01
TOI-1338 b,7.661,11.3,254.65,0.4607,0.9938,5723.2,1.313,1.0936,0.01,0.56
HD 86226 b,14.3,143.0235,176.0,2.73,,5863.0,1.053,1.019,0.018,0.269
eps Ind A b,12.7,2005.49724817,275.0,28.4,,4760.0,0.679,0.76,0.22,5.38
HD 86226 c,2.16,7.25,1311.0,0.049,647.901,5863.0,1.053,1.019,0.018,3.97
Kepler-317 b,2.09,109.8,976.0,0.061,151.652,5497.0,0.941,0.865,0.13,66.1
Kepler-319 c,2.63,7.41,876.0,0.069,136.343,5526.0,0.903,0.933,0.06,2.24
Kepler-375 c,2.65,7.51,720.0,0.141,33.152,5826.0,0.837,0.891,-0.04,2.22
Kepler-356 c,1.81,3.93,913.0,0.115,209.368,6133.0,1.335,1.163,-0.0226,3.64
Kepler-387 b,1.03,1.08,994.0,0.068,304.081,5774.0,1.046,0.85,-0.3,5.43
Kepler-388 b,0.81,0.457,830.0,0.036,112.21,4498.0,0.586,0.635,0.0,4.73
Kepler-224 e,1.97,4.54,517.0,0.124,18.732,5018.0,0.676,0.777,-0.06,3.26
Kepler-226 d,1.22,1.98,800.0,0.076,103.645,5571.0,0.802,0.904,0.09,5.99
Kepler-348 b,1.52,2.92,1196.0,0.076,438.942,6177.0,1.359,1.189,-0.03,4.57
Kepler-338 b,2.44,30.6,1005.0,0.117,256.606,5923.0,1.735,1.105,-0.029,11.6
Kepler-376 c,1.79,3.86,873.0,0.115,168.29,5900.0,1.175,0.968,-0.1038,3.7
Kepler-377 c,2.06,4.9,677.0,0.182,49.855,5949.0,1.224,1.043,0.05,3.08
Kepler-389 b,1.51,2.89,1047.0,0.041,167.058,5376.0,0.792,0.765,-0.1,4.61
Kepler-118 b,1.96,4.5,784.0,0.073,79.753,5274.0,1.094,0.811,0.18,3.28
Kepler-123 c,1.48,2.79,706.0,0.181,77.399,6089.0,1.264,1.079,-0.08,4.73
Kepler-243 c,1.99,4.62,559.0,0.142,21.72,5228.0,0.842,0.904,0.26,3.22
GJ 3470 b,4.57,13.9,593.5,0.0355,29.6584,3600.0,0.547,0.539,0.2,0.8
Kepler-379 c,2.29,5.86,530.0,0.326,19.793,6054.0,1.306,1.125,0.09,2.68
Kepler-112 c,2.4,6.35,538.0,0.172,24.255,5544.0,0.841,0.782,-0.5221,2.52
Kepler-137 c,1.88,4.19,568.0,0.13,29.775,5187.0,0.802,0.85,0.05,3.47
Kepler-390 b,0.82,0.477,786.0,0.065,99.972,5166.0,0.776,0.787,-0.0443,4.75
Kepler-1992 b,0.91,0.693,637.0,0.1169,38.99,5383.0,0.842,0.874,0.0,5.05
HD 183263 c,12.5,2958.98246917,,5.585,,5948.0,1.23,1.06,0.2776,8.32
TOI-5322 b,16.6117094,184.02264765,1350.0,0.0604,554.0,5692.0,1.462,0.998,-0.048,0.22
TOI-620 b,3.76,13.6,603.6,0.04825,20.8,3708.0,0.55,0.577,0.35,1.41
TOI-757 b,2.5,10.5,641.0,0.122,24.3644,5278.0,0.78,0.8,-0.27,3.6
GJ 887 c,2.43,6.5,320.0,0.121,2.5,3688.0,0.468,0.495,-0.06,2.49
TOI-1453 b,1.173,2.32,944.2,,132.6,4975.0,0.72,0.715,-0.31,8.215288
TOI-1450 A b,1.13,1.258,722.0,,44.9493,3437.0,0.483,0.48,-0.12,4.79
GJ 3512 c,14.3,143.97626837,,1.731,,3141.0,0.139,0.123,-0.07,0.271
TOI-1450 A c,1.13,1.527,533.0,,,3437.0,0.483,0.48,-0.12,5.82
GJ 436 b,4.17,22.1,686.0,0.0291,29.4322,3586.11,0.455,0.47,0.0991,1.8
HD 114082 b,11.2089807,2542.627256,,0.5109,,6651.0,1.49,1.47,0.0,9.92
BEBOP-4 AB b,,8358.8871041,,3.634,,5701.43,2.75645,1.507,0.2615,
WASP-197 b,14.44837612,403.32424848,1665.0,0.065,1276.0,6050.0,2.112,1.36,0.0,0.74
Kepler-30 c,12.3,640.0,411.0,0.3,6.217,5498.0,0.95,0.99,0.18,1.88
TOI-2886 b,18.6405349,444.9597698,1978.0,0.02871,2560.0,6240.0,1.241,1.229,0.284,0.377
WASP-132 c,1.841,6.26,1329.0,0.01833,791.0,4686.0,0.758,0.789,0.15,5.47
TYC 8998-760-1 b,12.1,6928.6592726,,146.0,,4573.0,0.953811,1.0,,21.5
Kepler-1515 b,9.55,66.2,380.0,0.75235,6.017,6511.0,1.41,1.3,0.07,0.418
TOI-5616 b,10.78,624.0,939.0,0.0272,137.0,3996.0,0.646,0.666,0.14,
Kepler-1491 b,1.51,2.89,821.0,0.127,138.108,5728.0,0.99,1.0,0.06,4.61
TOI-1260 d,3.12,11.84,499.0,0.1116,10.32,4227.0,0.672,0.679,-0.1,2.14
HD 114783 c,13.4,603.8739733,,5.0,,5135.0,0.840622,0.9,0.21,1.38
TOI-6894 b,9.5836785,53.39517238,417.9,0.02604,5.54,3007.0,0.2276,0.207,0.142,0.334
TOI-4504 c,11.09689089,1197.32317485,182.8,0.3569,0.2639,5315.0,0.92,0.89,0.16,4.81
55 Cnc e,1.875,7.99,1958.0,0.01544,2657.8322,5172.0,0.943,0.905,0.35,6.66
TOI-2194 b,1.9892,4.61,590.88,,14.2526,4756.0,0.6909,0.74,-0.372,3.22
HAT-P-1 b,14.784671,166.86075,1322.0,0.05561,259.687,5980.0,1.174,1.151,0.13,0.282
TIC 46432937 b,13.31626907,1017.0509024,872.0,0.02065,115.1312,3572.0,0.5299,0.563,0.323,2.37
K2-388 b,3.9,14.5,874.0,,138.0,5310.0,0.91,0.93,0.24,1.34
TOI-913 b,2.4528,6.59,712.01,,35.2422,4969.0,0.7325,0.82,-0.133,2.45
K2-397 b,2.417,6.42,,,,5387.0,0.966,0.937,0.11,2.5
Kepler-864 c,1.62,3.26,1532.0,0.0382,1305.04,6213.0,1.195,1.27,0.36,4.21
omi UMa b,13.0,1160.39151396,,3.691,,5075.0,13.84,2.72,-0.16,2.9
EPIC 220674823 b,1.606,7.54,2324.0,0.0132,4656.0,5578.0,0.99,0.913,-0.005,10.684836
6 Lyn b,13.4,597.83523357,,2.028,,4941.0,4.94,1.32,-0.17,1.37
HIP 54597 b,13.3,762.7881768,,4.0,0.0143,4799.0,0.66,0.8,-0.22,1.78
Kepler-1993 b,4.15,16.1,903.0,0.1943,157.45,5159.0,3.062,1.373,-0.04,1.24
K2-136 d,1.565,3.0,420.0,0.1538,7.07,4500.0,0.677,0.742,-0.02,4.3
K2-387 b,7.322,42.2,,,,3572.0,0.585,0.57,0.126,0.591
Kepler-102 e,2.17,4.7,590.0,0.1162,20.3,4909.0,0.724,0.803,0.11,2.5
HD 23472 e,0.818,0.72,723.0,0.068,46.7,4684.0,0.71,0.67,-0.2,7.5
TOI-1630.01,2.417,6.42,584.0,0.101151,55.58,5504.0,0.83,0.95,,2.5
HD 73344 c,13.5,118.54999581,,0.3388,,6148.0,1.22,1.19,0.16,0.265
TOI-1246 d,3.43139739,5.4,587.77,0.132,28.0,5213.0,0.8649,0.8889,0.168,0.73
Kepler-1987 c,1.33,2.33,860.0,0.0427,129.44,4769.0,0.714,0.799,0.12,5.44
TOI-654.01,2.378,8.71,794.0,0.01944,65.0,3521.0,0.43,0.419,0.12,3.59
55 Cnc c,8.51,54.4738,,0.247,,5198.0,0.98,1.015,0.39,0.486
TOI-5153 b,11.88151954,1036.12060682,906.0,0.158,49.5559,6300.0,1.4,1.24,0.12,3.39
TIC 87422071 b,10.8615023,409.99864503,1110.0,0.106,140.925,6150.0,1.489,1.239,0.16,1.8785
TOI-1301.01,2.477,6.7,737.36,0.059866,72.55,4820.0,0.732,0.77,,2.42
GJ 3988 b,1.74,3.69,348.0,0.0405,2.45,3273.0,0.19734,0.1842,-0.12,3.85
KOI-7913 b,2.34,6.08,432.0,0.1456,8.27,4324.0,0.788,0.76,-0.06,2.61
HD 73583 c,2.39,9.7,498.0,0.1242,10.2,4511.0,0.65,0.73,0.0,3.88
EPIC 212297394 c,2.27,5.77,866.0,,,5171.0,0.8,0.83,-0.03,2.71
K2-402 b,2.678,7.65,,,,5716.0,1.28,0.944,-0.378,2.19
Kepler-297 b,2.87,48.5,509.0,0.217,16.464,5619.0,0.915,0.927,-0.11,11.3
EPIC 220674823 c,2.712,7.9,838.0,0.1078,70.0,5578.0,0.99,0.913,-0.005,2.336119
K2-111 b,1.837,5.35,1293.0,0.0565,490.0,5775.0,1.25,0.84,-0.46,5.065359
HD 35843 b,2.29,5.84,,0.088,,5666.0,0.897,0.94,-0.27,2.67
TOI-5788 b,1.528,3.72,910.0,0.064,175.1,5615.0,0.87,0.87,-0.32,5.734161
Kepler-290 c,2.7,7.75,437.0,0.205,6.596,5147.0,0.743,0.756,-0.1,2.16
TOI-1184 b,2.39,6.8,715.47,0.056027,57.54,4534.0,0.69,0.71,0.017,2.63
Kepler-949 b,2.91,8.8,782.0,0.07739,58.442,5403.0,0.86,0.89,0.01,1.96
TOI-544 b,2.018,2.89,999.0,0.0225,240.195,4169.0,0.623,0.631,-0.17,1.93
TOI-5238 b,5.22,23.7,1042.0,,195.925,5631.0,1.02283,1.0,,0.916
G 192-15 b,1.02,1.03,453.6,0.01723,7.06,2999.0,0.170718,0.132,,5.33
BD-14 3065 b,21.59,3932.0,2001.0,0.0656,646.761,6935.0,2.35,1.41,-0.34,2.15
TOI-2031 A b,14.20177855,254.2627256,1358.0,0.066,567.0,6490.0,1.241,1.174,-0.24,0.49
Kepler-109 c,2.65,8.2,859.0,0.1546,91.0,5950.0,1.387,1.094,-0.02,2.4
K2-347 b,2.41,6.39,640.0,,,4599.0,0.63,0.66,-0.26,2.51
CoRoT-7 d,4.31,17.142,,,,5250.0,0.8389,0.915,0.12,1.18
K2-383 b,1.564,3.07,,,,5129.0,0.804,1.061,0.187,4.41
TOI-2266 b,1.54,2.99,550.0,0.02,13.0,3200.0,0.24,0.23,,4.5
TOI-2134 b,2.69,9.13,666.0,0.078,32.0,4580.0,0.709,0.744,0.12,2.607
K2-345 b,2.11,5.1,437.0,,,3779.0,0.52,0.56,0.26,2.98
TOI-1710 b,5.20315158,22.4,602.99,0.166,33.0,5684.0,0.9574,1.0258,0.147,0.87
TOI-1744.01,2.68,7.65,598.0,0.164086,63.31,6179.0,1.14,1.18,,2.18
TOI-3884 b,6.43,32.59,441.0,0.0361,6.29,3180.0,0.302,0.298,0.04,0.67
HD 184010 b,12.1,98.52680617,,0.94,,4971.0,4.86,1.35,-0.17,0.306
TOI-2076 c,3.54,7.2,581.0,0.1407,32.7,5187.0,0.758,0.849,-0.09,0.87
WASP-132 b,10.09929161,136.0305582,682.0,0.0674,58.5,4686.0,0.758,0.789,0.15,0.73
K2-400 b,1.163,1.67,,,,3578.0,0.382,0.374,-0.051,5.83
Kepler-164 e,4.24,16.7,429.0,0.4025,7.99,5888.0,1.097,0.966,-0.1,1.2
TOI-4377 b,15.10970598,304.1617855,1162.08,0.0579,430.9826,4974.0,3.52,1.36,0.205,0.881
HD 23472 d,0.75,0.55,909.0,0.04298,117.0,4684.0,0.71,0.67,-0.2,7.5
Kepler-139 f,6.67,36.0,,,,5630.0,1.045,1.078,0.35,0.667
TOI-1199 b,10.5140239,75.96098927,1486.0,0.04988,324.114,5710.0,1.45,1.23,0.44,0.358
TOI-4961 b,12.34108775,572.0911326,919.0,0.0726,115.0,5380.0,0.912,0.912,0.206,1.67
AT2021ueyL b,13.6,425.89006538,,4.01,,3680.0,,0.49,,0.93
LHS 1678 c,0.941,1.4,510.9,0.0327,13.5,3490.0,0.329,0.345,,10.6
HD 23472 b,2.0,8.32,543.0,0.1162,16.0,4684.0,0.71,0.67,-0.2,6.15
HD 24040 b,12.9,1589.142035,,4.92,,5802.0,1.3,1.11,0.19,4.07
K2-131 b,1.69,7.9,2223.0,0.00936,4070.0,5120.0,0.7595,0.803,-0.04,8.8
TOI-1859 b,9.75181321,68.6,615.0,0.337,23.786,6341.0,1.36,1.287,0.12,0.406
K2-343 b,1.65,3.36,653.0,,,3804.0,0.46,0.49,-0.1,4.11
Kepler-51 c,9.0,4.0,439.0,0.384,4.331,6018.0,0.94,1.04,0.05,0.03
TOI-6054.01,2.64,12.5,1360.0,0.0763,570.0,6047.0,1.662,1.107,-0.07,3.7
K2-396 c,3.124,9.93,,,,5236.0,0.92,0.954,0.237,1.79
Kepler-1834 c,1.22,1.98,1541.0,0.015,1334.22,4821.0,0.788,0.765,0.16,5.99
TOI-2015 c,2.93,8.91,448.0,0.041232,6.68,3297.0,0.3273,0.3041,-0.31,1.95
Kepler-865 b,2.49,6.76,694.0,0.1057,46.362,5570.0,0.92,0.93,-0.01,2.41
Kepler-139 b,2.94,7.0,752.0,0.127,64.78,5594.0,1.3,1.078,0.35,2.169438
HD 20794 f,2.28,5.82,,1.3541,,5368.0,0.93,0.79,-0.42,2.7
Kepler-864 b,2.4,6.35,1143.0,0.0687,464.765,5754.0,1.0,1.0,0.04,2.52
Kepler-30 b,3.9,11.3,524.0,0.18,16.379,5498.0,0.95,0.99,0.18,1.02
K2-394 b,1.692,3.51,643.0,,28.5068,4938.0,0.631,0.478,-0.388,3.98
HD 73344 b,2.884,10.48,911.0,0.131,111.9729,6252.6,1.22,1.2,0.143,2.451
HD 87816 c,12.4,3877.5065654,,10.14,,4989.0,9.0,2.41,0.14,11.2
K2-392 b,1.85,4.08,,,,5726.0,1.058,0.841,-0.238,3.54
Kepler-2001 c,1.82,3.97,597.0,0.1084,30.1,5081.0,0.77,0.864,0.12,3.62
K2-409 b,2.482,6.72,,,,5742.0,1.228,0.886,-0.036,2.42
TOI-5800 b,2.46,9.5,1108.0,0.0344,274.163,4850.0,0.773,0.778,-0.04,3.46
HD 68988 c,12.2,4776.96095721,,13.2,,5883.41,1.255733,1.171665,0.3052,14.5
TOI-1739 b,1.946,4.45,755.55,0.073872,53.91,4814.0,0.781,0.78,0.07,3.32
HD 206893 c,16.36511182,4036.4207689,1181.9,3.53,,6500.0,1.31116,1.32,,5.06
Kepler-975 c,10.69,80.2,1168.0,0.0567,439.8,4883.0,1.667,0.951,0.56,0.361
TIC 88785435 b,5.03,22.3,635.0,0.08432,,3998.0,0.911,0.724,-0.08,0.963
TOI-5489 c,1.28,2.18,536.0,,13.8663,3547.0,0.42,0.41,,5.71
HD 191939 c,3.195,8.0,600.0,0.1752,21.0,5348.0,0.94,0.81,-0.15,1.35
Kepler-30 d,8.8,23.1,308.0,0.5,1.962,5498.0,0.95,0.99,0.18,0.19
K2-19 c,4.1,11.0,679.0,0.0982,51.0,5322.0,0.82,0.88,0.06,0.877
Kepler-58 b,2.78,35.5,920.0,0.09291,112.992,5843.0,1.03,0.95,0.1,10.1
GJ 887 b,1.8,3.9,426.0,0.0683,7.8,3688.0,0.468,0.495,-0.06,3.67
Kepler-763 b,1.22,1.98,1414.0,0.0205,974.089,5166.0,0.8,0.84,0.01,5.99
TOI-1759 b,3.14,10.8,443.0,0.1177,6.39,4065.0,0.597,0.606,0.05,1.91
HIP 70849 b,12.9,1430.2278315,,3.99,,4105.0,0.633112,0.65,,3.66
Barnard c,0.743,0.335,400.0,0.0274,,3195.0,0.185,0.162,-0.56,4.49
HAT-P-18 b,11.153,62.61,852.0,0.0559,82.2407,4803.0,0.749,0.77,0.1,0.25
HD 6860 b,11.9,8981.83078182,,2.03,,3802.0,86.4,2.49,-0.03,29.3
K2-350 c,2.74,7.95,687.0,,,5789.0,1.04,0.98,-0.02,2.12
TOI-5110 b,11.98240037,921.7023803,976.0,0.2157,15.1027,6160.0,2.333,1.469,0.065,2.95
HD 73344 d,13.2,810.46243785,,6.7,,6148.0,1.22,1.19,0.16,1.94
Kepler-763 c,1.42,2.6,938.0,0.0466,182.9,4999.0,0.843,0.8,0.18,4.99
TOI-3160 A b,13.7646283,378.21580433,1539.0,0.0505,933.0,6190.0,1.346,1.088,-0.114,0.79
K2-312 c,12.8,1719.45168187,,1.961,,5959.0,1.22,1.18,0.255,4.51
TOI-6692 b,11.67975789,197.05361234,467.0,0.512,182.3533,5890.0,1.385,1.047,-0.008,0.68
HD 112570 b,13.1,1086.97315194,,3.9,,4750.0,9.85,1.15,-0.4,2.66
HIP 18606 b,14.0,244.72787339,,1.61,,4860.0,4.83,1.21,-0.01,0.49
TOI-6000 b,0.94,0.779,1120.0,,258.7482,3419.0,0.38,0.37,,5.15
HD 28109 b,2.69,6.2,867.0,0.1357,33.4501,6189.0,1.425,1.227,0.1,1.8
TWA 7 b,12.7,108.06165838,316.0,52.0,,3509.0,0.917173,0.46,,0.29
TOI-2525 c,10.13291855,208.8132634,399.96,0.249,6.0478,5096.0,0.785,0.849,0.14,1.11
KIC 3526061 b,12.1,5768.58558705,,5.14,,4829.0,5.86,1.42,0.12,17.9
TOI-4184 b,2.43,6.48,412.0,0.0336,4.8,3238.0,0.2347,0.2109,-0.27,2.48
TOI-5489 b,1.4,2.54,624.0,,25.1137,3547.0,0.42,0.41,,5.09
Kepler-880 b,2.66,7.56,1622.0,0.0915,586.169,6761.0,1.74,1.46,0.03,2.21
HD 23079 b,13.2,845.42356262,,1.6,,5994.0,1.08,1.16,-0.129,2.02
HD 35843 c,2.54,11.32,479.0,0.25,11.3814,5666.0,0.897,0.94,-0.27,3.8
K2-381 b,1.075,1.26,,,,4473.0,0.675,0.754,-0.244,5.57
TOI-2152 A b,14.35870428,899.45439181,1802.0,0.05064,2195.7879,6630.0,1.612,1.516,0.282,1.67
HD 196067 b,12.4,3623.2438398,,4.71,,6072.0,1.71,1.16,0.213,10.4
TOI-2407 b,4.26,16.8,705.0,0.033,41.0,3530.0,0.567,0.548,0.21,1.19
55 Cnc f,7.59,44.812,,0.802,,5198.0,0.98,1.015,0.39,0.563
nu Oph b,12.0,7057.73298,,1.765,,4887.0,12.24,2.61,0.1,22.4
Kepler-1998 b,0.6,0.156,1187.0,0.0405,468.31,5640.0,0.921,0.962,0.06,3.97
TOI-7166 b,2.01,4.7,249.0,0.06191,1.07,3099.0,0.222,0.19,-0.2,3.18
KMT-2021-BLG-0171L b,3.35,11.2,,3.5,,5200.0,,0.78,,1.64
Kepler-37 b,0.3098,0.79,718.0,0.1019,44.5,5357.0,0.789,0.79,-0.36,140.0
Kepler-311 d,2.05,4.86,327.0,0.7326,2.71,5903.0,1.156,0.974,-0.1,3.1
Kepler-656 b,3.12,9.91,1569.0,0.02231,924.374,5281.0,0.82,0.86,-0.04,1.79
KOI-4978 b,0.7,0.271,,,,5050.28,0.966,0.859,0.18,4.34
HATS-2 b,12.57647635,435.42491759,1550.0,0.02317,950.0563,5227.0,0.876,0.904,0.15,1.20684
TOI-5126 b,4.74,20.2,1442.0,0.06519,467.0,6150.0,1.241,1.24,0.18,1.04
K2-369 b,1.313,2.28,,,,5682.0,0.881,0.735,-0.234,5.53
HD 23079 c,2.8,8.26,,,,5994.0,1.08,1.16,-0.129,2.07
HD 93083 b,14.3,143.34061156,,0.508,1.59,5033.8,0.837,0.836,0.13,0.269
WASP-149 b,15.24421375,314.96795134,1855.0,0.024,1966.0,5750.0,1.08,1.05,0.0,0.49
Kepler-1921 c,1.41,2.57,1791.0,0.0454,2436.47,6120.0,2.0,1.251,0.02,5.04
LHS 1678 d,0.981,0.907,462.95,0.04,9.1,3490.0,0.329,0.345,,5.28
Kepler-1987 d,2.66,7.56,744.0,0.0571,72.38,4769.0,0.714,0.799,0.12,2.21
K2-329 b,8.675766,82.6358,650.0,0.1016,45.7,5282.0,0.822,0.901,0.098,0.694
K2-390 b,4.662,19.6,1119.0,,260.965,5558.0,0.966,0.789,-0.116,1.06
LP 890-9 b,1.32,13.2,396.0,0.01875,4.09,2850.0,0.1556,0.118,-0.028,
TOI-2345 b,1.504,3.49,1478.0,0.01705,791.0,4687.0,0.729,0.727,-0.1,5.64
TOI-2141 c,2.35,6.14,1095.0,0.0585,241.0,5635.0,0.95,0.896,-0.14,2.6
WASP-4 b,15.12091496,381.3940884,1653.0,0.02261,1188.6219,5436.0,0.912,0.899,-0.05,0.647184
HD 81688 b,13.5,525.68818518,,0.648,,4797.0,11.13,1.07,-0.32,1.17
K2-19 d,1.044,6.2,1258.0,0.03478,404.0,5350.0,0.824,0.892,0.03,31.0
75 Cet c,13.9,289.85950718,,3.929,,4809.0,10.38,1.92,0.1,0.593
TOI-1347 c,1.6,6.4,1000.0,0.0546,183.6642,5464.0,0.83,0.913,0.04,4.1
TOI-1136 g,2.53,5.6,574.0,0.229,,5770.0,0.968,1.022,0.07,1.9
HD 88986 b,2.49,17.2,460.0,0.58,,5861.0,1.543,1.25,0.06,6.1
HD 169830 c,12.6,2437.42605328,,3.075,,6300.0,1.935709,1.17,0.21,6.7
TOI-4940 b,6.61,89.0,643.0,0.165,40.4612,5504.0,1.163,1.012,0.326,
TOI-2525 b,8.67575106,26.69758619,512.97,0.1511,16.3643,5096.0,0.785,0.849,0.14,0.225
KOI-134 b,12.03844527,346.43296363,659.0,0.363,45.0,6160.0,1.667,1.407,0.427,1.09
GJ 9773 b,14.2,172.580825,,2.921,,3528.0,0.362,0.358,-0.2,0.331
TOI-1768.01,3.453,11.8,1566.0,0.076381,240.87,5994.0,1.1,1.1,,1.57
HD 28254 b,13.0,1207.7479466,,2.45,,5664.0,1.48,1.1,0.06,3.02
Kepler-549 c,2.93,8.91,349.0,0.45332,2.51,5360.0,0.84,0.88,-0.03,1.95
Kepler-1876 b,0.853,2.4,1299.0,0.0758,475.0,6104.0,1.477,1.187,0.01,19.0
HD 28109 c,4.13,9.2,643.0,0.308,29.9535,6189.0,1.425,1.227,0.1,0.7
HD 24040 c,9.35,63.88350981,,1.3,,5776.49,1.387296,1.10394,0.1971,0.429
HD 224018 d,2.4,4.2,411.0,0.53,,5784.0,1.147,1.013,0.05,1.7
Kepler-22 b,2.1,9.1,279.0,0.812,1.013,5596.0,0.869,0.857,-0.255,5.2
TOI-1782.01,2.368,6.2,697.84,0.05024,56.25,4336.0,0.669,0.68,,2.57
Kepler-1985 b,2.27,5.77,1129.0,0.0426,382.68,5370.0,0.966,0.877,0.14,2.71
TOI-1416 b,1.62,3.48,1517.0,0.019,883.0,4884.0,0.793,0.798,0.08,4.5
Kepler-2000 b,2.73,7.9,530.0,0.0562,18.73,3757.0,0.576,0.581,0.48,2.13
Kepler-1801 c,2.91,8.8,371.0,0.4572,4.47,5738.0,0.981,0.936,-0.06,1.96
K2-141 c,7.0,8.0,695.0,0.0683,39.1,4570.0,0.681,0.708,0.0,0.081
TOI-260 b,1.71,4.23,493.0,0.0943,10.1838,4026.0,0.607,0.616,-0.47,4.66
Kepler-138 b,0.64,0.07,452.0,0.0753,9.9,3841.0,0.535,0.535,-0.18,1.7
HD 87816 b,12.7,2142.16346318,,1.618,,4989.0,9.0,2.41,0.14,5.75
TOI-4860 b,8.7,86.7,694.0,0.01808,42.5,3260.0,0.358,0.34,0.27,0.75
WASP-155 b,13.45077684,276.8285425,1468.0,0.043,771.0,5660.0,1.24,1.09,0.0,0.62
K2-386 b,2.32,5.99,,,,5749.0,0.97,0.911,0.074,2.64
Kepler-538 b,2.215,12.9,417.0,0.3554,5.07,5534.0,0.8717,0.892,-0.09,6.5
HD 140901 c,13.4,572.0911326,,11.8,,5610.0,0.95,1.06,0.0859,1.31
DMPP-4 b,3.53,12.2,,0.04853,,6400.0,1.38,1.25,-0.007,1.52
HD 360 b,14.0,238.37130525,,0.98,,4770.0,10.86,1.69,-0.06,0.477
HD 191939 b,3.41,10.0,880.0,0.0804,100.0,5348.0,0.94,0.81,-0.15,1.4
TOI-1799 b,1.642,4.0,922.72,0.072502,164.26,5690.0,0.957,1.01,-0.064,7.51
HD 89839 b,12.8,1748.0562385,,4.713,,6314.0,1.28588,1.21,0.04,4.58
TOI-1107 b,14.57167491,1064.72516345,1728.0,0.0561,532.0,6311.0,1.81,1.35,-0.1,1.89
TOI-333 b,4.26,20.1,1445.0,0.049,650.4959,6241.0,1.1,1.2,0.01,1.42
TOI-912 b,1.93,5.1,551.0,0.041,15.0,3572.0,0.419,0.418,-0.19,4.0
LHS 1678 b,0.685,0.35,830.44,0.01239,94.3,3490.0,0.329,0.345,,6.0
Ross 508 b,1.83,4.0,,0.05366,,3071.0,0.2113,0.1774,-0.2,3.59
XO-2 S c,13.6,435.409,,0.4756,,5399.0,1.02,0.982,0.39,0.951
TOI-2458 c,3.18,10.22,,0.129,,6005.0,1.31,1.05,-0.1,1.75
TOI-3629 b,8.29464572,82.63538582,690.0,0.043,39.0,3870.0,0.6,0.63,0.4,0.8
TOI-2589 b,12.10569916,1112.3994245,592.0,0.3,21.7464,5579.0,1.07,0.93,0.12,3.45
HD 18599 b,2.6,24.1,863.0,0.048,145.0,5145.0,0.767,0.863,0.0,7.5
K2-374 c,2.213,5.53,,,,5789.0,0.907,0.731,-0.292,2.8
K2-372 b,2.945,8.98,,,,5479.0,0.922,0.847,-0.064,1.93
Kepler-879 c,0.4,0.0364,,,,5456.75,1.022,0.974,0.05,3.13
HD 73583 b,2.79,10.2,714.0,0.0604,43.3,4511.0,0.65,0.73,0.0,2.58
L 98-59 b,0.837,0.46,620.0,0.0223,24.5,3415.0,0.3155,0.2923,-0.46,4.3
HD 185283 b,13.6,413.1769291,,4.6,,4848.0,0.743303,0.8,-0.06,0.903
HD 187123 b,14.2,166.218,,0.0426,,5790.0,1.15043,1.04,0.09,0.319
Kepler-784 c,1.55,3.02,844.0,0.1309,119.87,5676.0,1.487,1.016,0.1,4.46
Kepler-1471 c,1.88,4.19,841.0,0.0981,118.5,5533.0,1.166,0.934,0.16,3.47
TOI-2141 b,3.147,20.1,728.0,0.1322,47.3,5635.0,0.95,0.896,-0.14,3.54
HD 33142 d,9.32,63.5656814,,0.452,,5025.4,4.17,1.52,0.06,0.431
TOI-4529 b,1.77,4.9,511.0,,14.6089,3697.0,0.48,0.482,-0.24,4.8
K2-395 b,2.597,7.26,,,,5007.0,0.783,0.952,-0.033,2.28
GJ 367 c,1.86,4.13,,,,3522.0,0.458,0.455,-0.01,3.53
HD 16905 b,12.4,3591.4609991,,8.8,,4866.12,0.77494,0.85,0.2405,10.4
TOI-1130 c,13.0,336.0,650.0,0.0731,30.0,4360.0,0.697,0.745,0.11,0.827042
GJ 317 b,13.3,794.5,,1.138,,3496.0,0.403,0.402,-0.02,1.86
nu Oph c,12.0,7838.32346,,5.829,,4887.0,12.24,2.61,0.1,24.9
TOI-5218 b,9.86,657.0,783.0,0.0469,62.0,4230.0,0.708,0.739,0.41,
TOI-1516 b,15.24421375,1004.33776612,1839.0,,1899.83,6520.0,1.14,1.14,-0.05,1.56
Kepler-619 c,1.69,3.5,1767.0,0.02216,1652.907,5980.0,1.11,1.09,0.05,3.98
TOI-1751 b,2.9507845,19.5,651.64,0.215,192.521,5970.0,1.3137,0.9382,-0.373,4.13
TOI-1273 b,11.09689089,70.55790635,1211.0,0.0549,225.013,5690.0,1.06,1.06,0.07,0.28
TOI-771 c,1.5,2.87,365.0,0.046,3.0,3370.0,0.232,0.22,-0.13,4.67
TYC 8998-760-1 c,12.3299,1906.98,1240.0,320.0,,4573.0,0.953811,1.0,,5.59
K2-414 c,1.9287,4.38,,0.0552,56.13,4343.0,0.732,0.814,-0.102,3.35
HD 104067 c,3.69,13.2,,0.1058,,4952.0,0.78,0.82,0.11,1.44
K2-395 c,3.395,11.4,,,,5007.0,0.783,0.952,-0.033,1.6
HIP 90988 b,13.4,668.07531151,,1.36,,4883.0,3.94,1.613,0.17,1.53
TOI-4562 b,12.53,732.0,318.0,0.768,3.2011,6096.0,1.152,1.192,0.08,2.06
HD 33844 c,13.5,556.2025,,2.24,,4861.0,5.29,1.78,0.27,1.24
Kepler-139 c,3.38,13.0,350.0,0.586,3.023,5594.0,1.3,1.078,0.35,8.702677
HD 4732 c,13.1,1069.49258955,,4.725,,4898.0,5.03,1.39,-0.01,2.61
CoRoT-35 b,18.83108758,349.6112477,1747.0,0.0429,,6390.0,1.65,1.01,-0.5,0.29
TOI-332 b,3.2,57.2,1871.0,0.0159,4180.32,5251.0,0.87,0.88,0.256,9.6
TOI-4487 A b,14.60530185,397.28550875,1639.0,0.05448,1203.0,6206.0,1.634,1.378,0.216,0.7
TOI-2981 b,13.4,638.0,1358.0,0.048,556.616,5940.0,1.08,1.03,-0.11,1.46
GJ 3512 b,14.3,146.51889563,,0.3376,,3141.0,0.139,0.123,-0.07,0.275
Gaia-2 b,14.81827249,259.66580852,1213.23,0.0467,512.0235,5720.0,1.064,1.0,,0.439
HD 95338 b,4.27174254,42.9,443.0,0.262,7.42,5097.0,0.868,0.848,0.08,3.98
TOI-2322 c,1.874,18.1,496.8,0.1362,10.15,4664.0,0.662,0.703,-0.12,14.69
Kepler-549 b,2.57,11.0,487.0,0.23236,9.549,5360.0,0.84,0.88,-0.03,1.9
Kepler-51 d,9.7,7.6,381.0,0.509,2.466,6018.0,0.94,1.04,0.05,0.046
GJ 3090 b,2.18,4.52,723.0,0.0316,45.4,3707.0,0.516,0.519,0.12,2.4
Kepler-2001 b,1.04,1.12,1402.0,0.0197,911.28,5081.0,0.77,0.864,0.12,5.47
TOI-238 b,1.559,3.37,1378.0,0.0212,753.1,5059.0,0.756,0.781,-0.114,6.8
HD 215497 b,,1588.82420659,,0.05,,5110.0,0.85,0.67,0.2,
G 192-15 c,3.87,14.3,55.9,1.137,0.0016,2999.0,0.170718,0.132,,1.36
75 Cet b,13.3,787.89662095,,1.912,,4809.0,10.38,1.92,0.1,1.84
HD 235088 b,1.982,4.15,805.0,0.0706,70.0,5075.0,0.772,0.849,-0.02,2.922216
NGTS-34 b,3.65,19.1,624.0,0.257,,6134.0,1.367,1.266,0.228,2.16
55 Cnc b,13.9,263.9785,700.0,0.118,,5198.0,0.98,1.015,0.39,0.54
Kepler-68 c,0.979,1.3,1052.0,0.09008,204.0,5847.0,1.2564,1.057,0.11,7.5
TOI-199 c,11.4,88.99195396,,0.807,,5255.0,0.82,0.936,0.22,0.33
HD 180314 b,12.0,7216.92963775,,1.448,,4917.0,9.2,2.6,0.2,22.9
HD 28471 b,1.75,3.72,1377.0,0.042,,5766.0,1.08,0.98,-0.04,3.81
K2-384 c,1.191,1.82,,,,3623.0,0.348,0.33,0.068,5.92
NY Vir b,13.3,730.978,,3.3,,32780.0,0.151,0.459,,1.71
TOI-2447 b,9.60609646,124.90656395,414.0,0.347,44.5933,5730.0,1.006,1.034,0.18,0.774
TOI-500 e,3.99,15.05,,,,4440.0,0.678,0.74,0.12,1.3
L 98-59 e,1.49,2.82,347.0,0.0712,2.4,3415.0,0.3155,0.2923,-0.46,5.2
TOI-2096 c,1.914,4.32,349.0,0.04,3.7,3300.0,0.235,0.231,-0.03,3.39
EPIC 212587672 b,1.26,2.13,756.0,,,6004.0,0.98,0.99,-0.18,5.85
NGC 2682 Sand 1429 b,13.4,572.0911326,683.0,0.384,,6000.0,2.13,1.26,-0.013,1.31
TOI-2158 b,10.76062147,260.61929374,1188.0,0.075,81.4989,5673.0,1.41,1.12,0.47,1.14
TOI-6034 b,11.92,254.0,714.0,0.02949,43.0,3635.0,0.489,0.514,-0.09,0.82
Teegarden's Star d,0.954,0.82,159.0,0.0791,0.12,3034.0,0.12,0.097,-0.11,5.19
K2-352 b,1.37,2.45,1160.0,,,5791.0,0.95,0.98,-0.05,5.24
K2-19 b,7.0,30.8,857.0,0.07487,87.0,5322.0,0.82,0.88,0.06,0.494
TOI-3288 b,12.24020692,536.17652261,973.0,0.02285,213.8,4072.0,0.672,0.643,0.65,1.6
TOI-1260 b,2.41,8.56,871.0,0.0367,95.58,4227.0,0.672,0.679,-0.1,3.35
GJ 3929 b,1.09,1.75,568.0,0.0252,17.3,3384.0,0.32,0.313,-0.02,7.3
GJ 887 d,2.34,6.1,241.0,0.212,0.81,3688.0,0.468,0.495,-0.06,2.62
K2-341 b,3.21,10.4,598.0,,,5817.0,1.16,0.98,-0.05,1.73
Wolf 503 b,2.043,6.26,790.0,0.05706,69.6,4716.0,0.689,0.688,-0.47,2.92
K2-411 b,0.9898,0.937,,0.0511,619.038,5711.0,1.375,1.018,0.1415,5.31
TOI-283 b,2.34,6.54,661.0,0.123,30.4,5213.0,0.85,0.8,-0.09,2.81
K2-111 c,3.34,11.1,923.0,0.11565,,5775.0,1.25,0.84,-0.46,1.64
HD 3167 e,2.83,8.41,374.8,0.3885,,5261.0,0.88,0.837,0.04,2.04
TOI-2046 b,16.14093221,731.0053361,1828.82,,2643.655,6250.0,1.21,1.13,-0.06,0.955
TOI-1075 b,1.791,9.95,1323.0,0.01159,509.2,3875.0,0.581,0.604,-0.08,9.32
HD 134606 f,2.24,5.63,,0.1784,,5576.0,1.158,1.046,0.343,2.75
HIP 8541 b,12.6,2451.7283316,,3.729,,4672.0,6.84,2.009,-0.19,6.73
TOI-2459 b,2.9531,9.03,445.01,,8.5187,4195.0,0.6751,0.66,,1.93
HD 215497 c,13.0,111.23994245,,1.31,,5113.0,0.85,0.92,0.23,0.278
HD 169142 b,13.1,953.485221,,37.2,,7246.0,1.53702,1.85,,2.33
HIP 41378 g,2.54,7.0,605.0,,22.3,6320.0,1.273,1.16,-0.1,2.35
Kepler-1489 b,1.77,3.78,400.0,0.3679,11.893,5655.0,0.9,0.93,-0.13,3.75
TOI-1288 b,4.96846551,44.1,1203.44,0.0374,1198.41,5388.0,0.9583,0.9552,0.257,1.97
COCONUTS-2 b,12.44196858,2542.627256,434.0,7506.0,,3406.0,0.388,0.37,0.0,7.25
HD 3167 c,3.0,11.13,564.0,0.1776,16.9,5261.0,0.88,0.837,0.04,2.11
Kepler-1126 b,1.73,3.64,374.0,0.41251,4.55,5798.0,0.93,0.92,-0.26,3.86
Kepler-784 b,1.58,3.12,688.0,0.22111,194.385,5674.0,1.32,1.0,0.07,4.35
TOI-1408 b,25.0,593.0,1293.0,0.05778,465.179,6117.0,1.53,1.312,0.25,0.18
TOI-672 b,5.31,50.9,699.5,0.0376,39.8,3810.0,0.54,0.54,-0.14,1.86
K2-333 b,6.18,31.6,826.0,,102.1266,5880.0,1.22,1.06,0.07,0.736
TOI-2145 b,12.24020692,1805.26535176,1484.0,0.1117,515.939,6206.0,2.75,1.71,0.28,5.34
TOI-1246 e,3.5141875,14.5,463.98,0.212,11.0,5213.0,0.8649,0.8889,0.168,1.83
HD 110067 g,2.607,8.4,440.0,0.2621,,5266.0,0.788,0.798,-0.2,
TOI-1696 b,3.09,48.8,489.0,0.0229,13.5,3185.0,0.2775,0.255,0.336,9.44
TOI-2096 b,1.243,2.08,445.0,0.025,9.4,3300.0,0.235,0.231,-0.03,5.95
K2-157 b,0.935,1.14,2432.0,0.00962,6660.0,5334.0,0.86,0.89,0.02,7.7
TOI-1346 b,2.39,6.3,1324.0,,468.5415,5099.0,0.78,0.82,-0.01,2.54
HAT-P-16 b,14.68376472,1341.56043,1566.0,0.0413,1597.59,6140.0,1.158,1.218,0.17,2.479989
Kepler-20 f,0.952,1.4,681.0,0.1387,35.9,5495.0,0.9164,0.929,0.07,8.4
Kepler-19 b,2.209,6.1,851.0,0.0846,87.6,5541.0,0.859,0.936,-0.13,3.1
Kepler-1999 b,3.29,10.8,577.0,0.0713,26.17,4406.0,0.628,0.632,-0.24,1.67
TOI-1723 b,3.435,10.4,782.98,0.113496,92.36,5777.0,1.09,1.04,0.159,1.6
HD 72659 c,12.1,6165.8710958,,21.5,,5929.0,1.36,1.033,-0.02,19.1
Kepler-20 d,2.606,13.4,430.0,0.3474,5.71,5495.0,0.9164,0.929,0.07,4.1
TOI-5386 A b,14.70618268,155.10026262,1488.0,0.04856,817.0,6094.0,1.245,1.165,0.182,0.268
HD 110067 c,2.388,6.3,699.0,0.1039,,5266.0,0.788,0.798,-0.2,
TOI-1130 b,3.66,19.8,825.0,0.0453,78.1,4360.0,0.697,0.745,0.11,2.23
TOI-1268 b,9.1,96.4,918.9,0.0711,91.0972,5300.0,0.92,0.96,0.36,0.71
TOI-5728 b,1.31,2.27,382.0,,3.512,3419.0,0.37,0.36,-0.12,5.55
TOI-1246 c,2.45109846,9.1,862.49,0.061,129.0,5213.0,0.8649,0.8889,0.168,3.39
Kepler-1610 c,2.09,5.02,433.0,0.2323,8.34,5295.0,0.8,0.825,-0.1,3.02
Kepler-2000 c,1.57,3.09,359.0,0.1228,3.92,3757.0,0.576,0.581,0.48,4.39
Qatar-2 b,14.056,792.635,1344.0,0.02153,,4645.0,0.776,0.743,0.02,1.573
HD 222076 b,13.5,495.8148,,1.83,,4806.0,4.1,1.07,0.05,1.11
Gaia-1 b,13.77583728,533.95172376,1159.07,0.04047,426.5351,5470.0,0.952,0.949,,1.12
K2-338 b,1.03,1.08,783.0,,,4558.0,0.63,0.66,-0.23,5.43
K2-339 b,1.92,4.35,508.0,,,4857.0,0.72,0.74,-0.11,3.38
TOI-286 b,1.42,4.53,979.0,0.0503,889.5827,5152.0,0.78,0.832,-0.05,8.63
HD 95086 b,12.9,1589.0,1000.0,55.7,,7595.0,1.48667,1.6,0.14,4.07
Kepler-1984 b,6.81,37.3,675.0,0.0238,48.82,3638.0,0.42,0.45,-0.14,0.649
Kepler-454 d,13.3,734.18362017,,5.1,,5687.0,1.066,1.03,0.32,1.71
TOI-7510 c,10.81,131.0,702.0,0.1595,92.4087,5720.0,1.035,1.063,0.25,0.573
Kepler-1976 b,12.21,,1103.0,0.0565,349.4,5712.0,1.082,0.976,0.1,
Kepler-1669 b,2.78043818,8.15,530.0,0.0745,18.66,4303.0,0.714145,0.67,-0.23,2.08
K2-368 b,1.332,2.34,,,,4663.0,0.663,0.746,-0.25,5.44
TOI-5398 b,10.3,58.7,947.0,0.098,118.413,6000.0,1.051,1.146,0.09,0.29
TOI-2449 b,11.24,222.0,400.0,0.45,362.642,6021.0,1.065,1.079,-0.03,0.859
K2-348 b,3.26,10.7,908.0,,133.083,5077.0,0.85,0.83,0.13,1.7
HD 112300 b,12.2,5031.22368281,,1.33,,3657.0,65.8,1.4,-0.06,15.2
K2-352 d,2.23,5.6,727.0,,,5791.0,0.95,0.98,-0.05,2.77
Kepler-1980 b,2.21,5.52,564.0,0.2049,23.95,5819.0,0.99,1.049,0.14,2.81
HIP 66074 b,12.9,1589.142035,,0.799,,4300.0,0.69,0.705,0.12,4.07
TOI-3135 b,13.65253849,327.36325921,1292.0,0.04756,464.0,5890.0,0.985,1.044,0.071,0.7
Kepler-1814 c,1.76,3.75,1711.0,0.0133,2011.27,4922.0,0.823,0.79,0.2,3.78
HD 3167 d,1.92,4.33,859.5,0.0763,88.9,5261.0,0.88,0.837,0.04,3.36
TOI-2134 c,7.27,41.89,306.0,0.371,1.4,4580.0,0.709,0.744,0.12,0.599
HD 94771 b,14.2,169.0,,3.48,0.271,5631.0,1.903,1.2,0.22,0.324
HD 196050 b,12.9,1493.7935129,,2.65,,5879.0,1.42,1.27,0.229,3.82
CD-35 2722 b,17.37392009,9375.9380065,1800.0,67.0,,3689.0,0.558549,0.4,-0.16,9.82
HD 11506 b,12.9,1551.00262616,,2.885,,6123.0,1.24,1.22,0.3,3.97
HD 168443 b,12.6,2424.3950886,,0.292,,5491.0,1.711479,0.98,0.04,6.66
Kepler-1181 b,1.57,3.09,1374.0,0.0621,831.143,6176.0,1.3,1.17,0.03,4.39
TOI-561 e,2.517,12.4,416.0,0.33,4.89,5342.0,0.843,0.806,-0.41,4.3
Kepler-975 b,1.48,2.79,1599.0,0.02898,328.698,4897.0,0.75,0.8,0.07,4.73
Kepler-1978 b,2.67,7.61,676.0,0.0914,49.3,5251.0,0.778,0.869,-0.04,2.2
HD 47366 b,13.4,661.71874337,,1.207,,4866.0,7.3,1.81,-0.02,1.51
GJ 3222 b,3.4,11.44182265,,0.091,,5257.46,0.931389,0.89,0.16,1.6
LTT 1445 A b,1.34,2.73,431.0,0.0381,5.7,3562.0,0.271,0.257,-0.34,6.2
GJ 724 b,3.27,10.75,611.0,0.04685,23.32,3799.0,0.52226,0.5271,-0.02,1.69
Kepler-896 c,3.15,10.1,515.0,0.1792,16.56,5510.0,0.803,0.877,-0.16,1.78
Barnard e,0.637,0.193,340.0,0.0381,,3195.0,0.185,0.162,-0.56,4.1
2M0437 b,13.0,1271.313628,1450.0,118.0,,3100.0,0.84,0.17,0.01,3.18
K2-79 b,4.15,5.9,1033.0,0.0987,180.0,5897.0,1.269,1.06,0.035,0.476928
CoRoT-7 c,2.83,8.4,,0.046,,5256.0,0.864273,0.899,0.06,2.04
Kepler-1995 b,4.28,16.9,375.0,0.3259,4.66,5029.0,0.93,0.847,0.48,1.18
HD 181433 d,13.2,858.1366989,,6.74,,4918.0,0.79,0.86,0.4012,2.05
HD 181234 b,12.5,2980.91262925,,7.427,,5386.0,1.059423,0.94,0.32,8.39
Kepler-1518 b,3.05,9.53,1351.0,0.0593,1079.458,6846.0,1.88,1.54,0.06,1.85
Kepler-51 b,7.1,2.1,543.0,0.2514,10.119,6018.0,0.94,1.04,0.05,0.03
HATS-54 b,11.37711541,239.32479047,1429.0,0.037,476.965,5621.0,1.23,1.05,0.37,0.77
HD 23472 f,1.137,0.77,630.0,0.0906,26.3,4684.0,0.71,0.67,-0.2,3.0
HD 190007 b,4.06,15.5,,0.092,,4610.0,0.79,0.77,0.16,1.27
TOI-2095 c,1.33,7.4,297.0,0.137,1.84,3759.0,0.44,0.44,-0.24,
TOI-1807 b,1.49681583,2.44,1694.1,0.0122,1407.22,4914.0,0.746,0.8048,0.044,3.98
HIP 41378 d,3.54,4.6,367.0,,3.01,6320.0,1.273,1.16,-0.1,0.56
TOI-4773 b,15.22179579,1687.66884117,2255.0,0.03216,3879.8071,6740.0,1.55,1.452,0.11,2.63
Kepler-1921 b,2.89459458,8.72,967.0,0.15865,216.2,6120.0,2.0,1.251,0.02,1.98
BD-210397 b,14.0,214.0,,2.63,0.02,4051.0,0.747,0.679,0.12,0.429
HD 47366 c,13.5,483.73483545,,1.84,,4866.0,7.3,1.81,-0.02,1.08
Kepler-1052 c,2.3,5.9,302.0,0.6135,1.96,5818.0,0.848,0.937,-0.22,2.66
ups Leo b,14.2,162.09248757,,1.18,,4836.0,11.22,1.48,-0.2,0.311
Kepler-58 c,2.86,53.0,799.0,0.12307,64.389,5843.0,1.03,0.95,0.1,10.0
TOI-500 b,1.166,1.42,1617.0,0.01189,1138.0,4440.0,0.678,0.74,0.12,4.89
HD 260655 c,1.533,3.09,557.0,0.04749,16.1,3803.0,0.439,0.439,-0.43,4.7
TIC 231949697 b,1.52831855,2.95,982.91,,154.97,3451.32,0.492584,0.490679,,4.54
K2-167 b,2.36509493,6.5,1220.0,0.0932,317.0,6310.0,1.499,1.084,-0.456,2.87
K2-343 c,2.02,4.74,465.0,,,3804.0,0.46,0.49,-0.1,3.16
HD 62364 b,12.1,5965.63919939,,6.15,0.072,6255.0,1.401,1.157,-0.11,18.5
TOI-2537 c,12.7,2297.89938261,123.1,2.78,,4870.0,0.771,0.771,0.08,6.16
TOI-782 b,2.734,19.1,435.0,0.0578,5.91,3370.0,0.413,0.397,0.34,
TOI-5882 b,11.46678726,6995.40323807,1515.0,0.0804,4792.5,5920.0,2.26,1.334,0.18,25.4
K2-352 c,1.92,4.35,885.0,,,5791.0,0.95,0.98,-0.05,3.38
KOI-134 c,9.86,69.92224954,,0.2305,,6160.0,1.667,1.407,0.427,0.401
Kepler-20 b,1.773,9.7,1187.0,0.04565,331.0,5495.0,0.9164,0.929,0.07,9.4
Kepler-51 e,2.18,5.4,,,,5674.0,0.87,0.96,0.047,2.86
HD 110067 e,1.94,3.9,533.0,0.1785,,5266.0,0.788,0.798,-0.2,
Kepler-1972 c,0.868,2.11,1215.0,0.10493,198.4,5818.0,1.384,1.12,0.23,18.4
Kepler-1988 b,1.53,2.96,1105.0,0.1038,351.79,6033.0,1.788,1.127,-0.1,4.54
TOI-5592 b,17.14974047,285.72773789,1789.0,0.03935,1712.0,6237.0,1.393,1.194,-0.013,0.22
Kepler-1162 b,2.21,5.52,490.0,0.19,12.245,5390.0,0.84,0.89,-0.03,2.81
NGTS-20 b,11.99360935,947.12865286,688.0,0.313,6.7645,5980.0,1.78,1.47,0.15,3.02
TOI-1408 c,2.22,7.6,1864.0,0.03587,2005.35,6117.0,1.53,1.312,0.25,3.8
Kepler-58 e,1.61,597.796,1212.0,0.0533,511.6,6100.0,1.083,1.017,-0.12,131.0
Kepler-37 e,0.37,8.1,401.0,0.25,,5288.0,0.772,0.8,-0.25,879.0
HAT-P-65 b,18.05766791,176.07693748,1818.0,0.04042,1821.0,5872.0,1.666,1.297,0.208,0.164
HD 165131 b,12.1,5943.3912109,,3.54,,5870.0,1.06419,1.06,0.06,18.4
HD 23472 c,1.87,3.41,467.0,0.1646,7.96,4684.0,0.71,0.67,-0.2,3.1
HAT-P-19 b,11.29865255,88.03846874,981.2,0.04599,154.0,4962.0,0.773,0.807,0.166,0.335
TOI-1685 b,1.421,3.07,1000.0,0.01164,213.0,3470.0,0.462,0.466,0.01,5.3
K2-401 b,2.262,5.74,,,,4213.0,0.675,0.87,-0.098,2.73
24 Boo b,13.9,280.64248338,,0.194,,4816.0,12.19,1.05,-0.78,0.574
Kepler-138 e,0.797,0.43,292.0,0.1803,1.73,3841.0,0.535,0.535,-0.18,4.67
TOI-5789 c,2.86,5.0,718.0,0.1009,8.7194,5185.0,0.833,0.821,-0.12,1.16
K2-331 b,1.79,3.86,909.0,,,5994.0,1.06,1.1,0.08,3.7
eps Tau b,12.7,2285.18624633,,1.878,,4877.0,12.35,2.57,0.1,6.13
HD 206893 b,14.01122587,8899.195396,1429.2,9.6,,6500.0,1.31116,1.32,,17.8
HD 110067 d,2.852,8.52,602.0,0.1362,,5266.0,0.788,0.798,-0.2,2.02
Kepler-351 c,3.19,11.1,431.0,0.287,6.712,5643.0,0.854,0.81,-0.16,1.88
Kepler-327 b,1.11,1.41,682.0,0.029,73.056,3799.0,0.492,0.591913,-0.2,5.67
Kepler-114 b,1.26,1.09,586.0,0.053,92.535,4605.0,0.667,0.77,0.2291,2.53
Kepler-358 c,2.85,8.5,411.0,0.381,6.599,5908.0,0.954,0.94,0.035,2.02
Kepler-169 c,1.21,1.92,776.0,0.062,82.853,4997.0,0.763,0.825,0.17,5.96
Kepler-236 b,1.57,3.09,469.0,0.065,15.632,3750.0,0.51,0.596005,-0.05,4.39
Kepler-141 c,1.41,2.57,738.0,0.067,77.412,4910.0,0.787,0.878,0.2643,5.04
Kepler-858 b,4.87,21.1,399.0,0.33939,6.338,5653.0,0.91,0.96,-0.04,1.0
Kepler-855 b,8.35,52.7,996.0,0.0762,405.183,5835.0,1.03,1.03,0.06,0.497
Kepler-321 c,2.32,5.99,752.0,0.11,80.103,5740.0,1.194,1.024,0.121,2.64
Kepler-349 b,1.9,94.5,972.0,0.065,248.274,5956.0,0.927,1.083,0.1509,75.7
Kepler-353 c,1.38,2.48,472.0,0.065,16.561,3903.0,0.504,0.553,-0.12,5.19
Kepler-359 c,4.3,2.9,512.0,0.307,8.1,6248.0,1.086,0.827,-0.29,0.1
Kepler-173 b,1.29,2.21,1179.0,0.048,599.495,6031.0,0.949,1.067,0.0357,5.66
K2-29 b,13.33871,232.0159,1171.0,0.04217,293.0,5358.0,0.86,0.94,0.16,0.53
Kepler-180 b,1.5,2.86,781.0,0.109,72.119,5731.0,1.063,0.95,0.03,4.66
Kepler-244 d,2.31,15.2,622.0,0.14,31.267,5554.0,0.803,0.933,0.07,6.78
Kepler-254 c,2.15,3.2,787.0,0.105,67.225,5957.0,0.91,0.849,-0.13,1.77
WASP-92 b,16.376349,255.85315,1871.0,0.0348,1622.2528,6280.0,1.341,1.19,0.0,0.346
Kepler-330 c,1.95,4.46,573.0,0.116,27.676,5117.0,0.722,0.848,0.16,3.31
Kepler-1243 b,1.75,3.71,690.0,0.1256,36.162,5667.0,0.94,0.96,0.01,3.8
Kepler-360 b,1.65,3.36,1116.0,0.044,415.434,6053.0,1.058,0.994,0.15,4.11
Kepler-49 e,1.56,1.03815,371.0,0.116,6.063,4252.0,0.559,0.549,0.03,0.046
Kepler-140 b,1.61,3.22,1301.0,0.045,848.695,6077.0,1.288,1.044,-0.039,4.24
Kepler-122 d,2.2,5.48,747.0,0.155,77.14,6050.0,1.216,0.982,-0.08,2.83
Kepler-268 c,3.38,11.4,471.0,0.391,13.662,6081.0,1.274,1.109,0.0009,1.62
Kepler-171 c,2.56,7.08,752.0,0.098,78.905,5642.0,0.839,0.978,0.17,2.32
Kepler-133 c,2.84,8.45,663.0,0.204,67.161,5736.0,1.425,1.02,0.282,2.03
Kepler-185 b,1.17,1.71,1237.0,0.026,475.507,5208.0,0.806,0.763,-0.14,5.87
Kepler-346 b,2.66,7.56,1008.0,0.071,134.357,6033.0,1.021,0.943,0.1,2.21
Kepler-718 b,16.56,,1497.0,0.0322,1324.2,6191.0,1.3,1.18,0.06,
Kepler-720 b,8.41,53.4,1162.0,0.0539,384.561,5618.0,0.92,0.95,0.0,0.493
Kepler-1241 b,2.63,7.41,612.0,0.1336,31.456,5261.0,0.8,0.84,-0.09,2.24
Kepler-495 b,5.23,23.8,1200.0,0.0427,310.021,5346.0,0.83,0.86,-0.07,0.914
Kepler-281 b,2.82,324.0,694.0,0.117,118.246,5723.0,0.899,0.95,0.02,52.0
Kepler-288 b,1.67,3.43,1197.0,0.065,247.301,5918.0,1.091,0.842,-0.24,4.05
Kepler-394 b,1.6,3.19,1035.0,0.083,164.78,6402.0,1.132,0.87,-0.3,4.28
Kepler-189 b,1.21,1.92,678.0,0.088,45.389,5235.0,0.75,0.803,-0.04,5.96
Kepler-148 b,1.8,3.89,1284.0,0.028,609.017,5272.0,0.851,0.86,0.14,3.67
Kepler-178 c,2.88,8.65,656.0,0.142,30.546,5676.0,1.066,0.852,-0.04,1.99
Kepler-686 b,12.15,,1539.0,0.0258,2132.903,5649.0,0.92,0.94,-0.07,
Kepler-468 b,13.34,,484.0,0.2213,11.241,5498.0,0.87,0.96,0.1,
Kepler-953 c,1.19,1.81,873.0,0.0862,121.04,5416.0,0.99,0.95,0.26,5.9
Kepler-342 b,2.25,5.69,905.0,0.128,160.261,6175.0,1.472,1.213,-0.0006,2.74
Kepler-334 c,1.43,2.63,822.0,0.107,97.21,5828.0,1.068,1.022,-0.012,4.94
Kepler-291 c,1.88,4.19,1035.0,0.065,332.737,6002.0,1.016,1.023,0.23,3.47
Kepler-298 c,1.93,4.38,416.0,0.136,8.696,4465.0,0.582,0.66,-0.21,3.35
Kepler-190 c,1.46,2.73,948.0,0.045,181.699,5106.0,0.795,0.834,0.06,4.82
Kepler-191 c,1.86,4.12,596.0,0.128,23.2,5282.0,0.789,0.857,0.13,3.52
BD-08 2823 c,12.5,104.0,,0.68,,4746.0,0.71,0.74,-0.07,0.293
HD 10180 f,5.24,23.9,,0.4929,,5911.0,1.109,1.06,0.08,0.913
Kepler-207 c,1.5,2.86,1556.0,0.044,1742.715,5920.0,1.588,1.313,0.29,4.66
Kepler-224 b,1.39,2.51,937.0,0.038,201.489,5018.0,0.676,0.777,-0.06,5.14
Kepler-337 c,2.05,4.86,1017.0,0.093,376.21,5684.0,1.761,1.081,0.07,3.1
Kepler-299 d,1.86,4.12,729.0,0.118,69.96,5617.0,1.032,1.004,0.12,3.52
Kepler-953 b,4.21,16.5,410.0,0.392,5.84,5416.0,0.99,0.95,0.26,1.22
Kepler-493 b,15.13,,1438.0,0.0439,1414.329,6457.0,1.54,1.36,0.11,
Kepler-303 c,1.14,1.55,521.0,0.057,25.851,3944.0,0.485,0.575,-0.4136,5.75
Kepler-137 b,1.47,2.76,742.0,0.077,86.33,5187.0,0.802,0.85,0.05,4.77
Kepler-228 b,1.53,2.96,1360.0,0.038,863.776,6043.0,1.014,1.006,0.18,4.54
Kepler-238 c,2.39,152.522,1146.0,0.069,592.298,5751.0,1.43,1.229,0.34,3.2
Kepler-324 c,3.15,6.2,410.0,0.26,7.233,5194.0,0.84,0.901,0.18,1.73
Kepler-188 b,1.68,3.46,1463.0,0.032,1069.235,6021.0,1.141,1.021,0.15,4.01
Kepler-126 b,1.52,4.11726105,1009.0,0.099,298.088,6239.0,1.358,1.108,-0.16,5.762535
Kepler-136 c,1.99,4.62,847.0,0.133,162.044,6165.0,1.355,1.204,0.0002,3.22
Kepler-198 c,2.47,6.66,465.0,0.259,11.354,5574.0,0.94,0.995,0.1142,2.43
Kepler-398 b,0.93,0.749,755.0,0.044,81.287,4493.0,0.613,0.649,0.0528,5.12
Kepler-244 c,2.05,4.86,791.0,0.087,81.574,5554.0,0.803,0.933,0.07,3.1
Kepler-247 b,1.64,3.33,970.0,0.042,216.111,5100.0,0.768,0.887,0.3,4.15
HIP 21152 b,12.0,7627.881768,1300.0,17.0,,6655.0,1.59186,1.4,0.13,24.3
KMT-2021-BLG-0119L b,12.8,1754.41280664,,2.92,,,,0.56,,4.6
TOI-3523 A b,15.9727975,435.42491759,1984.0,0.03559,2590.0,6450.0,1.448,1.131,-0.366,0.587
Kepler-1894 c,1.21,1.92,1007.0,0.0576,243.06,5772.0,0.901,0.999,0.0,5.96
TOI-4562 c,12.8,1833.86990839,,5.219,,6096.0,1.152,1.192,0.08,4.81
DE CVn b,12.4,3823.27330161,,5.75,,3579.0,0.424754,0.51,,11.0
HIP 81208 C b,12.3,4703.8604236,2050.0,23.04,,,,0.135,,13.9
Kepler-1669 c,1.90120972,4.27,958.0,0.0228,199.28,4224.0,0.603,0.609,-0.2,3.41
TOI-1064 b,2.587,13.5,784.0,0.06152,62.9,4734.0,0.726,0.748,0.05,4.30062
GJ 1137 c,2.11,5.12,,0.0835,58.4,5033.8,0.837,0.836,0.13,2.99
Kepler-1869 b,1.11955354,1.46,865.0,0.07976,138.5,5808.0,0.902,0.987,-0.06,5.72
GJ 9827 b,1.44,4.28,1035.01,0.0189,318.0,4236.0,0.58,0.62,-0.29,7.858
HD 224018 c,2.42,10.4,641.0,0.217,,5784.0,1.147,1.013,0.05,4.0
HD 167042 b,13.6,444.00628458,,1.22,,4919.0,4.63,1.39,-0.01,0.97
GJ 367 b,0.699,0.633,1365.0,0.00709,579.0,3522.0,0.458,0.455,-0.01,10.2
HD 110067 b,2.2,5.69,800.0,0.0793,,5266.0,0.788,0.798,-0.2,2.94
TOI-286 c,1.88,3.72,475.0,0.213,22.4437,5152.0,0.78,0.832,-0.05,3.09
HD 169830 b,13.2,804.42369812,345.0,0.765,,6300.0,1.935709,1.17,0.21,1.92
TOI-3474 b,14.67255574,193.87532827,1451.0,0.0502,740.0,6020.0,1.256,1.121,0.146,0.337
Kepler-1894 b,1.20117759,1.87,1231.0,0.0385,544.05,5772.0,0.901,0.999,0.0,5.93
Gaia-4 b,12.4,3750.3752026,,,,4034.0,0.624,0.644,0.05,10.8
TOI-2000 c,8.14,81.7,1038.0,0.0878,149.0,5611.0,1.134,1.082,0.439,0.829
TOI-1333 b,15.647764,753.2571,1679.0,0.0626,1112.85,6274.0,1.925,1.464,0.119,1.08
BD+05 4868 A b,,6.2,1820.0,0.0208,,4596.0,0.69,0.7,-0.05,
TOI-2081 b,2.04,4.82,488.0,0.0752,8.1,3800.0,0.534,0.54,-0.5,3.12
TOI-1136 e,2.639,6.07,737.0,0.14,48.4771,5770.0,0.968,1.022,0.07,1.81
BD-210397 c,12.9,1525.5763536,,5.9,0.0039,4051.0,0.747,0.69,0.12,3.91
HD 152843 b,3.05,9.82,1003.11,0.1049,265.4,6310.0,1.43,1.15,-0.16,1.9
HD 134606 d,7.59,44.8,,1.941,,5576.0,1.158,1.046,0.343,0.563
GJ 338 B b,3.25,10.6,391.0,0.142,,4014.0,0.58,0.64,-0.03,1.7
WISPIT 2 c,17.93436912,3178.28407,2050.0,14.0,,4530.0,1.3,1.08,,3.03
GJ 1132 c,1.43,2.64,300.0,0.0476,,3270.0,0.2105,0.181,-0.31,4.96
HAT-P-22 b,12.89035,785.0401,1463.0,0.0414,325.569,5302.0,1.11,1.13,0.24,2.14
TOI-5720 b,1.09,4.3,708.0,0.018288,41.7,3325.0,0.383,0.383,0.03,
K2-381 c,2.0,4.66,,,,4473.0,0.675,0.754,-0.244,3.2
K2-374 b,1.593,3.16,,,,5789.0,0.907,0.731,-0.292,4.3
TOI-1736 b,3.18175535,12.3,1099.79,0.073,329.6,5636.0,1.4286,1.0373,0.148,2.09
TOI-5174 b,5.351,24.8,808.37,,100.9112,5643.77,1.09457,1.0,0.415,0.889
Kepler-347 c,1.75,3.71,705.0,0.183,65.707,6088.0,1.005,0.922,-0.14,3.8
TOI-1260 c,2.76,13.2,651.0,0.0657,29.81,4227.0,0.672,0.679,-0.1,3.45
NGTS-21 b,14.90794433,750.07504052,1357.0,0.0236,514.2853,4660.0,0.86,0.72,-0.26,1.25
K2-330 b,2.77,8.1,969.0,,114.929,6232.0,1.5,1.23,-0.03,2.09
TOI-3235 b,11.39953337,211.35589065,604.0,0.02709,13.8883,3388.8,0.3697,0.3939,0.264,0.78
HD 75302 b,12.8,1716.2733978,,5.3,,5697.46,0.940904,1.06,0.0857,4.5
TOI-2545 b,2.75,8.0,1022.99,,258.8217,5846.29,1.25324,1.055,-0.2729,2.11
WASP-43 b,10.424,565.714,1426.7,0.0142,680.8953,4400.0,0.6,0.58,-0.05,2.939
TOI-181 b,6.9559,46.1687,895.1,0.0539,102.43,4994.0,0.745,0.822,0.272,0.7562
WASP-11 b,12.44199,251.0857,992.0,0.0435,184.988,4800.0,0.89,1.42,0.0,0.632
Kepler-1513 b,8.594,48.30991786,346.0,0.56971,2.23,5491.0,0.95,0.943,0.17,1.304
TOI-2211.01,1.561,3.06,1056.92,0.04011,296.13,5253.0,0.834,0.9,,4.42
K2-3 c,1.582,2.68,371.8,0.1357,3.17,3844.0,0.546,0.549,-0.157,3.7
GJ 3929 c,2.26,5.71,317.0,0.081,1.68,3384.0,0.32,0.313,-0.02,2.72
TOI-1136 f,3.73591482,9.7,658.0,0.174,26.4328,5770.0,0.968,1.022,0.07,0.89
Kepler-1994 b,0.51,0.087,1032.0,0.053,268.27,5495.0,0.961,0.932,0.16,3.6
K2-396 b,1.579,3.12,,,,5236.0,0.92,0.954,0.237,4.35
TOI-1468 c,2.126,4.1,338.1,0.08608,2.13,3376.0,0.3714,0.3527,-0.01,2.31
Kepler-1513 c,11.0,84.54235626,,,,5491.0,0.95,0.943,0.17,0.349
TOI-1244 b,2.467,6.6,714.86,0.060694,56.63,4599.0,0.721,0.73,0.034,2.66
HD 3167 b,1.67,4.97,1774.0,0.01796,1650.0,5261.0,0.88,0.837,0.04,5.6
CoRoT-36 b,15.80466279,216.12331676,1567.0,0.066,,6730.0,1.52,1.32,-0.1,0.25
TOI-1438 c,2.75,10.6,794.0,0.083,65.0,5230.0,0.82,0.876,0.03,2.9
Kepler-1801 b,2.70926154,7.8,829.0,0.0915,111.52,5738.0,0.981,0.936,-0.06,2.16
NGTS-35 b,10.9,152.0,451.0,0.16,9.8437,4717.0,0.753,0.789,0.085,0.645
GJ 832 b,13.8,314.65012293,,3.7,,3472.0,0.441557,0.45,-0.3,0.658
KMT-2019-BLG-0578L b,13.7,381.3940884,,2.0,,,,0.28,,0.815
Kepler-10 d,3.49,12.0,387.0,0.5379,,5708.0,1.065,0.91,-0.15,1.55
HD 184010 c,11.8,95.3485221,,1.334,,4971.0,4.86,1.35,-0.17,0.319
TOI-6041 c,10.5,77.9,403.5,0.3721,4.42,5445.0,0.879,0.885,0.104,0.37
Barnard b,0.72,0.299,438.0,0.0229,6.76,3195.0,0.185,0.162,-0.56,4.4
TOI-1680 b,1.466,2.75,404.0,0.03144,4.41,3225.0,0.2106,0.1798,0.04,4.8
HD 118203 b,12.778238,680.15279098,1361.0,0.0713,593.4,5742.0,2.04,1.27,0.287,1.79
TOI-969 c,12.4,3591.4609991,96.4,2.52,0.0208,4435.0,0.671,0.734,0.175,10.4
Kepler-1987 b,1.23,2.04,997.0,0.0318,233.38,4769.0,0.714,0.799,0.12,6.02
HD 109833 c,2.59,7.22,756.7,,77.4842,5881.0,1.0,1.08,-0.07,2.28
TOI-2714 b,13.72,228.0,1603.0,0.036,945.55,5665.0,1.25,1.07,0.3,0.49
NY Vir c,12.8,1760.7782,,,,32780.0,0.151,0.459,,4.61
GJ 9827 d,1.98,3.02,675.0,0.053,34.9,4236.0,0.58,0.62,-0.29,2.51
K2-141 b,1.51,4.97,2103.0,0.00747,3260.0,4570.0,0.681,0.708,0.0,7.93
TOI-3568 b,5.3,26.4,899.0,0.0485,130.1481,4969.0,0.719,0.78,-0.01,0.98
TOI-5704 b,3.2274,10.5,949.07,,125.0643,4590.0,0.7575,0.73,0.428,1.72
HIP 67522 c,7.93595834,48.3,917.0,0.1228,,5675.0,1.38,1.22,0.0,0.531
HD 108202 b,13.1,953.485221,,3.7,,4556.03,0.66355,0.74,0.3048,2.33
TOI-6038 A b,6.41,78.5,1439.0,0.069,716.0,6110.0,1.648,1.291,0.124,1.62
TIC 245076932 b,10.87271128,162.09248757,845.0,0.157,,6130.0,1.288,1.117,0.02,0.7466
TOI-2076 e,1.301,4.7,1110.0,0.03863,,5187.0,0.758,0.849,-0.09,11.5
TOI-5786 b,8.54,73.0,1040.0,0.114,374.462,6235.0,1.36,1.23,0.08,0.64
TOI-1117 b,2.46,8.9,1538.0,0.033,928.0,5635.0,1.05,0.97,0.136,3.3
HD 63433 d,1.073,1.25,1040.0,0.0503,,5688.0,0.912,0.99,0.03,5.56
KMT-2021-BLG-0192L b,6.56,34.96112477,,1.62,,,,0.27,,0.681
HD 102888 b,12.8,1808.44363583,,1.05,,4990.0,8.6,2.42,0.07,4.74
SPECULOOS-3 b,0.977,0.894,553.0,0.00733,15.54,2800.0,0.123,0.1009,0.07,5.27
TOI-4406 b,11.2089807,95.3485221,904.0,0.201,58.0054,6219.0,1.29,1.19,0.1,0.372
K2-38 b,1.54,7.3,1266.0,0.04994,426.0,5731.0,1.06,1.03,0.26,11.0
HD 143811 AB b,15.69257298,1938.7532827,1042.0,63.0,,6791.0,1.68398,1.32,,2.76
TOI-3714 b,11.32107051,222.4798849,750.0,0.027,54.0,3660.0,0.51,0.53,0.1,0.85
GJ 1002 b,1.03,1.08,230.9,0.0457,0.67,3024.0,0.137,0.12,-0.25,5.43
TOI-1117 c,2.91,8.78,1210.0,0.0534,355.0,5635.0,1.05,0.97,0.136,1.96
TOI-238 c,2.18,6.7,696.0,0.0749,58.3,5059.0,0.733,0.79,-0.114,1.83
TOI-2322 b,0.994,2.31,603.1,0.0924,22.04,4664.0,0.662,0.703,-0.12,12.75
XO-2 S b,10.9,82.6358,,0.13,,5399.0,1.0,0.98,0.39,0.351
Kepler-1977 b,1.66,3.39,798.0,0.0486,95.61,4805.0,0.688,0.769,-0.06,4.07
TIC 257060897 b,17.26183028,201.50321004,1775.0,0.04922,1804.5549,5993.0,1.863,1.187,0.054,0.215
K2-378 b,2.88,8.65,,,,4823.0,0.732,0.923,-0.206,1.99
TOI-1801 b,2.079,5.738,493.7,0.075,10.7276,3863.0,0.547,0.556,-0.19,3.701
TOI-762 A b,8.33948164,79.77493016,555.4,0.03418,17.0012,3266.0,0.425,0.442,0.357,0.76
HD 44219 b,14.1,184.34047606,,1.26,,5752.0,1.32,1.2,0.03,0.361
HD 72659 b,13.2,949.67128012,,4.607,,5929.0,1.36,1.033,-0.02,2.27
Kepler-1991 c,2.57,7.13,634.0,0.1528,38.27,5478.0,1.053,0.914,0.16,2.31
HD 181433 c,,2207.00045821,,1.885,,4918.0,0.79,0.86,0.4012,
TOI-2345 c,2.451,7.27,544.0,0.1257,14.57,4687.0,0.729,0.727,-0.1,2.71
K2-365 b,2.906,8.78,,,,5561.0,1.051,0.823,-0.021,1.97
K2-376 b,1.736,3.66,,,,5937.0,1.149,0.908,-0.176,3.84
TOI-5108 b,6.6,32.0,1180.0,0.073,122.785,5808.0,1.29,1.1,0.2,0.6
14 And b,13.1,1131.15130051,,0.775,,4888.0,11.55,1.78,-0.21,2.76
55 Cnc B c,2.16,5.3,,0.13,,3286.0,0.274,0.26,0.16,2.89
Kepler-78 b,1.201,1.68,2223.0,0.00901,4070.0,5058.0,0.7475,0.779,-0.18,5.33
xi Aql b,13.4,616.90493799,,0.625,,4841.0,10.86,1.74,-0.11,1.41
TOI-4914 b,12.87,227.0,894.0,0.098,18.1082,5805.0,1.0,1.03,-0.13,0.59
TOI-4495 b,2.483,7.7,1735.0,0.03957,1001.28,6210.0,1.309,1.247,0.18,2.71
HD 11343 c,13.9,255.53403923,,0.923,,4672.0,6.84,2.009,-0.19,0.523
Kepler-37 d,2.03,2.0,499.0,0.2109,10.39,5357.0,0.789,0.79,-0.36,1.3
55 Cnc d,13.0,1232.493,,5.6,,5198.0,0.98,1.015,0.39,3.08
HD 173416 b,13.4,585.12209729,,1.158,,4683.0,13.5,2.0,-0.22,1.34
HD 114783 b,13.7,349.6,,1.16,,5135.0,0.840622,0.853,0.21,0.747
TOI-1736 c,12.5,2800.0,249.0,1.37,0.9,5636.0,1.4286,1.0373,0.148,7.88
TOI-5789 b,1.26,2.12,1201.0,0.03608,,5185.0,0.833,0.821,-0.12,5.82
kap CrB b,13.4,635.66,,2.5,,4840.0,4.68,1.33,0.09,1.45
KMT-2021-BLG-0736L b,4.86,21.0,,4.0,,,,0.6,,1.01
TOI-512 b,1.54,3.57,1009.0,,127.0,5277.0,0.89,0.74,-0.11,5.623888
TOI-244 b,1.52,2.68,458.0,0.0559,7.3,3433.0,0.426,0.428,-0.39,4.2
HD 140901 b,4.07,15.57359194,,0.085,,5610.0,0.95,0.99,0.0859,1.27
HD 187123 c,13.2,912.16752809,,4.89,,5790.0,1.15043,1.04,0.09,2.18
WASP-84 b,10.72,220.0,732.0,0.0778,34.6952,5280.0,0.768,0.853,0.0,0.98
TOI-5344 b,10.60369574,130.94530368,689.0,0.04041,38.0,3747.0,0.588,0.612,0.425,0.604
TOI-2382 b,12.25141591,235.19302118,1426.0,0.059,689.0,6033.0,1.417,1.26,0.249,0.68
TOI-2295 b,16.47720163,278.09985612,747.0,0.1992,42.0912,5730.0,1.459,1.168,0.316,0.34
TOI-2295 c,12.8,1783.01736327,234.9,2.018,,5730.0,1.459,1.168,0.316,4.67
TOI-5007 b,11.07447293,211.03806225,774.0,0.0307,85.3,3793.0,0.656,0.632,0.43,0.85
TOI-2010 b,11.81426566,408.7273314,400.2,0.5516,4.09,5929.0,1.079,1.112,0.168,1.36
rho CrB c,5.68,27.442,448.1,0.4206,9.85,5817.0,1.3617,1.0,-0.2,0.823
TOI-6448 b,8.47398941,54.0,745.0,0.131,28.1152,5910.0,0.897,1.03,,0.488
Kepler-865 c,0.89,0.64,914.0,0.061,164.98,5440.0,0.885,0.782,-0.24,4.99
TOI-7510 d,10.52,190.0,542.4,0.2672,20.6036,5720.0,1.035,1.063,0.25,0.89
K2-349 b,1.38,2.48,518.0,,,4385.0,0.49,0.54,-0.66,5.19
TOI-1064 c,2.651,2.5,634.0,0.09429,26.8,4734.0,0.726,0.748,0.05,0.771906
HD 99283 b,13.8,308.29355479,,1.08,,4886.0,11.21,1.76,-0.16,0.645
Kepler-1655 b,2.213,5.4,938.0,0.1029,129.1,6148.0,1.03,1.03,-0.24,2.72
HD 181342 b,13.2,807.2882,,1.592,,4945.0,4.71,1.69,0.26,1.93
TOI-1453 c,2.224,2.95,819.8,,75.3,4975.0,0.72,0.715,-0.31,1.472135
Kepler-880 c,2.87,8.6,1407.0,0.1216,926.72,6900.0,2.599,1.714,0.0,2.0
Kepler-416 d,1.61,3.22,1253.0,0.0407,583.25,5670.0,1.022,0.949,0.06,4.24
TOI-6041 b,4.55,28.9,605.6,0.1651,22.4,5445.0,0.879,0.885,0.104,1.79
55 Cnc B b,1.69,3.5,,0.044,,3286.0,0.274,0.26,0.16,3.98
Kepler-656 c,1.41,2.57,975.0,0.0602,213.25,5550.0,0.954,1.05,0.46,5.04
HIP 114933 b,13.4,616.58710958,,2.84,,4823.0,5.27,1.39,0.06,1.41
K2-367 b,2.413,6.41,,,,4348.0,0.625,0.756,-0.351,2.51
HD 191939 g,3.74,13.5,278.0,0.812,0.99,5348.0,0.94,0.81,-0.15,1.42
11 Com b,12.2,4914.89848585,,1.178,,4874.0,13.76,2.09,-0.26,14.9
NGTS-15 b,12.32987877,238.68913366,1146.0,0.0441,425.0,5600.0,0.954,0.995,0.15,0.74
TOI-1338 c,10.3,75.4,,0.794,,5723.2,1.313,1.0936,0.01,0.379
K2-336 b,1.22,1.98,569.0,,,5424.0,0.8,0.86,-0.17,5.99
K2-344 b,1.59,3.15,722.0,,37.2966,4374.0,0.49,0.51,-0.95,4.31
TOI-1272 c,4.95,21.7,697.0,0.079,,5065.0,0.7934,0.8772,0.182,0.983
Kepler-1162 c,1.81,3.93,401.0,0.2832,6.14,5225.0,0.859,0.861,0.14,3.64
Gl 410 b,2.83,8.4,,0.0531,,3842.0,0.543,0.55,0.05,2.04
HD 110067 f,2.601,5.04,489.0,0.2163,,5266.0,0.788,0.798,-0.2,1.57
Kepler-1859 c,1.66,3.39,1327.0,0.0473,732.82,5887.0,1.235,1.09,0.16,4.07
HD 21520 b,2.697,17.7,637.0,0.1726,25.7431,5871.0,1.044,1.09,0.049,1.35
TOI-5688 A b,10.3,124.0,742.0,0.03379,50.3,3713.0,0.57,0.6,0.47,0.61
TOI-7149 b,13.2,224.0,593.0,0.02603,20.6,3363.0,0.351,0.344,-0.08,0.53
K2-342 b,2.03,4.78,861.0,,,5920.0,1.09,1.01,-0.06,3.14
HD 28471 c,2.26,5.72,1066.0,0.065,,5766.0,1.08,0.98,-0.04,2.72
K2-408 b,1.677,3.45,,,,5335.0,0.784,0.813,-0.171,4.02
TOI-4641 b,8.18255591,1229.99593509,950.11,0.173,192.5802,6560.0,1.72,1.41,-0.09,
WASP-107 c,13.0,111.23994245,,,,4425.0,0.657,0.683,0.02,0.278
HD 11506 c,14.0,127.1313628,,0.771,,6123.0,1.24,1.22,0.3,0.255
HD 202772 A b,18.2370116,323.54931833,2181.0,0.05208,3770.0,6442.0,2.554,1.721,0.232,0.293
TOI-521 b,1.98,5.3,794.0,0.0195,66.0,3544.0,0.421,0.42,-0.12,3.8
ome Ser b,14.0,233.92170755,,0.838,,4724.0,10.99,1.01,-0.12,0.468
TOI-5542 b,11.30986153,419.53349724,441.0,0.332,9.6,5700.0,1.058,0.89,-0.21,1.6
LTT 9779 b,4.72,29.32,1978.0,0.01679,1781.1556,5443.0,0.949,1.02,0.27,1.536
TOI-2120 b,2.122,6.8,384.0,0.0377,3.61,3131.0,0.245,0.211,0.39,
18 Del b,12.5,2926.24614325,,2.476,,4980.0,8.8,2.1,-0.06,8.23
HD 208897 b,13.7,379.48711796,,1.063,,4860.0,4.98,1.25,0.21,0.811
HD 136352 b,1.664,4.72,905.0,0.0964,111.6,5664.0,1.058,0.87,-0.24,5.623888
TOI-5817 b,3.08,10.3,950.0,0.1223,126.8632,5770.0,1.427,0.97,-0.24,1.93
EPIC 212297394 b,1.48,2.79,1149.0,,,5171.0,0.8,0.83,-0.03,4.73
HD 156279 b,12.5,2997.75753482,,0.502,,5453.0,0.95,0.94,0.14,8.43
EPIC 229004835 b,2.332,10.4,804.0,0.1237,69.7,5868.0,0.999,0.97,-0.12,4.49
HD 94890 c,12.5,2831.85110637,,4.33,,4867.0,10.71,1.74,-0.02,7.97
TOI-5573 b,9.75,112.0,528.0,0.0712,12.92,3790.0,0.594,0.619,0.42,0.661
TOI-700 b,0.914,0.704,417.0,0.0677,4.98,3459.0,0.421,0.415,-0.07,5.07
rho CrB e,1.75,3.71,,0.1061,,5817.0,1.3617,1.0,-0.2,3.8
MWC 758 c,,,500.0,100.0,,7314.0,2.01446,1.5,,
HD 104067 b,9.2,62.1,,0.2674,,4952.0,0.78,0.82,0.11,0.438
TOI-2018 b,2.268,9.2,576.34,,26.0758,4174.0,0.62,0.57,-0.58,4.33
HD 20794 b,1.45,2.7,660.0,0.1257,,5368.0,0.93,0.79,-0.42,4.87
Kepler-102 c,0.567,1.7,777.0,0.06702,61.0,4909.0,0.724,0.803,0.11,52.0
K2-377 b,1.693,3.51,,,,4200.0,0.691,0.821,-0.008,3.97
Kepler-1126 c,1.45,2.7,305.0,0.6193,2.06,5678.0,0.921,0.794,-0.4,4.87
TOI-3493 b,3.22,8.97,1102.0,,245.0,5844.0,1.228,1.023,0.03,1.47
K2-263 b,2.513,15.4,482.0,0.2573,8.17,5368.0,0.85,0.88,-0.08,5.650354
Kepler-416 c,2.352,6.13,791.0,0.10454,93.072,5718.0,1.075,1.0,0.1259,2.59
Kepler-949 c,2.97,9.11,582.0,0.1394,27.2,5211.0,0.895,0.817,0.08,1.91
TOI-5726.01,2.554,7.05,1093.03,0.062186,338.95,5874.0,1.106,1.06,,2.33
HD 154391 b,12.5,2892.2385037,,7.46,,4909.0,8.56,2.07,0.1,8.14
TOI-4438 b,2.52,5.4,435.0,0.0534,6.0,3422.0,0.372,0.368,-0.19,1.85
Wolf 327 b,1.24,2.53,996.0,0.01,233.9,3542.0,0.406,0.405,-0.17,7.24
HD 12661 b,13.3,772.3269,,0.84,,5645.0,1.2,1.2,0.36,1.8
K2-38 c,2.29,8.3,916.0,0.09514,117.0,5731.0,1.06,1.03,0.26,3.8
Kepler-1982 b,0.77,0.381,1282.0,0.0511,638.38,6202.0,1.122,1.213,0.21,4.59
Kepler-347 b,1.97,4.54,908.0,0.11,180.549,6088.0,1.005,0.922,-0.14,3.26
HD 99492 c,4.42,17.9,,,,4929.0,0.822539,0.85,0.3,1.14
TOI-4559 b,1.415,2.59,554.16,0.0359,15.77,3558.0,0.374,0.392,-0.09,5.02
Kepler-21 b,1.639,7.5,2015.0,0.0434,2749.0,6305.0,1.902,1.408,-0.03,9.3
HD 161178 b,14.1,181.16219199,,0.85,,4786.0,10.95,1.06,-0.21,0.355
K2-371 b,13.024,,956.83,,198.0922,4925.0,0.736,0.958,-0.107,
TOI-4495 c,4.03,23.2,1365.0,0.06323,346.626,6210.0,1.309,1.247,0.18,1.9
GJ 9066 c,9.6,66.74396547,,0.88,,3154.0,0.164,0.15,-0.13,0.415
TOI-2094 b,1.9,4.27,276.0,0.136,0.98,3435.0,0.384,0.425,-0.06,3.42
Kepler-1859 b,1.58313575,3.13,1455.0,0.0394,1056.15,5887.0,1.235,1.09,0.16,4.33
K2-384 e,1.345,2.37,,,,3623.0,0.348,0.33,0.068,5.35
Kepler-1972 b,0.802,2.02,1084.0,0.08006,341.3,5818.0,1.384,1.12,0.23,22.2
HD 191939 d,2.995,2.8,540.0,0.2132,14.3,5348.0,0.94,0.81,-0.15,0.57
EPIC 206317286 c,2.094,5.03,,,,4752.0,0.758,0.832,0.019,3.01
GJ 887 e,1.12,1.46,544.0,0.0417,20.9,3688.0,0.468,0.495,-0.06,5.71
TOI-199 b,9.07927437,54.03082919,476.27,0.4254,8.5419,5255.0,0.82,0.936,0.22,0.397
K2-185 c,2.39,6.3,477.0,,,5788.0,0.94,0.96,-0.1,2.54
TOI-700 c,2.6,7.27,356.0,0.0929,2.64,3459.0,0.421,0.415,-0.07,2.27
TOI-6478 b,4.6,19.2,204.4,0.1136,0.0003,3230.0,0.234,0.23,-0.53,1.08
WASP-44 b,12.3299,276.5121,1337.0,0.03453,533.0,5420.0,0.906,0.935,-0.003,0.811
gam Lib c,12.8,1662.56039702,,2.318,,4879.0,12.38,1.78,-0.27,4.36
TOI-1246 b,3.01,8.1,955.0,0.049,196.0,5151.0,0.86,0.87,0.17,1.63
Kepler-68 d,13.9,267.0,,1.469,,5847.0,1.2564,1.057,0.11,0.546
TOI-1181 b,17.02644168,374.71969185,1942.12,0.0364,14140.0,6054.0,1.961,1.467,0.38,0.49
TOI-771 b,1.36,2.47,543.0,0.0208,14.0,3370.0,0.232,0.22,-0.13,5.4
HD 183263 b,13.1,1103.1824007,,1.46,,5948.0,1.23,1.06,0.2776,2.7
K2-136 b,1.014,4.3,610.0,0.0707,33.5,4500.0,0.677,0.742,-0.02,24.0
TOI-1853 b,3.46,73.2,1479.0,0.0213,435.33,4985.0,0.808,0.837,0.11,9.74
HD 143361 b,12.9,1382.55357045,,1.988,,5507.0,0.916,0.968,0.14,3.54
TOI-561 c,2.865,5.93,802.0,0.0889,67.5,5342.0,0.843,0.806,-0.41,1.3
Kepler-1986 b,1.89,4.23,579.0,0.1307,26.62,5549.0,0.732,0.776,-0.54,3.44
Kepler-20 c,2.894,11.1,828.0,0.0936,78.7,5495.0,0.9164,0.929,0.07,2.51
HD 33142 c,13.9,282.86728223,,1.955,,5025.4,4.17,1.52,0.06,0.579
HAT-P-51 b,13.50682174,97.57332095,1168.2,0.05042,310.0,5453.0,0.995,0.961,0.302,0.218
Kepler-158 c,1.9,4.27,418.0,0.158,6.677,4623.0,0.624,0.655,-0.3,3.42
HD 33142 b,13.7,400.46379282,,1.074,,5025.4,4.17,1.52,0.06,0.856
Kepler-323 c,1.57,6.8,1431.0,0.0458,700.0,6004.0,1.12,1.015,-0.14,9.6
TOI-7510 b,7.31,18.1,878.0,0.1019,1678.5119,5720.0,1.035,1.063,0.25,0.255
TOI-4551 b,11.85910158,473.56432643,1655.0,0.0994,1247.74,4896.0,3.55,1.31,0.23,1.74
Kepler-1987 e,1.92,4.35,643.0,0.0765,40.33,4769.0,0.714,0.799,0.12,3.38
TOI-1266 c,1.98,3.17,346.0,0.105,2.42,3563.0,0.4232,0.437,-0.109,2.25
LTT 1445 A c,1.147,1.54,508.0,0.02661,10.9,3340.0,0.265,0.257,-0.34,5.57
TOI-1422 c,2.61,14.0,628.0,0.205,,5840.0,1.019,0.9903,-0.028,4.3
K2-337 b,2.62,7.37,850.0,,,5869.0,1.32,0.94,-0.27,2.25
TOI-1782.02,1.839,4.04,974.95,0.025739,214.17,4336.0,0.669,0.68,,3.57
K2-393 b,2.352,6.13,,,,5678.0,1.071,0.881,0.076,2.59
TOI-1386 b,6.2163865,45.8,615.03,0.173,34.68,5735.0,1.0235,1.0363,0.149,1.04
HD 77946 b,2.89646124,10.9,1128.86,0.073,413.1008,6007.0,1.3174,1.1973,0.215,2.44
Kepler-1991 b,1.47,2.76,760.0,0.1065,78.79,5478.0,1.053,0.914,0.16,4.77
K2-373 b,2.061,4.9,,,,6138.0,1.486,1.158,0.049,3.08
TOI-1136 d,4.627,8.35,843.0,0.1062,626.362,5770.0,0.968,1.022,0.07,1.81
TOI-2989 b,12.55405838,953.485221,1001.0,0.0384,124.0,4672.0,0.76,0.77,-0.04,2.7
Kepler-963 c,0.6,0.156,,,,5169.47,0.928,0.821,-0.02,3.97
KMT-2022-BLG-0440L b,4.05,15.4,,1.9,,,,0.53,,1.27
HIP 116454 b,2.469,9.7,753.2,0.0792,51.2858,5048.0,0.758,0.8,0.0,3.53
TOI-1136 c,2.879,6.32,1062.0,0.0669,232.392,5770.0,0.968,1.022,0.07,1.45
Kepler-1487 c,7.97,48.7,991.0,0.2588,227.68,5745.0,3.955,1.801,0.4,0.529
Kepler-1990 b,3.27,10.7,1554.0,0.0286,1372.87,5751.0,1.071,1.028,0.21,1.68
TOI-5803 b,3.2732,10.7,678.87,,73.722,5134.0,0.7625,0.87,,1.68
TOI-969 b,2.765,9.1,941.0,0.02636,188.0,4435.0,0.671,0.734,0.175,2.34
K2-415 b,1.015,7.5,412.4,0.027,4.82,3173.0,0.1965,0.1635,-0.13,
K2-406 b,4.602,19.2,,,,5784.0,0.961,0.798,-0.038,1.08
TOI-4734 b,10.9175472,61.65871096,1468.0,0.074,775.0,6070.0,1.857,1.391,0.288,0.26
TYC 2187-512-1 b,12.5,104.88337431,,1.22,,3734.0,0.495,0.498,0.08,0.295
HD 221420 b,12.0,7278.2705203,,10.15,,5847.0,1.947,1.351,0.33,23.1
HD 109833 b,2.888,8.69,786.0,,63.4589,5881.0,1.0,1.08,-0.07,1.98
K2-381 d,1.689,3.5,,,,4473.0,0.675,0.754,-0.244,3.99
WASP-102 b,14.90794433,197.68926915,1671.0,0.041,1293.0,5990.0,1.375,1.08,-0.2,0.32
TOI-2015 b,3.309,9.2,530.9,0.029322,13.185,3297.0,0.3273,0.3041,-0.31,1.4
gam Psc b,13.6,425.89006538,,1.32,,4742.0,11.2,0.99,-0.62,0.93
HIP 99770 b,12.2,5403.082919,,15.8,,8000.0,1.93986,1.9,,16.4
HAT-P-53 b,14.773462,471.65972,1778.0,0.03159,1400.0226,5956.0,1.209,1.093,0.0,0.8
TOI-411 c,2.328,9.72,931.0,0.1017,156.75,6169.0,1.117,1.098,-0.08,3.15
TOI-1758 b,3.62,6.9,551.44,0.141409,21.05,5169.0,0.81,0.88,-0.02,0.83
TOI-700 d,1.073,1.25,268.8,0.1633,0.85,3459.0,0.421,0.415,-0.07,5.56
TOI-1467 b,1.92,9.0,506.07,0.050748,18.13,3834.0,0.491,0.489,-0.062,11.0
RR Cae b,13.0,1334.886,,5.3,,3904.0,0.193119,0.44,,3.34
TOI-2136 b,2.19,6.37,395.0,0.057,4.0,3342.0,0.34,0.34,0.03,3.34
WISPIT 1 b,12.4,3305.4154328,,338.0,,4670.0,1.1161,0.72,,9.53
TIC 279401253 c,12.6,2548.98382414,,0.591,,5951.0,1.06,1.13,0.2,7.0
Kepler-1181 c,1.83,4.01,1124.0,0.0928,377.25,6688.0,1.347,1.336,0.07,3.6
TOI-1135 b,9.91994792,58.79825529,1171.0,0.0815,310.0,6320.0,1.202,1.119,-0.039,0.15
TOI-5340 b,15.07607904,270.15414595,1566.0,0.0628,1004.0,5990.0,1.842,1.35,0.208,0.43
Kepler-454 c,12.9,1433.40611557,,1.287,,5687.0,1.066,1.03,0.32,3.67
TOI-836 b,1.704,4.53,871.0,0.0422,78.838,4552.0,0.665,0.678,-0.284,5.02
HD 11506 d,12.3,4068.2036096,,18.2,,6123.0,1.24,1.22,0.3,12.0
HD 93963 A c,3.11976057,18.4,1212.45,0.04726,543.8,5908.0,1.0311,1.0844,0.11,3.31
TOI-4479 b,2.82,8.35,861.0,0.0164,92.5,3400.0,0.451,0.452,0.0,2.05
Kepler-103 c,5.4539,58.47,434.0,0.6679,5.97,6047.0,1.492,1.212,0.15,1.98
TOI-4336 A c,1.251,1.55,399.5,0.05092,4.24,3307.0,0.326,0.306,0.14,4.35
TOI-5799 c,1.76,3.75,337.0,0.0782,,3452.0,0.321,0.325,0.01,3.78
Kepler-725 b,10.8,81.6,514.0,0.2238,12.1,5395.0,0.88,0.95,0.14,0.356
Kepler-164 c,2.73,7.9,881.0,0.097,131.487,5888.0,1.148,1.036,0.0,2.13
TOI-5261 b,11.60129502,3651.84839643,1244.0,0.05134,159.592,5790.0,1.021,1.037,0.254,12.9
GJ 463 b,13.1,1080.6165838,,3.53,,3563.0,0.483,0.486,-0.16,2.64
Kepler-301 d,1.75,3.71,725.0,0.112,68.931,5815.0,0.9,1.022,0.187,3.8
Kepler-301 c,1.35,2.39,989.0,0.06,238.481,5815.0,0.9,1.022,0.187,5.34
Kepler-342 d,2.49,6.76,658.0,0.242,44.828,6175.0,1.472,1.213,-0.0006,2.41
Kepler-191 b,1.34,2.36,722.0,0.087,50.2,5282.0,0.789,0.857,0.13,5.39
Kepler-194 d,2.4,6.35,562.0,0.275,12.863,6089.0,1.025,0.94,-0.03,2.52
Kepler-208 e,1.48,2.79,880.0,0.132,106.345,6092.0,1.314,1.082,-0.0423,4.73
Kepler-344 c,2.95,9.01,360.0,0.488,2.673,5774.0,0.976,0.931,0.0399,1.93
Kepler-304 d,2.75,8.0,611.0,0.08,33.16,4731.0,0.687,0.737,0.03,2.11
Kepler-304 c,2.17,5.35,746.0,0.054,73.598,4731.0,0.687,0.737,0.03,2.88
Kepler-81 d,1.21,1.92,418.0,0.128,7.507,4500.0,0.595,0.648,-0.18,5.96
Kepler-548 b,11.99,,1017.0,0.0495,237.035,5535.0,0.9,0.93,0.0,
Kepler-723 b,12.19,,1016.0,0.0479,251.48,5539.0,0.89,0.92,0.0,
Kepler-197 e,0.91,0.693,691.0,0.164,57.941,6004.0,1.12,0.857,-0.441,5.05
Kepler-200 c,1.59,3.15,806.0,0.09,126.361,5678.0,0.944,0.972,-0.006,4.31
Kepler-346 c,3.07,9.64,654.0,0.168,23.812,6033.0,1.021,0.943,0.1,1.83
Kepler-350 b,1.85,16.9,1037.0,0.104,257.721,6186.0,1.534,1.19,0.041,4.9
Kepler-306 e,2.27,5.77,390.0,0.227,6.185,4954.0,0.719,0.75,-0.13,2.71
Kepler-84 e,2.6,7.27,672.0,0.181,48.29,6031.0,1.169,1.06,-0.07,2.27
Kepler-265 e,2.59,7.22,476.0,0.319,10.354,5835.0,1.103,0.97,-0.11,2.28
Kepler-217 c,1.85,4.08,1208.0,0.089,730.808,6171.0,1.799,1.342,-0.07,3.54
Kepler-220 d,0.98,0.904,401.0,0.163,8.208,4632.0,0.666,0.729,-0.1738,5.28
Kepler-351 b,3.06,4.8,498.0,0.214,11.983,5643.0,0.854,0.81,-0.16,0.921
Kepler-352 b,0.86,0.566,694.0,0.085,50.389,5212.0,0.781,0.798,-0.11,4.89
Kepler-84 d,1.38,2.48,1254.0,0.052,584.24,6031.0,1.169,1.06,-0.07,5.19
Kepler-310 d,2.47,7.0,353.0,0.392,3.664,5797.0,0.876,0.854,-0.12,3.3
Kepler-282 b,1.01,1.01,817.0,0.082,195.935,5602.0,0.904,0.86,-0.2,5.39
Kepler-282 c,1.2,1.87,717.0,0.106,116.117,5602.0,0.904,0.86,-0.2,5.95
Kepler-220 e,1.33,2.33,341.0,0.226,4.274,4632.0,0.666,0.729,-0.1738,5.44
Kepler-154 c,2.95,9.01,454.0,0.303,12.071,5690.0,1.001,0.933,0.02,1.93
Kepler-353 b,0.89,0.64,534.0,0.051,27.189,3903.0,0.504,0.553,-0.12,4.99
Kepler-85 e,1.27,0.6,559.0,0.163,24.318,5436.0,0.893,0.947,0.12,1.6
Kepler-55 e,1.55,3.02,728.0,0.048,73.157,4503.0,0.619,0.631,-0.01,4.46
Kepler-310 b,1.19,1.81,665.0,0.111,45.97,5797.0,0.876,0.854,-0.12,5.9
Kepler-286 e,1.77,3.78,539.0,0.176,20.6,5580.0,0.863,0.83,-0.25,3.75
Kepler-368 c,3.88,14.3,575.0,0.36,28.681,5502.0,2.019,1.165,0.03,1.35
Kepler-356 b,1.57,3.09,1294.0,0.057,844.979,6133.0,1.335,1.163,-0.0226,4.39
Kepler-354 d,1.24,2.07,451.0,0.146,8.949,4648.0,0.674,0.652,-0.03,5.97
Kepler-313 c,2.57,7.13,683.0,0.208,51.1,5727.0,1.536,1.114,0.26,2.31
Kepler-142 b,1.99,4.62,1597.0,0.032,1247.908,5790.0,1.269,0.978,0.05,3.22
Kepler-487 b,11.42,,662.0,0.11819,51.492,5444.0,0.88,0.91,0.0,
Kepler-506 b,2.73,7.9,1080.0,0.07437,330.547,6236.0,1.19,1.19,0.09,2.13
Kepler-299 e,1.87,4.16,534.0,0.22,20.174,5617.0,1.032,1.004,0.12,3.5
Kepler-372 b,1.36,2.42,1081.0,0.075,384.627,6509.0,1.137,1.202,-0.13,5.29
Kepler-378 c,0.7,0.271,414.0,0.166,8.166,4661.0,0.671,0.78,0.1369,4.34
Kepler-357 c,2.67,7.61,576.0,0.12,19.404,5036.0,0.834,0.794,0.06,2.2
Kepler-308 c,2.16,5.31,714.0,0.123,58.679,5895.0,0.941,0.92,-0.04,2.9
Kepler-124 b,0.73,0.315,892.0,0.039,198.843,4984.0,0.636,0.706,-0.46,4.45
Kepler-235 b,2.23,5.6,731.0,0.037,44.0,4255.0,0.554,0.581,-0.51,2.77
Kepler-392 c,1.1,1.37,901.0,0.093,185.098,5938.0,1.129,0.874,-0.4362,5.66
Kepler-360 c,2.1,5.06,860.0,0.075,146.5,6053.0,1.058,0.994,0.15,3.0
Kepler-363 b,1.16,1.65,1347.0,0.048,1000.243,5593.0,1.485,1.226,0.3965,5.81
Kepler-319 d,2.29,5.86,528.0,0.191,17.962,5526.0,0.903,0.933,0.06,2.68
Kepler-319 b,1.63,3.29,1023.0,0.051,253.665,5526.0,0.903,0.933,0.06,4.17
Kepler-398 c,1.01,1.01,536.0,0.087,20.556,4493.0,0.613,0.649,0.0528,5.39
Kepler-399 b,0.96,0.84,773.0,0.103,35.63,5502.0,0.68,0.902,0.14,5.22
Kepler-379 b,1.66,3.39,775.0,0.152,90.346,6054.0,1.306,1.125,0.09,4.07
Kepler-198 b,2.82,8.35,655.0,0.131,44.549,5574.0,0.94,0.995,0.1142,2.05
Kepler-372 d,1.69,3.5,660.0,0.201,53.471,6509.0,1.137,1.202,-0.13,3.98
Kepler-146 b,3.71,13.3,639.0,0.2,32.89,5948.0,1.208,1.079,-0.0261,1.43
Kepler-250 b,1.13,1.51,938.0,0.048,148.103,5160.0,0.805,0.806,0.01,5.75
Kepler-390 c,0.79,0.418,630.0,0.101,41.351,5166.0,0.776,0.787,-0.0443,4.66
Kepler-373 c,1.24,2.07,729.0,0.126,103.756,5787.0,0.845,0.981,0.14,5.97
Kepler-326 b,1.52,44.6,1127.0,0.032,783.449,5105.0,0.801,0.91,0.2385,69.8
Kepler-325 c,2.54,6.99,721.0,0.105,53.044,5752.0,1.003,0.914,0.02,2.34
Kepler-46 d,1.64,3.33,845.0,0.067,92.346,5309.0,0.79,0.883,0.17,4.15
Kepler-142 c,2.86,8.55,1201.0,0.057,399.444,5790.0,1.269,0.978,0.05,2.01
Kepler-374 d,1.31,2.27,1272.0,0.056,548.099,5977.0,0.911,1.033,0.1111,5.55
Kepler-375 b,1.45,2.7,851.0,0.101,64.444,5826.0,0.837,0.891,-0.04,4.87
Kepler-256 b,1.59,3.15,1681.0,0.027,1225.934,5551.0,1.301,1.037,0.26,4.31
Kepler-327 d,1.73,3.64,387.0,0.09,7.59,3799.0,0.492,0.591913,-0.2,3.86
Kepler-403 c,1.75,3.71,604.0,0.297,45.154,6090.0,1.329,1.299,0.079,3.8
Kepler-209 c,3.1,9.8,486.0,0.231,13.637,5513.0,0.935,0.971,0.11,1.81
Kepler-246 c,1.5,2.86,667.0,0.095,43.208,5206.0,0.831,0.853,0.2,4.66
Kepler-250 d,2.18,5.39,579.0,0.127,21.463,5160.0,0.805,0.806,0.01,2.86
Kepler-376 b,1.07,1.24,1242.0,0.057,689.912,5900.0,1.175,0.968,-0.1038,5.56
Kepler-380 c,1.27,2.15,1056.0,0.078,333.565,6045.0,1.224,0.99,-0.16,5.77
Kepler-130 d,1.64,3.33,451.0,0.377,9.834,5884.0,1.127,0.927,-0.199,4.15
Kepler-252 b,1.23,2.04,587.0,0.058,39.264,4208.0,0.549,0.61,-0.13,6.02
Kepler-255 b,1.55,3.02,971.0,0.063,174.395,5573.0,0.933,0.867,0.3386,4.46
Kepler-381 b,0.99,0.937,1576.0,0.066,716.085,6152.0,1.568,1.144,-0.2016,5.31
Kepler-383 c,1.24,2.07,406.0,0.172,6.44,4710.0,0.672,0.669,-0.1785,5.97
Kepler-331 d,1.64,3.33,346.0,0.159,6.065,4347.0,0.492,0.653,0.1179,4.15
Kepler-333 c,1.11,1.41,386.0,0.135,7.049,4259.0,0.534,0.601,0.0465,5.67
HATS-33 b,13.78707,378.85336,1429.0,0.03727,757.1284,5659.0,1.022,1.062,0.29,0.79
K2-55 b,4.43,44.0,900.0,0.03486,141.3,4300.0,0.715,0.688,0.376,2.8
K2-60 b,7.655747,135.39558,1400.0,0.045,1212.0,5500.0,1.12,0.97,0.01,1.7
Kepler-405 c,4.66,19.6,557.0,0.188,14.086,5818.0,0.893,0.873,-0.06,1.06
Kepler-256 d,2.48,6.71,1097.0,0.064,221.1,5551.0,1.301,1.037,0.26,2.42
Kepler-258 c,3.61,12.7,470.0,0.193,7.985,4942.0,0.915,0.82,0.3031,1.48
Kepler-387 c,0.89,0.64,826.0,0.098,144.963,5774.0,1.046,0.85,-0.3,4.99
Kepler-334 d,1.41,2.57,656.0,0.168,39.475,5828.0,1.068,1.022,-0.012,5.04
Kepler-336 b,1.02,1.04,1625.0,0.033,1652.5,5867.0,1.304,1.09,0.337,5.39
Kepler-149 c,1.61,3.22,436.0,0.281,10.084,5381.0,0.953,1.013,0.3805,4.24
Kepler-393 c,1.33,2.33,901.0,0.124,231.213,6189.0,1.382,1.256,0.0322,5.44
Kepler-292 c,1.47,2.76,1001.0,0.045,242.416,5299.0,0.826,0.865,0.04,4.77
Kepler-337 b,1.54,2.99,1458.0,0.045,1589.012,5684.0,1.761,1.081,0.07,4.5
Kepler-338 c,2.34,6.08,831.0,0.172,119.648,5923.0,1.735,1.105,-0.029,2.61
K2-405 b,4.569,18.9,969.0,,146.577,4927.0,0.765,1.034,0.132,1.09
Kepler-169 f,2.58,7.18,321.0,0.359,2.439,4997.0,0.763,0.825,0.17,2.3
Kepler-265 b,1.86,4.12,1022.0,0.069,220.328,5835.0,1.103,0.97,-0.11,3.52
Kepler-269 c,1.69,3.5,875.0,0.081,342.6,5847.0,0.959,0.92,0.4,3.98
Kepler-395 b,1.03,1.08,576.0,0.061,17.8,4262.0,0.556,0.622827,-0.02,5.43
Kepler-298 d,2.5,6.8,277.0,0.305,1.715,4465.0,0.582,0.66,-0.21,2.39
Kepler-339 c,1.15,7.3,914.0,0.069,101.841,5631.0,0.802,0.87,0.033,26.4
Kepler-339 d,1.17,14.7,796.0,0.091,58.651,5631.0,0.802,0.87,0.033,50.4
Kepler-171 d,1.89,4.23,497.0,0.223,15.103,5642.0,0.839,0.978,0.17,3.44
Kepler-174 d,2.19,5.43,212.0,0.677,0.53,4880.0,0.622,0.602,-0.56,2.84
Kepler-272 d,2.25,5.69,777.0,0.091,141.135,5297.0,0.929,0.91,0.04,2.74
Kepler-206 d,1.19,1.81,681.0,0.163,44.17,5764.0,1.185,0.957,0.0213,5.9
Kepler-122 c,5.87,29.0,897.0,0.108,160.499,6050.0,1.216,0.982,-0.08,0.788
Kepler-251 c,2.77,8.1,655.0,0.122,38.953,5526.0,0.89,0.891,-0.06,2.09
Kepler-234 c,3.51,12.1,1025.0,0.077,273.304,6224.0,1.113,1.129,0.22,1.54
KOI-1257 b,10.54,460.83,511.0,0.382,7.28,5520.0,1.13,0.99,0.27,2.1
OGLE-2008-BLG-355L b,12.9,1500.0,,1.7,,,,0.37,,3.84
Kepler-200 b,2.13,5.18,854.0,0.08,159.069,5678.0,0.944,0.972,-0.006,2.95
Kepler-188 c,3.19,10.3,1025.0,0.066,257.348,6021.0,1.141,1.021,0.15,1.74
Kepler-252 c,2.15,5.27,499.0,0.08,20.507,4208.0,0.549,0.61,-0.13,2.91
KELT-12 b,19.95202,301.9385,1800.0,0.06708,1749.0,6279.0,2.37,1.591,0.19,0.209
Kepler-421 b,4.16,16.1,185.0,1.219,0.2,5308.0,0.757,0.794,-0.25,1.23
Kepler-343 c,2.02,4.74,746.0,0.167,57.932,5807.0,1.433,1.055,0.1445,3.16
Kepler-190 b,1.56,3.05,1166.0,0.03,417.238,5106.0,0.795,0.834,0.06,4.41
Kepler-253 c,2.65,7.51,680.0,0.089,51.273,5208.0,0.786,0.86,0.15,2.22
Kepler-170 c,2.86,8.55,702.0,0.131,50.682,5679.0,1.035,1.066,0.39,2.01
Kepler-205 c,1.64,3.33,389.0,0.122,7.14,4321.0,0.546,0.592,-0.1254,4.15
KELT-7 b,17.9344,441.7837,2048.0,0.04415,1775.39,6768.0,1.81,1.76,0.0,0.442
WASP-127 b,14.694999,52.346601,1400.0,0.0484,703.971,5620.0,1.333,0.95,-0.193,0.097
TOI-216.02,8.0,18.75187601,628.0,0.1293,25.9,5026.0,0.748,0.77,0.32,0.34
HATS-59 c,12.3,4036.441,175.9,2.504,0.159,5670.0,1.036,1.038,0.18,11.9
Kepler-202 b,1.63,3.29,802.0,0.045,108.504,4668.0,0.667,0.683,-0.21,4.17
Kepler-214 c,2.13,5.18,619.0,0.194,87.244,6169.0,1.352,1.11,-0.02,2.95
Kepler-192 b,2.74,7.95,803.0,0.09,105.297,5479.0,1.007,1.028,0.357,2.12
Kepler-196 c,2.24,5.65,407.0,0.24,6.88,5128.0,0.782,0.839,0.03,2.76
Kepler-245 d,3.03,21.6,445.0,0.202,9.492,5100.0,0.795,0.856,0.12,0.0111
Kepler-101 c,1.25,3.78,1413.0,0.0684,596.069,5667.0,1.56,1.17,0.33,10.5
Kepler-154 b,2.26,5.73,561.0,0.198,28.11,5690.0,1.001,0.933,0.02,2.73
Kepler-359 d,4.01,2.7,464.0,0.372,5.5,6248.0,1.086,0.827,-0.29,0.1
Kepler-256 c,2.15,5.27,1315.0,0.045,457.066,5551.0,1.301,1.037,0.26,2.91
Kepler-254 b,3.87,14.3,1013.0,0.064,184.341,5957.0,0.91,0.849,-0.13,1.36
Kepler-184 c,1.97,8.8,630.0,0.141,29.875,5788.0,0.873,0.872,-0.1958,6.32
Kepler-248 b,3.02,9.38,819.0,0.066,79.311,5190.0,0.831,0.838,0.17,1.87
KIC 10001893 b,,,,,,27500.0,0.18,0.47,-0.093,
KIC 10001893 c,,,,,,27500.0,0.18,0.47,-0.093,
Kepler-172 b,2.35,6.12,1256.0,0.04,639.476,5526.0,1.085,1.081,0.39,2.59
Kepler-205 b,1.51,2.89,757.0,0.032,102.562,4321.0,0.546,0.592,-0.1254,4.61
Kepler-257 c,5.41,25.2,881.0,0.066,88.6,5180.0,1.037,0.916,0.4,0.875
Kepler-217 b,2.23,5.6,1413.0,0.065,1366.477,6171.0,1.799,1.342,-0.07,2.77
Kepler-174 c,1.49,2.83,377.0,0.214,5.296,4880.0,0.622,0.602,-0.56,4.7
Kepler-251 d,2.77,8.1,536.0,0.182,17.477,5526.0,0.89,0.891,-0.06,2.09
Kepler-423 b,13.361,189.101,1605.0,0.03585,649.148,5560.0,0.95,0.85,-0.1,0.459
KELT-11 b,15.13212395,65.15482343,1712.0,0.0623,1433.0,5375.0,2.69,1.44,0.17,0.093
TOI-1749 b,1.39,57.0,831.0,0.0291,83.8379,3985.0,0.55,0.58,-0.26,
TOI-3819 b,13.13692538,352.78953177,1633.0,0.04611,1186.0,5859.0,1.538,1.242,0.273,0.85
KIC 10001893 d,,,,,,27500.0,0.18,0.47,-0.093,
Kepler-361 b,1.45,2.7,1060.0,0.086,411.905,6169.0,1.343,1.191,0.04,4.87
Kepler-362 b,0.88,0.615,838.0,0.087,207.336,5788.0,0.722,0.904,-0.12,4.96
Kepler-218 c,3.14,10.0,500.0,0.248,16.147,5502.0,1.063,1.019,0.37,1.77
Kepler-193 b,2.39,6.3,979.0,0.106,117.303,6335.0,1.147,1.051,0.0,2.54
Kepler-253 d,3.17,10.2,563.0,0.13,24.084,5208.0,0.786,0.86,0.15,1.76
Kepler-192 c,2.79,8.2,623.0,0.15,38.216,5479.0,1.007,1.028,0.357,2.07
WASP-136 b,16.81347105,479.92089457,1630.0,0.0661,1843.4633,6250.0,2.39014,1.41,-0.18,0.583527
TOI-1439 b,4.2427861,38.5,748.4,0.192,68.4355,5841.0,1.6184,1.2313,0.226,2.76
WASP-185 b,14.01125,311.4734,1160.0,0.0904,662.3252,5900.0,1.5,1.12,-0.02,0.66
Kepler-365 c,1.64,3.33,729.0,0.137,66.87,6012.0,1.048,1.02,-0.218,4.15
Kepler-220 c,1.57,3.09,586.0,0.076,37.321,4632.0,0.666,0.729,-0.1738,4.39
Kepler-487 d,2.77513568,8.12,1226.0,0.03445,550.8,5422.0,0.887,0.874,0.02,2.09
LP 791-18 b,1.212,1.94,564.3,0.00978,24.14,2960.0,0.182,0.139,-0.09,5.99
K2-266 c,0.705,0.29013072,664.5,0.0679,32.4,4285.0,0.703,0.686,-0.12,4.55
Kepler-522 b,6.91,38.2,761.0,0.25029,63.855,6392.0,1.98,1.54,0.41,0.636
K2-199 c,2.85,12.4,694.0,0.0662,38.6,4491.0,0.682,0.711,-0.01,2.9
TOI-3688 A b,13.08088048,311.47183886,1534.0,0.0456,924.3,5950.0,1.302,1.199,0.262,0.76
Kepler-670 b,13.18,,1219.0,0.0383,528.223,5709.0,0.99,0.99,0.07,
Kepler-196 b,1.9,4.27,536.0,0.138,20.735,5128.0,0.782,0.839,0.03,3.42
Kepler-221 c,2.93,9.3,860.0,0.059,119.836,5243.0,0.821,0.854,0.0616,1.94
Kepler-163 c,2.26,5.73,648.0,0.152,30.238,5776.0,0.917,0.882,0.1412,2.73
Kepler-97 c,,344.0,,,,5779.0,0.98,0.94,-0.2,
Kepler-407 c,12.3,4000.0,,3.27090369,,5476.0,1.01,1.0,0.33,11.8
Kepler-427 b,13.79,92.17,1100.0,0.091,208.721,5800.0,1.35,0.96,-0.19,0.16
WASP-148 c,13.9,124.58873554,590.0,0.2044,,5555.0,0.912,0.954,0.099,0.255
Kepler-207 d,3.31,11.0,1254.0,0.068,732.604,5920.0,1.588,1.313,0.29,1.67
Kepler-245 b,2.57,146.78,753.0,0.071,77.749,5100.0,0.795,0.856,0.12,0.12
Kepler-208 b,1.63,3.29,1379.0,0.054,639.576,6092.0,1.314,1.082,-0.0423,4.17
Kepler-246 b,2.34,6.08,896.0,0.052,141.613,5206.0,0.831,0.853,0.2,2.61
Kepler-179 c,2.0,4.66,810.0,0.064,115.983,5302.0,0.759,0.893,0.12,3.2
Kepler-226 c,2.27,45.2,919.0,0.058,180.513,5571.0,0.802,0.904,0.09,21.2
Kepler-113 b,1.82,11.7,775.0,0.05123,105.333,4725.0,0.69,0.75,0.05,10.73
Kepler-48 d,2.04,7.93,448.0,0.23302,9.292,5194.0,0.89,0.88,0.17,5.08
Kepler-199 b,3.11,9.85,595.0,0.158,31.679,5644.0,0.967,0.96,0.0,1.8
Kepler-237 c,2.08,4.98,687.0,0.071,60.642,4861.0,0.725,0.696,0.22,3.04
Kepler-247 c,4.09,15.7,686.0,0.084,53.899,5100.0,0.768,0.887,0.3,1.26
Kepler-161 b,2.12,2.63,868.0,0.054,123.4,5078.0,0.806,0.853,0.24,0.45
Kepler-153 b,2.92,8.85,621.0,0.129,21.609,5404.0,0.892,0.756,-0.27,1.95
Kepler-106 b,0.82,5.3,1021.0,0.06491,277.216,5858.0,1.04,1.0,-0.12,
Kepler-100 d,1.61,3.0,670.0,0.21747,53.981,5825.0,1.49,1.08,0.02,2.695922
Kepler-274 b,1.54,2.99,961.0,0.101,147.812,6023.0,1.007,0.883,-0.2112,4.5
Kepler-312 b,1.29,2.21,1685.0,0.031,4124.022,6115.0,1.467,1.314,0.15,5.66
Kepler-211 c,1.29,18.3,841.0,0.062,95.436,5123.0,0.816,0.867,0.151,46.8
Kepler-212 c,2.74,7.95,664.0,0.207,54.662,5852.0,1.455,1.166,0.22,2.12
Kepler-228 d,4.04,15.4,835.0,0.101,122.778,6043.0,1.014,1.006,0.18,1.28
Kepler-230 b,4.26,16.8,506.0,0.191,11.816,5588.0,0.817,0.784,-0.21,1.19
TOI-444 b,2.77,8.1,609.0,0.133,23.4694,5225.0,0.779,0.96,0.08,2.09
TOI-2202 b,10.95117414,287.31687993,652.07,0.09564,42.7254,5169.0,0.808,0.841,0.059,1.2
Wendelstein-2 b,12.9934728,232.33373,2470.0,0.0234,282.3101,4591.0,0.66,0.73,,0.62
Kepler-166 b,2.27,5.77,772.0,0.072,77.543,5413.0,0.742,0.811,-0.08,2.71
Kepler-181 c,1.99,4.62,937.0,0.049,168.188,5333.0,0.749,0.81,-0.04,3.22
Kepler-106 d,0.95,8.1,649.0,0.16063,45.357,5858.0,1.04,1.0,-0.12,
Kepler-131 c,0.84,8.25,615.0,0.17391,35.736,5685.0,1.03,1.02,0.12,77.7
Kepler-320 b,1.14,1.55,1292.0,0.085,280.559,6435.0,1.108,1.072,-0.1228,5.75
Kepler-169 e,2.2,5.48,595.0,0.105,28.548,4997.0,0.763,0.825,0.17,2.83
Kepler-249 c,1.51,2.89,429.0,0.058,12.529,3568.0,0.482,0.510238,-0.34,4.61
Kepler-174 b,1.96,4.5,553.0,0.1,24.418,4880.0,0.622,0.602,-0.56,3.28
Kepler-231 c,1.93,24.1,393.0,0.114,6.267,3767.0,0.49,0.58,-0.1,0.97
Kepler-197 c,1.23,5.3,930.0,0.09,189.965,6004.0,1.12,0.857,-0.441,15.7
Kepler-151 b,3.06,9.59,639.0,0.116,40.728,5460.0,0.83,0.87,0.1245,1.84
Kepler-241 b,2.33,6.04,562.0,0.094,23.6,4699.0,0.668,0.671,0.031,2.62
Kepler-232 b,3.08,9.69,1104.0,0.054,410.583,5847.0,0.968,0.97,0.03,1.82
Kepler-233 b,2.43,6.48,751.0,0.077,85.131,5360.0,0.758,0.855,-0.09,2.48
Kepler-143 b,2.41,6.39,838.0,0.127,118.334,5848.0,1.359,0.982,-0.01,2.51
Kepler-332 d,1.18,1.76,427.0,0.189,7.253,4955.0,0.72,0.743,-0.13,5.89
HIP 9618 b,3.82838127,8.3,640.88,0.145,40.3,5649.0,0.9593,0.942,-0.018,0.81
Kepler-453 b,6.204,16.0,,0.7903,,5527.0,0.833,0.944,0.09,
TOI-1420 b,11.89,25.1,957.0,0.071,139.0,5510.0,0.923,0.987,0.28,0.082
KIC 3558849 b,6.9,38.1,,,,6175.0,1.01,0.98,-0.42,0.637
HD 215152 c,,468.79690033,,0.067393,,4935.0,0.73,0.77,-0.1,
Kepler-440 b,1.86,4.12,229.0,0.242,1.2,4134.0,0.559,0.575,-0.3,3.52
TOI-1221 b,2.91,1112.3994245,440.0,0.387,6.06,5592.0,1.031,0.93,0.06,
Kepler-490 b,11.65,,1597.0,0.0453,1059.522,6045.0,1.12,1.08,-0.02,
TOI-697 b,2.35859364,6.16,839.8,,117.5495,5681.95,0.968149,0.97,,2.58
HATS-66 b,15.815899,1694.0339,1998.0,0.04714,2637.0,6626.0,1.841,1.411,-0.017,2.34
K2-13 b,1.89,4.23,511.0,0.2114,22.8,5698.0,0.78,0.8,-0.54,3.44
KIC 8540376 b,4.1,15.8,,,,6474.0,1.26,1.04,-0.16,1.26
KIC 8540376 c,2.4,6.35,,,,6474.0,1.26,1.04,-0.16,2.52
Kepler-436 b,2.73,7.9,322.0,0.339,1.69,4651.0,0.697,0.729,0.01,2.13
Kepler-186 f,1.17,1.71,177.0,0.432,0.3,3755.0,0.523,0.544,-0.26,5.87
Kepler-441 b,1.64,3.33,189.0,0.64,0.21,4340.0,0.55,0.572,-0.57,4.15
TOI-1224 c,2.884,8.67,303.12,,1.9952,3326.0,0.404,0.4,,1.99
K2-155 c,2.6,7.27,583.0,0.0946,7.0,4258.0,0.58,0.65,-0.3,2.27
TOI-808 b,2.20344362,5.49,710.98,,60.3881,5078.2,0.833198,0.87,,2.82
TOI-2088 b,3.6831179,37.0,300.33,0.472,1.7338,5081.0,0.8481,0.9027,0.339,2.0
WASP-1 b,16.623,271.415,1812.0,0.03889,2121.5175,6110.0,1.47,1.24,0.17,0.348
AF Lep b,13.0,1147.36054927,1400.0,8.996,,6140.0,1.25,1.218,0.19,2.87
GJ 357 c,1.66,3.4,401.2,0.061,4.45,3505.0,0.337,0.342,-0.12,4.08
Kepler-435 b,22.31,266.97,1729.0,0.0948,677.917,6161.0,3.21,1.538,-0.18,0.131
Qatar-5 b,12.408363,1373.0256,1415.0,0.04127,669.0,5747.0,1.076,1.128,0.377,3.95
HATS-56 b,18.920792,191.33366,1902.0,0.06043,1080.87,6536.0,2.201,1.573,0.19,0.155
HD 97658 b,2.12,8.3,751.0,0.0805,41.924,5212.0,0.728,0.85,-0.23,4.8
HAT-P-12 b,10.749,67.059,963.0,0.0384,118.075,4650.0,0.701,0.733,-0.29,0.3192
HAT-P-33 b,20.73665,292.4036,1782.0,0.04995,1701.38,6446.0,1.79,1.82,0.05,0.2
HD 149026 b,8.29466,120.7754,1626.0,0.04364,1095.91,6179.0,1.41,1.42,0.32,0.75
TOI-6383 A b,11.29,331.0,745.0,0.02292,51.3,3444.0,0.457,0.458,,1.26
HD 100508 b,13.7,381.3940884,,6.11,,5419.0,1.0179,0.94,0.33,0.815
HATS-16 b,14.5717,1039.3041,1592.0,0.03744,994.8095,5738.0,1.238,0.97,-0.1,1.86
TOI-3353.01,2.6667555,7.59,1264.36,0.060118218,313.0426,6365.0,1.0207,1.332089,,2.2
K2-14 b,4.81,20.7,488.0,0.0627,8.0,3789.0,0.45,0.47,-0.37,1.02
K2-15 b,2.48,6.71,676.0,0.091,48.0,5131.0,0.68,0.72,-0.46,2.42
K2-17 b,2.23,5.6,487.0,0.119,4.91,4320.0,0.66,0.71,0.15,2.77
KIC 10525077 b,5.5,25.9,,,,6091.0,1.01,1.01,-0.04,0.855
KIC 5437945 b,6.4,33.6,308.0,1.19671,2.9,6340.0,1.24,1.07,-0.38,0.704
Kepler-442 b,1.34,2.36,241.0,0.409,0.66,4402.0,0.598,0.609,-0.37,5.39
HD 67087 b,13.1,973.0,,1.08,,6330.0,1.55,1.36,0.25,2.38
TOI-1411 b,1.19880592,2.0,976.4,0.02122,266.85,4115.0,0.614,0.6045,0.012,6.36
K2-285 c,3.53,15.68,741.4,0.0824,50.35,4975.0,0.787,0.83,0.0,1.95
Kepler-785 b,13.02,,753.0,0.025,163.862,4739.0,0.71,0.77,-0.02,
TOI-1036 b,6.28499593,32.5,1294.0,,466.528,5664.68,1.17554,1.03,,0.719
WASP-62 b,14.79588,165.2716,1475.3,0.0571,1817.8874,6230.0,1.23,1.11,0.04,0.262
TOI-938 b,4.82401567,20.8,1073.0,,220.735,5829.42,0.985134,1.1,,1.02
HD 32963 b,13.4,657.90480249,,3.41,,5727.0,1.111044,0.94,0.11,1.5
Kepler-437 b,2.14,5.22,308.0,0.288,2.15,4551.0,0.68,0.707,0.0,2.93
HIP 78530 b,12.0,7300.0,2700.0,740.0,,10500.0,2.10876,2.5,-0.5,23.2
1RXS J160929.1-210524 b,18.647,3000.0,1700.0,330.0,,4060.0,1.31316,0.85,,2.54
OGLE-2012-BLG-0563L b,13.6,120.0,,0.74,,,,0.34,,0.262
Kepler-296 c,2.0,4.66,606.0,0.0521,14.8,3740.0,0.48,0.498,-0.08,1.2
OGLE-2016-BLG-1266L b,12.4,3813.940884,,0.43,,,,0.015,,11.0
Kepler-731 b,13.88,,1212.0,0.0505,456.703,5849.0,1.06,1.03,0.04,
K2-265 b,1.70824866,7.3418362,1366.0,0.03359,592.0,5420.0,0.92,0.901,0.033,7.9
KMT-2022-BLG-1818L b,13.0,1271.313628,,2.6,,,,0.79,,3.18
WASP-2 b,12.116929,295.89973,1311.0,0.03144,492.0,5180.0,0.866,0.895,0.12,0.914
HD 106315 c,4.35,15.2,886.0,0.1536,97.0,6327.0,1.296,1.091,-0.311,1.01
WASP-28 b,13.66374747,282.54945382,1456.0,0.0442,695.65,6084.0,1.083,0.993,-0.2,0.651163
Kepler-856 b,9.3,63.3,824.0,0.0787,153.497,5535.0,0.93,0.96,0.12,0.432
HD 113538 b,13.2,114.41,,1.24,,4462.0,0.53,0.585,-0.24,0.273
Kepler-79 e,3.49,4.1,511.0,0.386,18.78,6174.0,1.302,1.165,-0.0731,0.53
Kepler-79 c,3.72,5.9,734.0,0.187,79.765,6174.0,1.302,1.165,-0.0731,0.62
Kepler-296 d,2.09,5.02,403.0,0.118,2.9,3740.0,0.48,0.498,-0.08,1.9
BD+15 2375 b,13.8,337.21763,,0.576,,4649.0,8.95,1.08,-0.22,0.705
HD 5583 b,12.8,1837.0574,,0.53,,4830.0,9.09,1.01,-0.5,4.81
HD 113538 c,13.8,295.57,,2.44,,4462.0,0.53,0.585,-0.24,0.618
HD 30669 b,14.3,149.37,,2.69,,5400.0,0.91,0.92,0.13,0.281
Kepler-79 b,3.47,10.9,929.0,0.117,205.404,6174.0,1.302,1.165,-0.0731,1.43
Kepler-296 e,1.53,2.96,337.0,0.169,1.41,3740.0,0.48,0.498,-0.08,4.1
Kepler-296 f,1.8,3.89,274.0,0.255,0.62,3740.0,0.48,0.498,-0.08,3.2
WASP-180 A b,13.89916,286.047,1540.0,0.048,918.3877,6600.0,1.19,1.3,0.1,0.61
TOI-421 b,2.64,6.7,922.0,0.0554,154.57,5291.0,0.866,0.833,-0.044,2.040038
HD 12484 b,13.2,947.1334,,0.297,,5920.0,1.001848,1.01,0.05,2.26
HIP 65407 b,14.3,136.03124,,0.177,,5460.0,0.952252,0.93,0.25,0.256
HD 108341 b,13.3,715.11391575,,2.0,,5122.0,0.79,0.843,0.04,1.67
HD 103720 b,14.1,197.046,,0.0498,,5017.0,0.73,0.794,-0.02,0.386
TOI-1789 b,16.14093221,222.4798849,1927.0,0.04882,2300.0,5991.0,2.168,1.507,0.373,0.28
CoRoT-28 b,10.704595,153.82972,,0.0603,,5150.0,1.78,1.01,0.15,0.69
WASP-98 b,12.823096,293.03926,1171.0,0.03762,269.8828,5473.0,0.741,0.809,-0.49,0.764
TOI-4087 b,13.04725353,232.01473711,1458.0,0.04469,753.9,6060.0,1.112,1.178,0.237,0.57
TOI-2019 b,5.33275337,34.4,917.46,0.128,126.052,5626.0,1.7457,1.1832,0.409,1.25
NGTS-10 b,13.506845,687.14846,1332.0,0.0143,3716.1785,4600.0,0.697,0.696,-0.02,1.43
TOI-1105 b,3.05823658,9.58,594.0,,20.7383,4678.46,0.755833,0.74,,1.84
TOI-4600 b,6.8,959.84178914,347.0,0.349,3.3159,5170.0,0.81,0.89,0.16,
K2-140 b,13.56286665,295.58041851,962.0,0.068,204.0,5585.0,1.06,0.96,0.1,0.66
Kepler-434 b,12.67,908.96,1000.0,0.1143,158.285,5977.0,1.38,1.198,0.25,2.4
Kepler-433 b,16.25,896.24,1776.0,0.0679,1682.66,6360.0,2.26,1.46,-0.01,1.13
HATS-43 b,13.22662,82.95363,1003.0,0.04944,192.2328,5099.0,0.812,0.837,0.05,0.191
Kepler-685 b,10.58,78.8,1579.0,0.0265,1137.124,5963.0,1.16,1.11,0.15,0.366
TOI-1806.01,3.4095367,11.5,337.47,0.087735044,2.1473,3272.0,0.401575,0.392935,,1.59
HD 207897 b,2.34302132,14.8,581.75,0.117,26.5,5106.0,0.7827,0.8208,-0.03,6.29
HIP 109384 b,13.5,495.8148,,1.134,,5180.0,0.831075,0.78,-0.26,1.11
HD 220842 b,13.1,1010.6994,,0.74,,5960.0,1.41647,1.13,-0.17,2.47
Kepler-445 d,1.25,2.1,305.0,0.0439,4.314,3157.0,0.21,0.18,0.27,5.91
Kepler-445 c,2.51,6.85,341.0,0.0301,9.177,3157.0,0.21,0.18,0.27,2.38
Kepler-432 b,12.834305,1719.4603,812.0,0.301,97.846,4995.0,4.06,1.32,-0.07,4.46
WASP-87 b,15.524465,692.8694,2049.54,0.02946,4170.0965,6450.0,1.627,1.204,,1.02
OGLE2-TR-L9 b,18.046,1430.175,2034.0,0.0308,4135.4482,6933.0,1.53,1.52,-0.05,1.25
Kepler-1624 b,6.59,35.3,540.0,0.0327,6.01,3768.0,0.552,0.541,0.269,0.678
HAT-P-68 b,12.016048,230.10892,1027.8,0.02996,184.8,4508.0,0.6701,0.6785,-0.059,0.727
HD 158259 c,2.23,5.6,,,,5801.89,1.21,1.08,,2.77
HR 858 b,2.004,3.55,1552.0,0.04888,989.7,6354.0,1.258,1.204,0.025,2.44
OGLE-2008-BLG-092L b,8.74,57.0,,15.0,,,,0.71,,0.469
OGLE-2005-BLG-071L b,13.0,1200.0,55.0,3.6,,,,0.46,,3.0
Kepler-445 b,1.58,3.12,401.0,0.0217,17.657,3157.0,0.21,0.18,0.27,4.35
Kepler-446 d,1.35,2.39,436.0,0.0403,3.307,3359.0,0.24,0.22,-0.3,5.34
8 UMi b,13.5,524.41687155,,0.462,,4847.0,10.73,1.51,-0.03,1.17
TOI-1750 b,2.78943837,8.19,612.92,,33.352,4683.75,0.768675,0.767,,2.07
K2-133 c,1.603,3.2,,0.04341,,3655.0,0.455,0.461,,4.27
OGLE-2006-BLG-109L b,14.0,231.0,82.0,2.3,,,,0.51,,0.463
2MASS J02192210-3925225 b,16.14096,4417.837,,156.0,,3064.0,0.281,0.108,,5.77
GJ 480 b,2.91,8.8,406.0,0.068,,3509.0,0.449,0.45,0.26,1.96
WASP-32 b,10.76064,835.8929,1388.0,0.0394,616.33,6140.0,0.95,0.72,-0.13,3.24
WASP-66 b,15.6926,746.9005,1569.7,0.0546,1434.7739,6600.0,1.76,1.33,-0.31,1.144
Qatar-8 b,14.403565,117.91493,1457.0,0.0474,698.148,5738.0,1.315,1.029,0.025,0.216
KELT-18 b,17.59813,375.0394,2085.0,0.0455,3152.0,6670.0,1.908,1.524,0.09,0.377
TOI-431 d,3.29,9.9,633.0,0.098,28.3588,4850.0,0.731,0.78,0.2,1.36
K2-287 b,9.494023,100.11645,804.0,0.1206,,5695.0,1.07,1.056,0.2,0.63
GJ 341 b,0.88,4.0,629.0,,13.8,3770.0,0.5066,0.48,-0.16,
K2-138 b,1.51,3.1,1157.0,0.03385,486.0,5356.3,0.863,0.935,0.14,4.9
K2-178 b,3.55790985,12.4,840.29,,117.826,5525.0,0.887267,0.95109,0.09,1.51
Kepler-449 c,2.764,8.07,661.0,0.1979,45.09,5649.18,1.467,1.02,-0.1651,2.1
CoRoT-1 b,16.7,327.35,1898.0,0.02752,2852.63,5950.0,1.11,0.95,-0.3,0.38
TOI-6628 b,10.98480109,235.19302118,833.0,0.134,20.0861,5463.0,1.01,0.97,0.36,0.98
Kepler-318 c,3.68,13.1,762.0,0.105,96.513,5746.0,1.189,1.073,0.332,1.44
TOI-4561 b,1.77789214,3.81,789.81,,91.9624,5537.93,0.851957,1.0,,3.73
Kepler-431 d,1.11,1.41,856.0,0.1045,272.838,6004.0,1.092,1.071,0.07,5.67
Kepler-431 c,0.668,0.229,951.0,0.0847,415.545,6004.0,1.092,1.071,0.07,4.22
HATS-57 b,12.767051,1000.21101,1413.4,0.03493,570.233,5587.0,0.96,1.026,0.268,2.65
WASP-34 b,11.209,177.9848,1250.0,0.0524,229.962,5700.0,0.91,0.96,-0.02,0.412
WASP-3 b,15.91678,772.3269,2020.0,0.0315,1845.3,6400.0,1.44,1.62,0.0,0.89
Kepler-449 b,2.056,4.88,917.0,0.1027,167.41,5649.18,1.467,1.02,-0.1651,3.09
HD 1461 b,2.42,6.44,,0.0634,,5765.0,1.152288,1.02,0.19,2.5
HD 1461 c,2.23,5.59,,0.1117,,5765.0,1.152288,1.02,0.19,2.77
GJ 3341 b,2.46,6.6,,0.089,,3526.0,0.439,0.47,-0.09,2.44
Kepler-430 c,1.75,3.71,458.0,0.4757,9.096,5884.0,1.485,1.166,0.2,3.8
Kepler-444 b,0.403,0.0374,938.0,0.04178,225.735,5046.0,0.752,0.758,-0.55,3.14
Kepler-444 c,0.497,0.0793,868.0,0.04881,165.73,5046.0,0.752,0.758,-0.55,3.55
TOI-4010 d,6.18,38.15,650.0,0.113,30.0,4960.0,0.83,0.88,0.37,0.9
K2-275 c,2.21,5.52,653.0,0.0881,45.7572,4841.0,0.69,0.77,-0.06,2.81
MOA-2011-BLG-262L b,4.29,17.0,,0.95,,,,0.11,,1.18
HD 40307 d,,1775.3894815,541.0,0.1321,,4956.0,0.716684,0.77,-0.31,
HD 87883 b,12.7,2005.49724817,,3.77,,4980.0,0.798557,0.8,0.11,5.38
TOI-815 c,2.62,23.5,469.0,0.193,8.03,4869.0,0.77,0.776,-0.09,7.2
Kepler-25 d,10.0,71.9,,0.4164221832,,6354.0,1.316,1.165,0.11,0.395
TOI-3331 A b,12.97999965,721.47048389,1488.0,0.03144,818.5,5609.0,0.952,1.016,0.148,1.82
K2-132 b,14.5717,155.7367,1586.0,0.0916,293.374,4840.0,3.85,1.08,-0.01,0.277
TOI-4747 b,3.95803201,14.8,1035.0,,190.795,5595.08,0.988751,1.01,,1.31
HD 40307 f,2.13,5.2,398.0,0.247,,4956.0,0.716684,0.77,-0.31,2.96
Kepler-444 e,0.546,0.1,727.0,0.0696,81.344,5046.0,0.752,0.758,-0.55,4.8
Kepler-444 d,0.53,0.2,783.0,0.06,109.638,5046.0,0.752,0.758,-0.55,7.9
Kepler-444 f,0.741,0.332,673.0,0.0811,59.915,5046.0,0.752,0.758,-0.55,4.48
HIP 107773 b,13.4,629.3034,,0.72,,4945.0,11.6,2.42,0.03,1.44
TOI-763 b,2.28,9.79,1038.0,0.06,182.935,5450.0,0.897,0.917,0.01,4.51
K2-174 b,2.6,7.27,455.0,0.126,10.9555,4455.0,0.676,0.7,0.113,2.27
TOI-615 b,18.97680433,138.25535705,1666.0,0.0678,1286.0,6850.0,1.732,1.449,-0.1,0.084
OGLE-2005-BLG-169L b,3.84,14.1,,3.5,,,,0.69,,1.37
K2-133 d,2.003,4.67,734.0,0.07487,48.3251,3655.0,0.455,0.461,,3.19
K2-165 b,1.27443657,2.17,,,,5185.0,0.803827,0.834847,-0.05,5.76
K2-87 b,7.6,44.9,979.0,0.094,85.0,5747.0,1.401,1.164,0.328,0.562
HD 145675 c,12.6,2510.8444153,,20.0,,5338.0,0.93,0.97,0.43,6.9
WASP-60 b,9.86392,174.8065,1479.0,0.05548,925.4935,5900.0,1.17,1.19,-0.04,0.378
TOI-776 b,1.798,5.0,520.0,0.0653,11.5,3725.0,0.547,0.542,-0.21,4.8
TOI-833 b,1.27,2.15,1118.0,0.0171,270.0682,3920.0,0.6,0.61,,5.77
KELT-24 b,12.71098411,1458.83238813,1391.0,0.0665,624.0,6426.0,1.338,1.268,0.138,3.9
TOI-858 B b,14.06727078,349.6112477,1529.0,0.04435,908.9,5842.0,1.308,1.081,0.153,0.69
WASP-13 b,13.67498,114.4188,1531.0,0.05362,617.309,5950.0,1.37,0.72,0.0,0.222
WASP-10 b,12.106,1001.12,1370.0,0.03781,174.0323,4675.0,0.698,0.75,0.03,4.14
HAT-P-32 b,22.19382,216.1244,1835.7,0.03397,1841.0,6001.0,1.367,1.132,-0.16,0.108
Kepler-1704 b,11.94877343,1322.16617312,253.8,2.027,0.342,5746.0,1.697,1.132,0.196,4.07
Kepler-1693 b,1.28938413,2.21,807.0,0.1011,100.37,5432.34,0.878295,0.95,0.026,5.67
HD 199509 b,7.43,43.22466335,,0.426,,5796.02,0.92,1.04,-0.3075,0.579
Kepler-104 b,3.1,19.6,852.0,0.094,119.907,5711.0,1.349,0.818,-0.42,4.064848
Kepler-945 b,2.63,7.41,616.0,0.2037,31.702,5718.0,0.97,0.97,-0.01,2.24
TOI-2416 b,9.86390302,953.485221,1080.0,0.0831,130.93,5808.0,1.236,1.118,0.32,5.4
HD 110113 c,2.11384817,10.5,990.0,0.068,199.9,5732.0,0.968,0.997,0.14,6.11
HATS-32 b,14.000041,292.4036,1437.0,0.04024,614.5934,5700.0,1.097,1.099,0.39,0.58
HAT-P-46 b,14.392,156.684,1458.0,0.0577,1405.4798,6120.0,1.396,1.284,0.3,0.28
TOI-125 b,2.726,9.5,1037.0,0.05186,185.0,5320.0,0.848,0.859,-0.02,2.57
TOI-125 d,2.93,13.6,638.1,0.137,26.7,5320.0,0.848,0.859,-0.02,2.98
Kepler-1130 b,0.8,0.437,904.0,0.05963,162.65,5403.0,0.81,0.9,-0.06,4.69
Kepler-1878 b,2.92019781,8.86,1063.0,0.0521,302.6,5918.0,0.865,0.956,-0.26,1.96
HD 21411 b,9.52,65.9,,0.362,,5605.0,0.825605,0.89,-0.265,0.42
Kepler-239 c,2.51,6.85,366.0,0.268,4.315,4914.0,0.763,0.757,0.17,2.38
WASP-192 b,13.78707,731.009,1620.0,0.0408,471.142,5910.0,1.32,1.09,0.14,1.62
HAT-P-5 b,13.56289,311.4734,1517.0,0.04073,850.6754,5960.0,1.12,1.04,0.24,0.668403
HAT-P-8 b,15.6926,406.8224,1713.0,0.04496,1519.9645,6200.0,1.57,1.27,0.01,0.685644
Kepler-1849 b,2.38685349,6.29,355.0,0.2597,3.76,4806.0,0.729,0.709,-0.1,2.54
DMPP-1 e,1.86,4.13,1314.0,0.0651,,6196.0,1.26,1.21,,3.53
DMPP-6 b,2.28,5.8,,0.0779,,6182.09,1.27,1.079,0.32,2.69
Kepler-315 c,4.15,16.1,291.0,0.791,1.722,5796.0,1.037,0.831,-0.27,1.24
Qatar-10 b,17.295487,233.92288,1955.0,0.0286,1816.48,6124.0,1.254,1.156,0.016,0.248
Gliese 12 b,0.93,0.95,314.6,0.067,1.62,3328.0,0.265,0.255,-0.24,6.4
HD 209458 b,15.58051,232.0159,1459.0,0.04707,587.098,6091.0,1.19,1.23,0.01,0.362
Kepler-417 c,2.69,7.7,616.0,0.1194,30.968,5177.0,0.806,0.9,-0.204,2.17
KMT-2017-BLG-1146L b,14.0,230.0,,1.6,,,,0.33,,0.461
Kepler-1213 b,1.19,1.81,1156.0,0.06026,595.424,6050.0,1.21,1.14,0.13,5.9
Kepler-1020 b,2.28,5.82,325.0,0.37594,2.339,5227.0,0.8,0.87,0.0,2.7
Kepler-682 b,7.37,42.6,753.0,0.1058,306.102,5559.0,0.89,0.92,-0.05,0.585
K2-194 b,3.64229858,12.9,,,,5979.0,1.281115,1.110086,0.1,1.47
Kepler-579 b,2.0,4.66,730.0,0.0854,60.609,5636.0,0.96,0.99,0.13,3.2
HD 216770 b,14.1,181.1631,,0.46,,5399.0,0.93,0.74,0.27,0.355
Kepler-1074 b,1.25,2.1,568.0,0.0536,27.569,4002.0,0.57,0.6,-0.06,5.91
WASP-133 b,13.56289,368.6828,1790.0,0.0345,2054.7956,5700.0,1.44,1.16,0.29,0.88
TOI-1224 b,2.104,5.08,541.0,0.0355,13.9295,3326.0,0.404,0.4,,3.0
TOI-564 b,11.43318,464.98529,1714.0,0.02734,1423.0,5640.0,1.088,0.998,0.143,1.7
Kepler-1656 c,14.0,126.4,,3.053,,5569.0,1.1,1.03,0.19,0.253
TOI-1410 c,5.63,27.0,,0.239,,4635.0,0.7558,0.7941,0.328,0.831
HATS-55 b,14.022459,292.72143,1367.0,0.05412,355.909,6214.0,1.126,1.1955,0.108,0.587
WASP-183 b,16.47723,159.55066,1111.0,0.04632,268.7176,5313.0,0.871,0.784,-0.31,0.21
HD 45184 b,3.52,12.19,,0.0644,,5869.0,1.075139,1.03,0.04,1.54
Kepler-700 b,5.99,30.0,452.0,0.3577,12.071,5692.0,0.96,0.98,0.04,0.767
WASP-170 b,12.285064,508.528,1422.0,0.0337,680.0,5600.0,0.938,0.93,0.22,1.6
TOI-1693 b,1.41,2.57,764.0,0.0226,57.0208,3499.0,0.46,0.49,,5.04
OGLE-2018-BLG-0298L b,7.56,44.49597698,,2.86,,,,0.69,,0.566
OGLE-2013-BLG-0102L b,12.3,4100.0,,0.8,,,,0.096,,12.1
Kepler-948 b,1.85,4.08,841.0,0.0749,126.203,5679.0,0.94,0.96,-0.02,3.54
TOI-1472 b,4.058,18.05,891.0,0.064,110.0201,5100.0,0.84,0.87,0.27,1.49
TOI-532 b,5.82,61.5,867.0,0.0296,94.1,3927.0,0.612,0.639,0.338,1.72
LP 714-47 b,4.7,30.8,700.0,0.0417,38.5441,3950.0,0.584,0.59,0.41,1.7
TOI-921 b,3.53409617,12.2,951.0,,426.7683,6011.66,1.14165,1.13,-0.0579,1.52
Kepler-1278 b,1.01,1.01,1213.0,0.04417,1314.67,6074.0,1.16,1.11,0.02,5.39
HD 106270 b,12.4,3623.2438398,,3.34,,5509.0,2.66,1.39,0.06,10.4
HATS-10 b,10.861521,167.17858,1407.0,0.04491,836.8558,5880.0,1.105,1.101,0.15,0.7
Kepler-472 b,3.22,10.5,876.0,0.04823,139.236,4996.0,0.78,0.85,0.16,1.73
Kepler-1129 b,2.96,9.06,737.0,0.16481,32.265,5831.0,1.0,1.0,-0.04,1.92
Kepler-1275 b,1.48,2.79,1368.0,0.0488,822.484,6296.0,1.36,1.23,0.04,4.73
HATS-61 b,13.394755,1080.622,1226.1,0.07908,374.2,5542.0,1.664,1.076,0.247,2.47
Kepler-60 c,1.9,3.85,1023.0,0.08422,236.0,5905.0,1.257,1.041,-0.09,3.06
WASP-49 b,12.44199,117.5971,1400.0,0.0379,615.4709,5600.0,0.97,0.92,-0.23,0.288
WASP-15 b,15.80469,171.6282,1676.0,0.05165,1237.7366,6300.0,1.48,1.18,-0.17,0.263
Kepler-1870 b,2.10143764,5.07,1046.0,0.0452,287.6,5508.0,0.84,0.955,0.07,3.0
K2-8 c,2.41,6.39,801.0,0.0532,97.8,4870.0,0.74,0.78,-0.02,2.51
Kepler-1339 b,0.71,0.285,1642.0,0.02356,3094.817,5586.0,0.93,0.94,0.01,4.38
Kepler-1905 b,1.4460734,2.69,1212.0,0.0451,508.75,5788.0,1.015,1.038,0.16,4.89
Kepler-230 c,2.04,4.82,359.0,0.38,2.976,5588.0,0.817,0.784,-0.21,3.12
Kepler-1839 b,1.9493759,4.46,1049.0,0.0583,286.32,5926.0,0.939,1.03,-0.04,3.31
Kepler-694 b,2.8,8.25,914.0,0.0659,206.438,5700.0,0.95,0.97,0.0,2.07
K2-32 e,1.212,2.1,1066.0,0.04899,,5271.0,0.86,0.83,-0.06,6.3
Kepler-919 b,2.25,5.69,869.0,0.0981,153.915,6113.0,1.21,1.15,0.07,2.74
Kepler-1858 b,2.42168247,6.44,330.0,0.3575,2.79,4939.0,0.819,0.785,0.16,2.49
HD 95872 b,13.0,1188.6842,,5.15,,5312.0,0.84,0.7,0.41,2.97
Kepler-411 b,2.401,25.6,1138.0,0.0375,201.3,4974.0,0.82,0.87,0.21,10.3
K2-31 b,11.88154,563.83042,1688.0,0.022,1272.0,5280.0,0.78,0.91,0.08,0.032
K2-39 b,6.27704,28.6047,1670.0,0.05708,1356.0,4881.0,2.97,0.66,0.32,0.93
HIP 38594 c,7.94,48.4,,3.805,,4086.3,0.626646,0.61,,0.531
Kepler-144 b,1.33,2.33,1253.0,0.066,426.719,6075.0,1.235,1.154,-0.1848,5.44
Kepler-1121 b,1.91,4.31,1008.0,0.11818,205.272,6231.0,1.59,1.29,0.12,3.4
HD 10442 b,13.6,472.61321,,2.01,,4912.0,1.97,1.01,0.11,1.03
Kepler-402 d,1.38,2.48,1006.0,0.087,214.277,6090.0,1.264,1.072,-0.08,5.19
TOI-4515 b,12.17,637.0,705.0,0.118,42.2987,5433.0,0.86,0.949,0.05,1.941
HAT-P-41 b,22.97845,378.2177,1941.0,0.04258,2485.0721,6390.0,2.05,2.56,0.21,0.204
AU Mic c,2.79,14.46,424.7,0.119,7.3,3540.0,0.862,0.635,0.01,3.9
HAT-P-7 b,16.92559,584.8072,2733.0,0.03809,4353.408,6389.0,2.0,1.56,0.26,0.712
AU Mic b,4.79,8.99,554.8,0.07,21.2,3540.0,0.862,0.635,0.01,0.49
WASP-63 b,15.80469,117.5971,1469.91,0.0574,1103.2708,5550.0,1.86,1.28,0.08,0.173
TOI-3540 A b,23.53885947,375.03752026,1498.0,0.04289,841.3,5810.0,1.228,1.081,0.176,0.065
HATS-62 b,11.825495,56.89157,1237.0,0.04163,387.4,5416.0,0.933,0.896,0.133,0.076
Kepler-1690 b,2.81109223,8.3,267.0,0.7097,1.2,5404.0,0.862346,0.94,0.0,2.05
Kepler-1118 b,2.74,7.95,502.0,0.2079,20.011,5688.0,0.97,0.96,0.0,2.12
Kepler-150 b,1.25,2.1,1131.0,0.044,367.262,5560.0,0.939,0.956,0.12,5.91
Kepler-1841 b,1.48912557,2.82,542.0,0.1606,20.35,5190.0,0.899,0.823,0.12,4.69
Kepler-620 b,3.32,11.0,849.0,0.1053,219.051,6155.0,1.22,1.15,0.03,1.65
HD 105618 b,5.44,25.42627256,,0.091,,5671.0,1.27399,1.01,,0.868
KMT-2016-BLG-1836L b,13.3,700.0,,3.5,,,,0.49,,1.63
TOI-262 b,2.07,4.94,584.0,0.163,56.9133,5310.0,0.853,0.913,0.26,3.06
Kepler-405 b,2.08,4.98,785.0,0.095,55.623,5818.0,0.893,0.873,-0.06,3.04
Kepler-129 b,2.4,20.0,910.0,0.13,158.306,5770.0,1.653,1.178,0.29,8.1
GJ 3082 b,2.79,8.2,,0.079,,3910.0,0.465216,0.47,,2.07
Kepler-1723 b,2.88046569,8.65,568.0,0.2249,24.54,6072.0,1.01,0.96,-0.3,1.99
Kepler-1176 b,2.45,6.57,595.0,0.1589,26.087,5844.0,1.02,1.01,-0.01,2.45
Kepler-1783 b,1.31946731,2.3,1088.0,0.07595,65.5,5129.0,1.781,0.887,-0.16,5.5
TOI-6255 b,1.079,1.44,1256.46,,588.9944,3421.0,0.37,0.353,-0.14,6.3
TOI-157 b,14.414774,375.0394,1588.0,0.03138,1062.0,5404.0,1.167,0.948,0.24,0.686
OGLE-2017-BLG-0640L b,13.5,514.88201934,,1.14,,,,0.32,,1.15
OGLE-2013-BLG-1761L b,13.2,860.0,,1.8,,,,0.33,,2.05
OGLE-2017-BLG-1099L b,13.1,959.84178914,,2.73,,,,0.45,,2.35
Kepler-1421 b,0.93,0.749,1209.0,0.07576,649.151,6335.0,1.42,1.25,0.05,5.12
Kepler-1442 b,3.93,14.7,522.0,0.40814,25.972,6394.0,1.44,1.34,0.26,1.33
Kepler-414 b,1.71,3.5,1024.0,0.0543,241.171,5536.0,0.946,0.89,0.18,3.85
K2-59 b,2.41,6.39,,0.1354,17.1,5055.0,0.731,0.774,,2.51
HAT-P-61 b,10.07687365,335.9446262,1505.0,0.0301,849.5,5587.0,0.938,1.004,0.194,1.8
TOI-849 b,3.64,41.8,1932.0,0.0155,2314.06,5257.0,0.97,0.97,0.19,5.6
TIC 270471727 b,2.75029559,8.0,1147.1,,283.9789,5271.39,0.997091,0.9,-0.09,2.11
Kepler-348 c,1.33,2.33,888.0,0.138,133.259,6177.0,1.359,1.189,-0.03,5.44
Kepler-1200 b,1.06,1.2,1174.0,0.0188,544.534,4612.0,0.7,0.74,0.04,5.54
HD 204941 b,10.1,73.1009,,2.55,,5026.0,0.78,0.58,-0.19,0.39
HD 101581 b,0.956,0.827,834.0,0.046,80.0,4675.0,0.63,0.653,-0.343,5.2
OGLE-2017-BLG-0406L b,14.2,130.0,,3.5,,,,0.56,,0.249
KMT-2017-BLG-0428L b,2.23,5.59,,1.81,,,,0.34,,2.77
Kepler-698 b,3.68,13.1,727.0,0.1255,172.557,5612.0,0.91,0.94,-0.03,1.44
WASP-121 b,19.52604438,371.85923619,2409.0,0.02571,6216.41,6628.0,1.461,1.33,0.17,0.275
GJ 536 c,2.3,5.89,290.5,0.1617,1.692,3641.0,0.529,0.528,-0.08,2.66
TOI-663 b,2.27,4.45,674.0,0.0295,49.1,3681.0,0.512,0.514,0.07,2.07
TOI-1259 A b,11.45557828,140.16232749,963.0,0.0407,153.1389,4775.0,0.711,0.744,-0.5,0.513
Qatar-4 b,12.722215,1938.763,1385.0,0.02803,614.0,5215.0,0.849,0.896,0.103,5.1
K2-113 b,12.14,410.0007,1098.0,0.0642,277.39,5660.0,1.24,1.04,0.27,1.97
TOI-150.01,14.067295,797.7533,1404.5,0.07037,750.922,6255.0,1.526,1.351,0.28,1.68
TOI-2107 b,13.57407563,263.79757781,1397.0,0.03515,508.468,5627.0,0.932,0.961,0.07,0.577
Kepler-1321 b,4.92,21.5,408.0,0.0781,13.547,4094.0,0.53,0.54,-0.45,0.992
HD 10180 h,9.4,64.4,,3.381,,5911.0,1.109,1.06,0.08,0.426
HD 7924 b,,2058.25676373,825.9,0.06,113.7,5131.0,0.78,0.65,-0.21,
HIP 57274 d,14.2,167.4,,1.01,,4640.0,0.68,0.73,0.09,0.321
HD 215152 e,,975.41538108,,0.15417,,4935.0,0.73,0.77,-0.1,
KMT-2020-BLG-0414L c,11.9,8581.366989,,22.3,,,,0.49,,28.0
GJ 328 b,13.3,797.74930157,,4.11,,3897.0,0.63,0.65,-0.06,1.86
HD 16175 b,12.8,1875.1876013,,2.12,,5981.0,1.72,1.63,0.3,4.91
Kepler-1195 b,2.08,4.98,702.0,0.0726,79.03,4965.0,0.71,0.74,-0.25,3.04
Kepler-739 b,3.32,11.0,775.0,0.1054,115.963,5601.0,0.9,0.93,-0.08,1.65
K2-146 c,2.19,7.49,,0.0327,,3385.0,0.33,0.331,-0.02,3.92
OGLE-2013-BLG-0341L B b,1.16,1.66,,0.702,,,,0.1127,,5.84
TOI-1248 b,6.8084859,27.4,952.09,0.051,202.0739,5205.0,0.8686,0.9042,0.223,0.47
Qatar-7 b,19.0553,597.5204,2053.0,0.0352,2886.2922,6387.0,1.564,1.409,0.276,0.502
HATS-22 b,10.682177,870.8542,858.0,0.05025,111.299,4803.0,0.689,0.759,0.0,3.89
TOI-4465 b,14.01122587,1872.00931723,427.0,0.416,130.528,5545.0,1.014,0.93,-0.06,3.73
TOI-1291 b,5.63826391,27.1,1649.0,,1230.42,6139.95,1.8109,1.2,,0.831
TOI-1722 b,4.38298108,17.6,952.0,,136.86,5999.55,1.09414,1.162,,1.15
TOI-1756 b,1.94225664,4.43,696.39,,55.5824,3891.86,0.562607,0.556454,,3.32
HAT-P-38 b,9.247,84.857,1082.0,0.0523,243.0337,5330.0,0.923,0.886,0.06,0.59
HD 106315 b,2.44,12.6,1153.0,0.0907,277.0,6327.0,1.296,1.091,-0.311,4.7
TOI-5232 b,12.778238,743.71847238,1772.0,0.05593,1193.86,6500.0,1.785,1.389,-0.104,1.96
V1298 Tau e,10.17,15.3,527.0,0.2689,10.0,4970.0,1.32,1.1,0.1,0.08
V1298 Tau c,5.08,4.7,953.0,0.0824,146.0,4970.0,1.32,1.1,0.1,0.2
Kepler-1914 b,2.9429803,8.97,585.0,0.1954,27.66,5982.0,0.96,1.047,-0.04,1.93
Kepler-224 c,3.12,9.91,758.0,0.058,86.332,5018.0,0.676,0.777,-0.06,1.79
HAT-P-64 b,19.08889413,184.34047606,1766.0,0.05387,1611.0,6457.0,1.735,1.298,-0.113,0.144
HATS-40 b,17.71022,505.3497,2101.0,0.04997,3163.3762,6460.0,2.26,1.561,0.01,0.49
TOI-4578 b,2.26974262,5.77,842.42,,119.0248,5951.32,0.878735,1.077,,2.71
TOI-4898 b,3.7197954,13.4,667.0,,33.0144,4201.57,0.639344,0.619077,,1.43
BD+45 564 b,13.6,432.24663352,,0.83,,5004.0,0.813064,0.81,-0.09,0.944
Kepler-911 b,2.6,7.27,931.0,0.15594,198.725,6112.0,1.99,1.34,0.03,2.27
HD 102329 c,13.5,483.1016,,,,4830.0,6.3,1.3,0.3,1.08
TOI-1749 c,2.12,14.0,673.0,0.0443,36.1539,3985.0,0.55,0.58,-0.26,
TOI-431 b,1.28,3.07,1862.0,0.0113,2120.4475,4850.0,0.731,0.78,0.2,8.0
Kepler-795 b,1.68,3.46,580.0,0.1803,28.9,5631.0,0.96,0.94,-0.02,4.01
Kepler-163 b,1.05,1.16,906.0,0.078,115.612,5776.0,0.917,0.882,0.1412,5.51
Kepler-668 b,2.7,7.75,790.0,0.0768,77.619,5352.0,0.82,0.87,-0.06,2.16
CWISEP J193518.59-154620.3 b,12.2,4926.3403085,390.0,2.48,,,,0.024,,14.9
TOI-5926 b,7.56807148,44.6,987.0,,157.644,5388.92,0.890046,0.946,,0.565
TOI-6393 b,2.75958542,8.04,696.0,,39.0679,5008.2,0.766023,0.835,,2.1
TOI-2071 b,2.56484195,7.1,1029.33,,265.3025,5755.41,1.00286,1.063,0.048,2.31
TOI-2227 b,3.09885187,9.79,1164.0,,305.107,5889.54,1.20847,1.03,-0.0503,1.81
TOI-4030 b,5.8462559,28.8,1384.0,,609.961,5640.37,0.991737,0.98,,0.792
TOI-4513 b,2.34587608,6.11,653.0,,30.3621,5623.93,0.796628,0.979,,2.6
TOI-201 b,11.82547464,184.34047606,759.0,0.3026,68.4513,6394.0,1.339,1.316,0.24,0.654
TOI-201 c,11.13051784,4513.1633794,,4.28,,6394.0,1.339,1.316,0.24,19.2
Kepler-989 b,2.21,5.52,805.0,0.0734,74.35,5074.0,0.78,0.82,0.01,2.81
HATS-51 b,15.80469,244.09344,1553.0,0.04639,740.2246,5758.0,1.44,1.187,,0.34
HR 858 d,2.001,7.1,1061.0,0.1046,217.0,6354.0,1.258,1.204,0.025,4.9
Kepler-1446 b,0.82,0.477,1539.0,0.01405,1213.333,4865.0,0.75,0.81,0.11,4.75
Kepler-956 b,3.0,9.27,1056.0,0.06017,307.058,6040.0,1.15,1.1,0.02,1.89
HATS-74 A b,11.56766808,464.02947422,895.1,0.02384,106.9,3776.9,0.5758,0.601,0.514,1.64
TOI-880 c,4.95,21.7,805.0,0.0635,73.9967,5050.0,0.83,0.87,0.23,0.983
TOI-1278 b,12.21778896,5879.8255295,407.87,0.095,6.5402,3799.0,0.573,0.54,-0.01,18.0
WASP-97 b,12.77826,432.2488,1555.0,0.03303,1414.87,5640.0,1.08,1.18,0.23,1.21
Kepler-98 b,1.99,3.55,1592.0,0.02614,1107.389,5539.0,1.11,0.99,0.18,2.18
Kepler-238 b,1.73,3305.02,1642.0,0.034,2500.588,5751.0,1.43,1.229,0.34,526.0
Kepler-67 b,2.94,8.96,602.0,0.1171,30.6,5331.0,0.778,0.865,-0.2,1.94
WASP-46 b,13.159366,607.0553,1636.0,0.02335,1281.2408,5600.0,0.858,0.828,-0.3,1.467
WASP-48 b,16.8135,254.264,2035.0,0.03444,3410.2601,5920.0,1.58,0.88,-0.12,0.415
WASP-6 b,12.5428494,148.42586607,1167.0,0.04217,288.0,5438.0,0.79,0.854,-0.15,0.440298
PDS 70 b,21.96960217,1017.0509024,1392.0,20.8,,4109.0,1.26,0.982,-0.11,0.527
TrES-5 b,13.383546,568.9157,1480.0,0.02459,442.993,5171.0,0.868,0.901,0.2,1.31
WASP-114 b,15.008851,562.24127,2043.0,0.02851,2978.2048,5940.0,1.43,1.289,0.14,0.97
HD 114386 c,13.4,117.59651059,,1.05,,4895.0,0.76,0.8,-0.1,0.269
TOI-1442 b,1.17,1.71,1072.0,0.0071,207.0242,3330.0,0.31,0.29,,5.87
WASP-25 b,13.80946422,179.25522155,1217.0,0.0473,341.0,5697.0,0.884,0.962,-0.2,0.399185
Kepler-1542 d,0.87,0.59,1010.0,0.0629,297.806,5564.0,0.99,0.94,0.06,4.92
K2-316 c,1.83,4.01,423.0,0.0582,,3436.0,0.379,0.408,,3.6
TOI-1295 b,15.69257298,451.31633794,2360.0,0.047,1800.0,6280.0,1.7,1.38,0.26,0.65
K2-115 b,11.80305668,321.00669107,696.0,0.1415,20.4393,5870.0,0.855,0.918,-0.198,1.07
TOI-261.02,3.34822227,11.2,1007.53,,243.5261,5890.3,1.31383,1.069,-0.35,1.64
TOI-1203 e,7.31,42.1,,,,5737.0,1.179,0.886,-0.39,0.592
Kepler-1764 b,4.55527871,18.8,511.0,0.3512,16.17,6461.0,1.131,1.162,-0.14,1.09
Kepler-1269 b,1.63,3.29,657.0,0.23611,69.004,5998.0,1.15,1.1,0.07,4.17
Kepler-681 b,3.08,9.69,489.0,0.1635,14.151,5021.0,0.76,0.8,-0.04,1.82
XO-1 b,12.77826,263.7989,1210.0,0.0488,321.85,5750.0,0.88,0.88,0.02,0.64
WASP-190 b,12.89035,317.83,1500.0,0.0663,747.132,6400.0,1.6,1.35,-0.02,0.815
TOI-480 b,2.85372018,20.8,1198.94,0.077,531.521,6174.0,1.4877,1.2793,0.164,4.91
K2-196 b,3.59970536,12.6,,,,6045.0,1.538801,1.162095,0.01,1.48
HD 200964 c,13.7,385.84562,,1.96,,4982.0,4.92,1.39,-0.15,0.825
Kepler-1315 b,1.38,2.48,1541.0,0.01617,897.9,4861.0,0.75,0.8,0.07,5.19
K2-239 d,1.1,1.37,399.0,0.0685,,3420.0,0.36,0.4,-0.1,5.66
K2-192 b,1.52,2.92,939.0,0.049,,5222.0,0.81,0.9,0.15,4.57
TRAPPIST-1 b,1.116,1.374,397.6,0.01154,4.153,2566.0,0.1192,0.0898,0.052,5.441939
TRAPPIST-1 d,0.788,0.388,286.2,0.02227,1.115,2566.0,0.1192,0.0898,0.052,4.366784
TRAPPIST-1 e,0.92,0.692,249.7,0.02925,0.646,2566.0,0.1192,0.0898,0.052,4.901605
TRAPPIST-1 g,1.129,1.321,197.3,0.04683,0.252,2566.0,0.1192,0.0898,0.052,5.055986
TRAPPIST-1 h,0.755,0.326,171.7,0.06189,0.144,2566.0,0.1192,0.0898,0.052,4.16278
TOI-4602.01,2.550449,7.04,1380.27,0.05099712,603.6935,6011.9,1.15664,1.116795,,2.33
HATS-26 b,19.61575,206.5895,1918.0,0.04735,2236.5716,6071.0,2.04,1.299,-0.02,0.153
K2-190 b,1.35673729,2.41,,,,5631.0,0.912206,0.904597,-0.19,5.3
TOI-1839 c,2.40867246,6.39,,,,5315.91,0.848099,0.934,0.252,2.51
WASP-186 b,12.44199,1341.2426,1378.4,0.06,853.1355,6361.0,1.47,1.22,-0.08,3.821
TOI-4552 b,1.11,1.83,1122.0,0.0056255,263.0,3258.0,0.2869,0.2619,-0.07,7.74
TOI-261.01,3.0449863,9.51,1722.49,0.034792189,874.7956,5890.3,1.28018,0.496728,-0.35,1.85
TOI-1054.01,2.43432,6.5,853.0,,88.0718,6122.0,1.17,1.14,,2.48
K2-117 c,2.06,4.9,537.0,0.0492,21.4,3778.0,0.51,0.54,-0.05,3.08
HD 18742 b,13.1,1080.622,,1.82,,4940.0,5.13,1.36,-0.04,2.64
Kepler-873 b,3.75,13.5,749.0,0.1542,68.015,6163.0,1.27,1.18,0.07,1.41
TOI-3837 b,10.87271128,187.51876013,1178.0,0.099,138.065,5905.0,1.2,0.89,-0.26,0.82
Kepler-1297 b,0.97,0.871,1790.0,0.0283,2760.593,5818.0,0.99,0.99,-0.04,5.24
Kepler-80 f,1.21,4459.73,1054.0,0.0175,750.964,4540.0,0.678,0.73,0.04,703.0
Kepler-113 c,2.18,8.7,628.0,0.07796,45.596,4725.0,0.69,0.75,0.05,0.308247
Wendelstein-1 b,11.5609626,188.15536,2198.0,0.0282,113.6142,4251.0,0.61,0.65,,0.72
HATS-17 b,8.709393,425.25654,814.0,0.1308,72.7,5846.0,1.091,1.131,0.3,3.5
TOI-3894 b,15.27784069,260.61929374,1531.0,0.05354,546.903,6000.0,1.502,1.138,0.021,0.4
Kepler-1016 b,2.18,5.39,1540.0,0.03044,1445.204,5821.0,1.0,0.99,-0.03,2.86
WASP-68 b,14.79588,343.2564,1490.0,0.06206,843.4794,5910.0,1.79,1.49,0.22,0.665
HAT-P-56 b,16.92559,734.1873,1840.0,0.0423,3515.0,6566.0,1.47,1.42,0.0,0.75
HIP 55507 b,12.6,2585.53409095,,5.062,,4171.0,0.723643,0.65,,7.1
WASP-79 b,17.14974047,270.15414595,1716.2,0.0519,1645.9887,6600.0,1.51,1.39,0.03,0.13
OGLE-2019-BLG-0299L b,12.7,1976.89269154,,2.8,,,,0.59,,5.3
TOI-883 b,7.17166228,40.7,861.0,,91.5488,5713.15,1.01477,1.003,,0.606
TOI-3896 b,3.14949237,10.1,966.0,,144.988,5110.91,0.747752,0.86,,1.78
TOI-5380 b,3.48093238,11.9,1479.0,,796.305,6400.78,1.5621,1.343,,1.55
TOI-6677 b,5.83507112,28.7,334.0,,2.09,6572.28,1.57167,1.45,,0.794
Kepler-1651 b,1.84,4.04,393.0,0.0692,5.65,3713.0,0.503,0.522,-0.16,3.56
Kepler-1354 b,2.97,9.11,466.0,0.3521,18.86,6168.0,1.24,1.16,0.03,1.91
HD 100546 b,77.3421,2701.5414595,,53.0,,10500.0,1.85288,2.4,,0.0321
HD 158996 b,12.3,4449.62,,2.1,,4069.0,50.3,1.8,-0.2,13.1
Kepler-610 b,4.19,16.3,888.0,0.0719,139.072,5943.0,1.13,1.1,0.12,1.22
Kepler-1053 b,0.98,0.904,953.0,0.0315,139.818,4529.0,0.69,0.74,0.1,5.28
Kepler-1932 b,1.51482218,2.91,1891.0,0.0123,2799.9,5278.0,0.815,0.911,0.14,4.6
Kepler-340 c,3.37,11.3,946.0,0.178,154.653,6620.0,1.85,1.65,0.06,1.62
Kepler-940 b,3.34,11.1,486.0,0.3059,10.519,5769.0,0.96,0.97,-0.08,1.64
Kepler-524 c,0.96,0.84,1574.0,0.03046,2959.338,6014.0,1.1,1.09,0.02,5.22
Kepler-534 c,1.227,2.02,933.0,0.0761,178.68,5936.0,0.965,1.075,0.07,6.01
Kepler-647 b,1.17,1.71,788.0,0.12237,162.794,6020.0,1.07,1.03,-0.14,5.87
Kepler-130 b,1.02,1.04,982.0,0.079,221.731,5884.0,1.127,0.927,-0.199,5.39
Kepler-1955 b,1.16654878,1.69,853.0,0.11959,114.3,5825.0,1.291,1.049,0.14,5.85
K2-154 b,1.99,4.62,715.0,0.0405,57.5,4097.0,0.63,0.65,0.21,3.22
Kepler-537 b,1.41,2.57,1181.0,0.04317,442.522,5763.0,0.99,1.07,0.23,5.04
Kepler-1546 b,3.13,9.96,671.0,0.1366,36.302,5623.0,0.93,0.95,0.01,1.78
HD 106515 A b,12.1,6006.9568923,,4.48,,5362.0,0.91,0.89,0.03,18.6
Kepler-1030 b,2.48,6.71,529.0,0.1338,16.881,4983.0,0.76,0.8,-0.01,2.42
TOI-205 b,2.50121142,6.81,1799.55,,1740.9224,6302.74,1.45382,1.2,0.13,2.39
TOI-5614 b,3.21759316,10.4,817.0,,74.1594,4553.0,0.734919,0.674,,1.72
TOI-3785 b,5.14,14.95,582.0,0.043,19.1,3576.0,0.5,0.52,0.099,0.61
HATS-13 b,13.585308,172.58169,1244.0,0.04057,315.9878,5523.0,0.887,0.962,0.05,0.377
WASP-47 e,1.83,9.0,1992.0,0.01673,3740.0,5565.0,1.156,1.058,0.43,6.29
TOI-4379 b,16.69017226,353.74301699,1869.38,,2886.0903,6020.0,1.976,1.372,0.16,0.418
K2-28 b,2.32,5.99,568.0,0.0214,30.1,3214.0,0.288,0.257,0.26,2.64
HD 155918 b,2.67,7.62788177,,0.03,,5771.84,1.01906,1.03,-0.6616,2.2
Kepler-1866 b,2.08215108,4.99,834.0,0.1016,114.36,5791.0,1.083,1.03,0.16,3.04
TOI-4582 b,10.53644186,168.44905571,614.66,,33.7343,5190.0,2.5,1.34,0.17,0.791
TOI-2274 b,2.45,6.57,771.46,0.05,83.7078,3943.0,0.631,0.612,,2.45
HATS-67 b,18.887165,460.8535,2193.0,0.03032,3821.0,6594.0,1.441,1.435,0.332,0.374
TOI-4145 A b,13.30506009,136.66621501,1074.0,0.04823,223.0,5281.0,0.859,0.905,0.168,0.32
TOI-1269 b,2.40144286,6.4,1004.9,0.0496,231.2034,5499.0,0.8521,0.9027,-0.049,2.53
WASP-178 b,20.28829,527.5978,2470.0,0.0558,5550.0,9360.0,1.67,2.07,0.21,0.37
HD 25463 b,2.54535814,8.7,1198.46,0.076,461.4,6353.0,1.4182,1.251,-0.018,2.87
Kepler-633 c,2.296,5.89,725.0,0.16246,115.4,5877.0,1.265,0.997,-0.04,2.67
KMT-2021-BLG-0240L b,9.6,66.74396547,,2.8,,,,0.56,,0.415
Kepler-397 c,6.18,31.6,295.0,0.48,1.8,5307.0,0.767,0.844,-0.24,0.736
Kepler-781 b,2.89,8.7,629.0,0.1019,44.397,5162.0,0.78,0.81,-0.1,1.98
Kepler-1021 b,2.33,6.04,634.0,0.1034,50.37,5431.0,0.86,0.89,-0.05,2.62
K2-232 b,11.209,126.49634,1030.0,0.10356,312.155,6154.0,1.161,1.188,0.1,0.405
Kepler-1952 b,1.23923346,2.07,725.0,0.1724,65.27,5973.0,1.305,0.922,-0.34,5.98
Kepler-216 c,3.04,9.48,814.0,0.136,182.057,6091.0,1.26,1.126,-0.1489,1.85
HD 153950 b,13.2,937.5985,,1.28,,6124.0,1.28,1.25,-0.01,2.24
Kepler-1431 b,1.47,2.76,1064.0,0.0648,469.819,5806.0,1.03,1.03,0.07,4.77
GJ 806 c,2.28,5.8,490.0,0.0523,9.5,3600.0,0.4144,0.413,-0.28,2.69
WASP-42 b,12.576498,167.49641,1021.0,0.0561,137.118,5315.0,0.892,0.951,0.29,0.464
TOI-1775 b,8.04728896,96.0,707.89,0.08,55.4426,5284.0,0.8288,0.9218,0.162,1.01
TOI-2796 b,17.26183028,139.84449908,1205.0,0.0569,352.0,5764.0,1.069,1.063,0.239,0.15
GJ 849 b,13.9,283.82076745,,2.32,,3467.0,0.45,0.45,0.09,0.581
HATS-31 b,18.38276,279.6904,1823.0,0.0478,1619.406,6050.0,1.87,1.275,0.0,0.243
TOI-2427 b,1.8,3.89,1117.0,0.0202,62.7136,4072.0,0.65,0.64,,3.67
Kepler-1514 c,1.1758241,1.74,1066.0,0.0997,193.0,6145.0,1.289,1.196,0.119,5.88
TOI-880.02,2.19,5.43,1085.0,0.0349,301.8661,5050.0,0.83,0.87,0.23,2.84
WASP-123 b,15.13212395,285.72917,1500.0,0.04263,758.324,5740.0,1.285,1.166,0.18,0.490693
EPIC 246851721 b,11.780659,953.49,1401.0,0.07229,642.0,6202.0,1.586,1.317,0.141,3.1
TOI-6130 b,14.3474953,333.71982735,1750.0,0.036,1150.0,6110.0,1.51,1.31,0.28,0.64
TRAPPIST-1 c,1.097,1.308,339.7,0.0158,2.214,2566.0,0.1192,0.0898,0.052,5.463993
TOI-1269 c,2.22999162,5.6,757.0,,54.6767,5554.02,0.848906,0.9027,-0.049,2.77
TRAPPIST-1 f,1.045,1.039,217.7,0.03849,0.373,2566.0,0.1192,0.0898,0.052,5.022904
Kepler-396 b,3.5,75.5,496.0,0.24067,13.731,5656.0,1.06,0.85,0.1558,9.68
KMT-2019-BLG-1367L b,1.85,4.08,,1.7,,,,0.25,,3.54
K2-34 b,13.75,539.67534,1687.0,0.0442,963.566,6168.0,1.42,1.16,0.01,0.94
K2-43 c,2.42,6.44,1093.7,,,3840.6,0.542,0.571,,2.5
TOI-1683.01,2.6382,7.45,929.25,0.036507593,163.056,4402.0,0.7,0.694661,,2.23
TOI-5143 c,16.25302201,,904.48,0.05602,158.1646,5183.0,0.852,0.864,0.107,
HD 34445 f,6.88,37.9,,1.543,,5836.0,1.38,1.07,0.14,0.64
WASP-184 b,14.90797,181.1631,1480.0,0.0627,669.018,6000.0,1.65,1.23,0.12,0.32
TOI-3976 A b,12.27383387,55.61997123,1295.0,0.0743,469.0,5975.0,1.501,1.254,0.182,0.165
HD 156846 b,12.4,3391.2461,,1.12,,6090.0,1.9,1.38,0.15,9.77
Kepler-399 c,1.43,2.63,630.0,0.155,15.69,5502.0,0.68,0.902,0.14,4.94
Kepler-1802 b,1.671,3.43,581.0,0.0662,26.91,4245.0,0.637,0.649,0.0,4.04
TOI-431 c,1.49,2.83,867.0,0.052,,4850.0,0.731,0.78,0.2,4.7
TOI-451 c,2.93,3.7,865.0,0.0795,93.0,5490.0,0.85,0.93,0.02,0.81
TOI-451 d,3.93,10.2,714.0,0.1168,43.2,5490.0,0.85,0.93,0.02,0.92
PDS 70 c,22.19378179,2383.7130525,1054.0,34.3,,4109.0,1.26,0.982,-0.11,1.2
WASP-171 b,10.98482,344.52772,1642.0,0.0504,1200.24,5965.0,1.637,1.171,0.04,1.5
HATS-42 b,15.6926,597.5204,1856.0,0.03689,1637.2058,6060.0,1.48,1.273,0.22,0.83
WASP-151 b,13.30506009,100.43377661,1312.0,0.055,460.0,5871.0,1.181,1.081,0.1,0.250651
WASP-130 b,9.97601,390.9309,833.0,0.1012,56.355,5625.0,0.96,1.04,0.26,2.34
Kepler-1099 b,2.83,8.4,1558.0,0.0337,766.344,5837.0,1.0,1.01,-0.02,2.04
Kepler-289 b,2.49,3.7,607.0,0.21183,27.371,5990.0,1.0,1.08,0.05,1.45
KOI-94 c,4.32,15.6,1012.0,0.1013,268.219,6182.0,1.52,1.277,0.0228,0.91
Kepler-1863 b,2.26309256,5.74,508.0,0.23678,41.5,5871.0,0.983,1.097,0.21,2.72
KOINTREAU-1 b,12.4,3368.9811142,,690.0,,3551.0,,0.26,-0.15,9.71
WASP-29 b,8.63093,73.1009,970.0,0.0457,121.7724,4800.0,0.79,0.77,0.11,0.65
HD 221416 b,9.17,60.5,1314.67,0.1228,495.9065,5080.0,2.943,1.212,-0.08,0.431
TOI-1466 b,2.46741991,6.65,1001.0,,167.099,4435.39,0.749646,0.66,,2.43
TIC 24750448 b,2.43722231,6.51,,,,4545.43,0.713599,0.69,,2.47
TIC 65612701 b,5.07802804,22.7,,,,5692.29,1.73709,1.06,,0.953
TIC 86380416 b,2.4123612,6.4,,,,5723.74,0.989724,1.07,,2.51
Kepler-475 b,2.49,6.76,980.0,0.03989,215.462,5009.0,0.79,0.86,0.21,2.41
Kepler-1836 b,2.55303229,7.05,1093.0,0.0602,338.15,6123.0,0.987,1.053,-0.14,2.33
Kepler-385 b,2.73,12.8,951.0,0.097,143.919,6326.0,1.126,0.992,0.01,3.46
EPIC 201238110 b,1.87,4.16,,,,3587.0,0.374,0.41,,3.5
Kepler-691 b,2.09,5.02,460.0,0.0649,12.995,3715.0,0.5,0.53,0.04,3.02
Kepler-332 b,1.17,1.71,703.0,0.07,53.712,4955.0,0.72,0.743,-0.13,5.87
Kepler-1041 b,2.94,8.96,644.0,0.1688,117.956,5957.0,1.08,1.06,0.01,1.94
Kepler-1578 b,1.04,1.12,1700.0,0.0252,1486.438,5545.0,0.86,0.9,-0.13,5.47
Kepler-1966 b,1.10479327,1.39,733.0,0.0763,68.28,5009.0,0.84,0.797,0.16,5.66
Kepler-819 b,2.76,8.05,485.0,0.1894,9.913,5279.0,0.81,0.86,-0.06,2.1
Kepler-887 c,1.13,1.51,1089.0,0.0801,407.977,6194.0,1.29,1.19,0.08,5.75
Kepler-306 d,2.47,6.66,535.0,0.12,21.983,4954.0,0.719,0.75,-0.13,2.43
Kepler-177 c,8.73,14.7,497.0,0.25655,25.4,5732.0,1.324,0.921,-0.11,0.121
Kepler-635 b,2.64,7.46,802.0,0.18332,193.927,6174.0,1.51,1.33,0.41,2.23
Kepler-1083 b,3.36,11.2,448.0,0.1899,10.148,5049.0,0.77,0.81,-0.02,1.62
Kepler-79 d,7.16,6.0,592.0,0.287,33.874,6174.0,1.302,1.165,-0.0731,0.09
Kepler-195 c,1.55,3.02,469.0,0.197,11.281,5329.0,0.775,0.867,0.04,4.46
Kepler-1661 b,3.87,17.0,243.0,0.633,0.88,5100.0,0.762,0.841,-0.12,1.6
HATS-25 b,14.12334,194.82979,1277.0,0.05163,454.8721,5715.0,1.107,0.994,0.02,0.38
Kepler-212 b,1.09,1.32,830.0,0.133,133.866,5852.0,1.455,1.166,0.22,5.6
Kepler-195 b,2.03,4.78,751.0,0.077,74.148,5329.0,0.775,0.867,0.04,3.14
K2-83 c,1.483,2.8,,0.07131,7.42,3910.0,0.424,0.484,,4.72
Kepler-24 d,1.67,293.959,1305.0,0.051,601.895,5897.0,1.289,1.046,-0.0708,152.0
Kepler-15 b,10.76,209.76,1251.0,0.05714,430.677,5515.0,0.992,1.018,0.36,0.93
Kepler-83 d,1.94,4.1,569.0,0.051,28.81,4648.0,0.594,0.58,-0.2,0.56
Kepler-143 c,3.37,11.3,703.0,0.181,58.7,5848.0,1.359,0.982,-0.01,1.62
Kepler-1116 b,2.54,6.99,488.0,0.233,15.793,5641.0,0.93,0.95,0.01,2.34
HD 141399 d,13.7,375.0394,,2.09,,5600.0,1.387236,1.07,0.35,0.801
TOI-1718 b,4.10824994,15.8,948.0,,134.155,5304.91,0.939285,0.93,0.2,1.25
Kepler-159 c,3.41,11.5,275.0,0.218,4.791,4625.0,0.663,0.628,-0.04,1.59
Kepler-54 d,1.53,12.0946,328.0,0.126,3.425,4252.0,0.554,0.518,-0.27,9.2
YZ Cet d,1.03,1.09,356.7,0.02851,2.7,3151.0,0.157,0.142,-0.18,5.48
Kepler-1608 b,1.73,3.64,612.0,0.1126,33.22,4992.0,0.72,0.75,-0.24,3.86
Kepler-152 b,2.79,8.2,551.0,0.124,21.084,5088.0,0.724,0.779,-0.12,2.07
HD 125612 b,13.2,945.22168242,,1.349,,5900.0,1.07,1.05,0.23,2.26
Kepler-1641 c,2.95,9.01,767.0,0.2065,42.145,6152.0,1.19,1.12,-0.02,1.93
K2-45 b,6.71,36.4,1073.56,0.0224,100.0,4103.0,0.445,0.503,,0.662
HD 68475 b,12.8,1639.99458012,,7.27,,5022.0,0.79099,0.83,0.07,4.3
TrES-3 b,14.975,607.03,1638.0,0.02282,1025.5022,5650.0,0.829,0.928,-0.19,0.994
Kepler-968 c,1.69,3.5,644.0,0.052,58.15,4598.0,0.7,0.76,0.13,3.98
WASP-105 b,10.76064,572.094,900.0,0.075,166.5368,5070.0,0.9,0.89,0.28,2.65
WASP-91 b,11.54527,425.8922,1160.0,0.037,332.5562,4920.0,0.86,0.84,0.19,1.59
Kepler-1463 b,1.86,4.12,619.0,0.1694,57.634,5679.0,0.95,0.96,0.0,3.52
Kepler-712 c,4.85,21.0,236.0,0.66479,0.662,5148.0,0.78,0.84,-0.03,1.01
Kepler-1948 b,1.03283226,1.09,399.0,0.1022,5.98,3872.0,0.557,0.585,0.12,5.44
Kepler-146 c,3.13,9.96,473.0,0.364,9.887,5948.0,1.208,1.079,-0.0261,1.78
Kepler-711 b,3.41,11.5,487.0,0.1429,15.569,5222.0,0.8,0.84,-0.04,1.59
Kepler-1080 b,3.28,10.8,548.0,0.3781,55.45,5956.0,1.16,1.1,0.09,1.68
WASP-113 b,15.793481,150.96925,1496.0,0.05885,821.405,5890.0,1.608,1.318,0.1,0.228
Kepler-248 c,4.07,15.6,598.0,0.123,22.459,5190.0,0.831,0.838,0.17,1.27
HD 133131 A c,14.3,133.4886,,4.49,,5799.0,0.955014,0.95,-0.306,0.251
Kepler-1319 b,1.34,2.36,557.0,0.0296,38.452,3655.0,0.54,0.56,0.44,5.39
Kepler-678 b,5.14,23.1,833.0,0.0732,113.64,5520.0,0.91,0.94,0.07,0.935
Kepler-1535 b,2.55,7.04,384.0,0.5329,5.384,6021.0,1.11,1.08,0.0,2.33
Kepler-39 b,13.9,6388.1,897.0,0.164,90.22,6350.0,1.4,1.29,0.1,13.0
Kepler-1532 b,1.35,2.39,1681.0,0.0206,1705.762,5559.0,0.88,0.91,-0.1,5.34
Kepler-808 b,1.46,2.73,1322.0,0.01314,1428.3,4653.0,0.71,0.76,0.05,4.82
KELT-10 b,15.681391,215.80657,1377.0,0.0525,600.0,5948.0,1.209,1.112,0.09,0.308
WASP-119 b,15.6926,390.9309,1600.0,0.0363,907.8624,5650.0,1.2,1.02,0.14,0.7
WASP-69 b,11.21,82.58,971.0,0.0453,180.5564,4792.0,0.801,0.83,0.35,0.291
WASP-94 A b,17.71022,158.915,1604.0,0.055,1009.38,6170.0,1.48,1.67,0.26,0.118
TOI-682.01,3.74186,13.5,1090.0,,234.46,5085.0,1.08,0.85,0.27,1.42
Kepler-335 c,3.07,9.64,592.0,0.356,32.035,5877.0,1.854,1.367,0.278,1.83
TIC 161045582 b,2.24566738,5.67,,,,5683.87,1.07976,1.04,0.188,2.75
TIC 198190129 b,2.92284949,8.87,,,,4377.53,0.640675,0.638,,1.95
TIC 294329732 b,2.07692266,4.97,,,,5201.93,0.920172,0.89,0.228,3.05
Kepler-94 c,12.5,3126.0,,1.596806621,,4781.0,0.76,0.81,0.34,8.79
Kepler-966 b,4.13,16.0,391.0,0.3907,10.972,5840.0,1.02,1.02,0.04,1.25
EPIC 220492298 b,0.99,0.937,,,,5620.0,0.89,0.95,0.28,5.31
HATS-28 b,13.383546,213.58176,1253.0,0.04131,,5498.0,0.922,0.929,0.01,0.48
HATS-29 b,14.022459,207.54299,1212.0,0.05475,356.0,5670.0,1.073,1.032,0.16,0.411
WASP-54 b,17.71022,187.5197,1759.0,0.04988,1639.1072,6100.0,1.76,1.08,-0.27,0.167
HD 63935 b,2.91575244,10.5,825.22,0.083,115.6,5513.0,0.9598,0.9406,0.107,2.32
Kepler-260 c,1.74,3.68,372.0,0.332,6.775,5250.0,0.862,1.013,0.29,3.84
Kepler-140 c,1.8,3.89,428.0,0.414,9.957,6077.0,1.288,1.044,-0.039,3.67
HATS-15 b,12.385945,689.6911,1505.0,0.02712,2201.3363,5311.0,0.922,0.871,0.0,1.97
TOI-2128 b,2.08874836,4.5,780.53,0.127,86.2315,5968.0,1.1174,1.0251,-0.07,2.68
MASCARA-1 b,17.90074218,1175.971,2594.3,0.040352,38711.5,7490.0,2.082,1.9,0.15,1.5
Kepler-14 b,12.733,2669.66,1605.0,0.0771,1029.51,6395.0,2.048,1.512,0.12,7.1
K2-24 c,7.5,15.4,542.0,0.247,20.0,5625.0,1.16,1.07,0.34,0.2
WASP-129 b,10.42437,317.83,1100.0,0.0628,345.7201,5900.0,0.9,1.0,0.15,1.6
WASP-124 b,13.89916,190.698,1400.0,0.0449,748.0,6050.0,1.02,1.07,-0.02,0.43
TOI-5160 b,2.39729851,6.33,1016.0,,177.537,5622.14,1.03315,1.003,0.204,2.52
Kepler-941 b,3.08,9.69,722.0,0.1311,47.032,5539.0,0.86,0.89,-0.15,1.82
Kepler-85 c,1.978,2.15,706.0,0.10363,61.929,5505.2,0.875,0.928,0.12,1.527272
Kepler-734 b,3.56,12.4,784.0,0.0583,89.25,5326.0,0.78,0.85,-0.17,1.51
GJ 2030 b,2.03,4.76742611,,0.034,,5485.0,2.24104,0.96,-0.4,3.13
KELT-9 b,21.196219,915.3504,4050.0,0.03462,44900.0,10170.0,2.362,2.52,-0.03,0.53
NGTS-1 b,14.90797,258.07796,790.0,0.0326,65.3,3916.0,0.573,0.617,0.0,0.42
Kepler-599 b,2.84,8.45,623.0,0.1128,24.467,5127.0,0.79,0.83,-0.02,2.03
HATS-52 b,15.490838,711.9392,1834.0,0.02498,1310.22,6010.0,1.046,1.111,-0.2843,1.06
HATS-53 b,15.02006,189.10885,1312.0,0.04753,471.61,5644.0,1.101,0.964,,0.303
WASP-139 b,8.9672,37.18611,910.0,0.062,120.7076,5310.0,0.8,0.92,0.2,0.31
WASP-142 b,17.14977,266.9772,2000.0,0.0347,3140.9238,6010.0,1.64,1.33,0.26,0.31
Kepler-1203 b,1.06,1.2,1188.0,0.0114,723.806,4105.0,0.61,0.64,0.01,5.54
47 UMa c,14.2,171.621,,3.6,,5872.0,1.21334,1.06,0.04,0.329
61 Vir d,5.11,22.9,,0.476,,5577.0,0.963,0.942,-0.01,0.943
61 Vir b,2.11,5.1,,0.050201,,5577.0,0.963,0.942,-0.01,2.98
Kepler-1720 b,3.21585295,10.4,697.0,0.1043,55.86,5573.0,0.839,0.939,-0.04,1.72
HD 147513 b,13.7,385.0,,1.32,,5883.0,0.98,1.11,0.06,0.823
HD 160691 c,,1398.4449908,,4.17,,5773.0,1.33,1.13,0.28,
Kepler-1727 b,3.17321625,10.2,757.0,0.0796,77.75,5349.0,0.82,0.824,-0.12,1.75
ITG 15 b,12.1,6674.396547,2601.0,435.0,,,,,,20.7
Kepler-531 b,2.78,8.15,453.0,0.17446,10.007,4893.0,0.75,0.78,-0.03,2.08
Kepler-1182 b,2.41,6.39,796.0,0.0981,197.882,5924.0,1.05,1.04,0.01,2.51
KELT-19 A b,21.40919,1293.5681,1935.0,0.0637,2340.0,7500.0,1.83,1.62,-0.12,0.744
KELT-21 b,17.777474,1242.7153,2051.0,0.05224,2950.0,7598.0,1.638,1.458,-0.405,1.24
HD 37124 b,14.0,214.53525,,0.53364,,5698.64,0.949168,0.85,-0.44,0.43
Kepler-513 b,2.2,5.48,623.0,0.1779,36.527,5849.0,1.06,1.02,-0.01,2.83
HD 330075 b,14.3,152.5584,990.0,0.04,,5000.0,0.84,0.47,0.05,0.287
Kepler-1329 b,2.17,5.35,577.0,0.0747,26.645,4500.0,0.69,0.72,0.02,2.88
K2-61 b,1.92,4.35,1325.0,0.0392,730.0,5748.0,0.995,0.97,0.03,3.38
Kepler-825 c,1.84,4.04,981.0,0.0759,261.628,5976.0,1.08,1.03,-0.08,3.56
Kepler-382 b,1.32,2.3,1166.0,0.055,381.465,5600.0,0.945,1.002,0.082,5.5
K2-165 c,1.55409035,3.03,,,,5185.0,0.803827,0.834847,-0.05,4.44
WASP-138 b,12.21781,387.7526,1590.0,0.0494,1133.73,6272.0,1.36,1.22,-0.09,1.2
XO-6 b,23.20263,1398.452,1577.0,0.0815,580.386,6720.0,1.93,1.47,-0.07,0.62
Qatar-3 b,12.285064,1369.8473,1681.0,0.03783,1330.0,6007.0,1.272,1.145,-0.041,4.0
Kepler-1191 b,1.51,2.89,952.0,0.0587,167.184,5308.0,0.81,0.85,-0.08,4.61
Kepler-1891 b,1.52139156,2.93,1017.0,0.0473,253.28,5516.0,0.827,0.873,-0.14,4.57
WASP-53 b,12.038466,677.61356,1053.0,0.04101,241.6656,4953.0,0.798,0.839,0.22,2.28
WASP-53 c,,5196.5205,,3.73,,4953.0,0.798,0.839,0.22,
K2-198 b,4.189,16.3,715.8,,,5212.9,0.757,0.799,0.094,1.22
Kepler-1456 b,1.14,1.55,433.0,0.1132,8.234,4231.0,0.62,0.64,-0.09,5.75
Kepler-529 b,1.86,4.12,1662.0,0.0309,1808.41,6087.0,1.14,1.07,-0.1,3.52
11 UMi b,12.3,4684.8142,,1.53,,4213.0,29.79,2.78,-0.02,13.8
Kepler-835 b,2.79,8.2,921.0,0.107,170.33,5954.0,1.11,1.08,0.08,2.07
Kepler-1666 c,3.23564749,10.5,578.0,0.2383,26.34,6293.0,1.14586,1.23,-0.2,1.7
Kepler-690 b,5.95,29.6,964.0,0.081,225.701,5913.0,1.16,1.11,0.19,0.772
Kepler-136 b,2.05,19.8,951.0,0.106,257.984,6165.0,1.355,1.204,0.0002,12.6
Kepler-775 b,1.19,1.81,1612.0,0.01834,1496.75,5468.0,0.84,0.92,-0.04,5.9
KIC 10068024 b,13.4,635.656814,,,,6118.4,1.574,1.22,0.01,1.45
HATS-34 b,16.02887,299.07803,1445.0,0.03166,691.8428,5380.0,0.98,0.955,0.25,0.4
HATS-35 b,16.409976,388.38826,2037.0,0.03199,2440.7,6300.0,1.433,1.317,0.21,0.484
WASP-81 b,16.017661,231.69807,1623.0,0.03908,1034.0911,5870.0,1.283,1.08,-0.36,0.332
Kepler-357 b,1.84,4.04,793.0,0.063,69.57,5036.0,0.834,0.794,0.06,3.56
Kepler-23 d,2.206,4.44,896.0,0.12012,161.038,5828.0,1.548,1.078,-0.112,2.260583
Kepler-1510 b,3.36,11.2,537.0,0.4089,14.036,6200.0,1.28,1.19,0.04,1.62
Kepler-1324 b,1.51,2.89,895.0,0.0466,98.414,4776.0,0.73,0.78,0.05,4.61
Kepler-110 b,1.83,4.01,1008.0,0.107,153.881,5960.0,1.149,0.989,-0.1498,3.6
K2-325 b,2.2,5.48,423.0,0.0419,,3287.0,0.298,0.274,,2.83
Kepler-716 c,1.39281536,2.52,992.0,0.04548,151.8,5012.0,0.742183,0.83,-0.06,5.12
Kepler-1850 b,0.72909663,0.313,1008.0,0.0206,245.15,4239.0,0.6,0.611,-0.22,4.44
HD 163607 b,13.9,249.051588,,0.362,,5522.0,1.76,1.12,0.21,0.51
KELT-1 b,12.442,8654.15,2361.0,0.02466,5165.92,6516.0,1.471,1.335,0.052,24.7
HATS-50 b,12.66617,123.9537,1275.39,0.05046,625.3023,5990.0,1.117,1.168,,0.33
WASP-153 b,17.37395,123.9537,1700.0,0.048,1400.0,5914.0,1.73,1.336,0.34,0.15
Kepler-1365 b,0.92,0.721,969.0,0.07839,456.25,5770.0,1.05,1.0,0.03,5.09
HD 170469 b,14.1,209.7678,,2.24,,5842.0,1.24,1.1,0.29,0.411
Kepler-341 d,1.85,4.08,622.0,0.182,45.423,6012.0,1.024,0.976,0.07,3.54
Kepler-977 b,2.62,7.37,544.0,0.162,13.955,5315.0,0.83,0.87,-0.01,2.25
HD 98219 b,13.4,624.21812,,1.26,,4925.0,4.6,1.41,-0.02,1.43
HAT-P-31 b,12.21781,721.4741,1450.0,0.061,746.9025,6065.0,1.39,1.31,0.15,2.18
WASP-131 b,13.74221034,86.76715511,1460.0,0.0608,995.3724,5990.0,1.561,1.06,-0.2,0.196277
AU Mic e,4.87,21.1,,,,3665.0,0.82,0.6,0.12,1.0
KELT-16 b,15.860735,874.0325,2453.0,0.02044,6992.0328,6236.0,1.36,1.211,-0.002,1.2
GJ 393 b,1.17,1.71,485.0,0.05402,9.21,3579.0,0.426,0.426,-0.09,5.87
Kepler-1933 b,1.17984089,1.76,1058.0,0.05605,250.5,5661.0,1.008,0.964,0.1,5.89
Kepler-1641 b,3.11,9.85,908.0,0.1473,82.828,6152.0,1.19,1.12,-0.02,1.8
GJ 687 b,4.32,17.2,,0.163,,3413.0,0.4183,0.4,0.0631,1.17
Kepler-23 b,1.638,2.56,1157.0,0.07212,446.107,5828.0,1.548,1.078,-0.112,3.18687
Kepler-554 b,4.29,17.0,1346.0,0.03022,877.945,5447.0,0.92,0.93,0.14,1.18
HD 159868 c,14.0,244.09344,,1.032,,5534.0,2.13,1.19,-0.08,0.489
NGTS-4 b,3.18,20.6,1650.0,0.019,886.9841,5143.0,0.84,0.75,-0.28,3.45
TOI-669 b,2.58606487,10.0,1124.85,0.048,388.2,5597.0,0.9882,0.9245,0.001,3.17
Kepler-1331 b,1.05,1.16,1244.0,0.0142,547.294,4508.0,0.69,0.72,0.05,5.51
Kepler-1246 b,1.36,2.42,554.0,0.0848,26.451,4611.0,0.69,0.73,-0.03,5.29
Kepler-287 b,2.33,83.0,667.0,0.145,35.75,5806.0,1.032,0.963,0.117,27.3
Kepler-432 c,13.3,772.3269,,,,4995.0,4.06,1.32,-0.07,1.8
HD 102843 b,13.1,113.9,,4.074,,5436.0,0.961488,0.95,0.16,0.278
K2-155 b,1.8,3.89,708.0,0.0562,19.9,4258.0,0.58,0.65,-0.3,3.67
Kepler-162 c,3.03,9.43,681.0,0.137,77.052,5816.0,0.958,1.053,0.1,1.86
K2-155 d,1.9,4.27,381.0,0.1937,1.67,4258.0,0.58,0.65,-0.3,3.42
Kepler-1443 b,0.97,0.871,1602.0,0.03783,2809.165,6289.0,1.27,1.19,0.0,5.24
Kepler-48 c,2.71,14.61,736.0,0.08633,67.593,5194.0,0.89,0.88,0.17,4.01
HD 160691 e,,2224.798849,,0.96,,5773.0,1.33,1.13,0.28,
HD 3651 b,10.1,72.46524,,0.295,,5221.0,0.871954,0.799,0.1453,0.386
ups And c,12.3,4443.24112986,,0.827774,,6156.77,1.56,1.3,0.1014,13.1
Kepler-1369 b,2.69,7.7,667.0,0.1741,37.158,5761.0,0.99,0.99,0.0,2.17
V1298 Tau b,9.41,13.1,666.0,0.1685,33.2,4970.0,1.32,1.1,0.1,0.09
KOINTREAU-3 b,13.1,1080.6165838,,342.0,,3920.0,0.730795,0.41,-0.05,2.64
Kepler-1644 b,1.88,4.19,606.0,0.142,31.86,5499.0,0.86,0.89,-0.1,3.47
Kepler-1249 b,2.38,6.26,647.0,0.167,98.336,6202.0,1.28,1.19,0.06,2.55
WASP-78 b,21.63337,352.7913,2469.7,0.03488,4812.6238,6100.0,2.46,1.87,-0.35,0.131
WASP-39 b,14.336311,89.31023,1166.0,0.04828,316.269,5485.0,0.939,0.913,0.01,0.167
WASP-36 b,14.874343,750.39663,1733.0,0.02677,1422.6075,5959.0,0.985,1.081,-0.26,1.26
KIC 9663113 b,4.6,19.2,264.0,1.55346,3.356,6065.0,1.03,0.98,-0.28,1.08
Kepler-12 b,19.660586,137.30256,1480.0,0.0553,877.539,5947.0,1.483,1.166,0.07,0.11
HAT-P-24 b,14.5717,238.3725,1637.0,0.04651,1294.929,6373.0,1.38,1.37,-0.16,0.44
Kepler-792 b,1.96,4.5,852.0,0.0988,176.032,5971.0,1.12,1.09,0.08,3.28
Kepler-539 b,8.373123,308.2951,387.6,0.4988,3.681,5820.0,0.952,1.048,-0.01,2.9
K2-165 d,2.64809498,7.5,629.38,,37.0819,5185.0,0.803827,0.834847,-0.05,2.22
Kepler-1254 c,1.3,2.24,927.0,0.0422,132.391,4985.0,0.75,0.78,-0.1,5.6
Kepler-1674 b,3.2057749,10.4,417.0,0.3017,7.13,5473.91,0.877273,0.96,0.0562,1.73
WASP-189 b,18.14733975,632.47852993,3353.0,0.05053,,8000.0,2.36,2.03,0.29,0.621987
WASP-41 b,12.3299,270.1555,1244.0,0.04022,344.149,5545.0,0.83,0.81,0.06,0.742
Kepler-255 c,2.99,9.22,807.0,0.092,83.264,5573.0,0.933,0.867,0.3386,1.9
Kepler-1238 b,1.93,4.38,1389.0,0.0541,1195.201,6386.0,1.48,1.3,0.05,3.35
Ross 176 b,1.84,4.57,682.0,0.0464,36.2,4041.0,0.569,0.577,-0.19,4.03
TOI-5422 b,9.10169233,8899.195396,1369.0,0.0619,580.0,5820.0,1.474,1.066,-0.012,65.8
Kepler-5 b,15.984034,670.93913,1750.0,0.0538,1822.758,6297.0,1.793,1.374,0.04,0.4
WASP-18 c,8.58,55.2,,0.035,,6400.0,1.23,1.22,0.107,0.48
TOI-1743 b,1.83,4.01,485.0,0.03589,10.8837,3277.0,0.338,0.339,0.22,3.6
Proxima Cen d,0.692,0.26,282.0,0.02881,1.814,2900.0,0.141,0.1221,,4.31
HAT-P-2 c,12.4,3400.7639549,,,,6412.0,1.416,1.33,0.12,9.8
HATS-41 b,14.90797,3082.951,1710.0,0.0583,1300.3125,6424.0,1.71,1.496,0.47,5.1
Kepler-933 b,2.46,6.62,602.0,0.1041,61.323,5346.0,0.84,0.87,-0.02,2.44
Kepler-1240 b,1.15,1.6,1121.0,0.05791,539.129,5682.0,0.96,0.98,0.04,5.78
K2-80 c,1.47,2.76,,0.0596,166.0,5441.0,0.87,0.9,0.07,4.77
Kepler-891 b,6.41,33.6,486.0,0.2881,44.326,5887.0,1.07,1.06,0.09,0.701
Kepler-1605 b,1.08,1.28,528.0,0.36567,16.734,5280.0,0.82,0.86,-0.01,5.58
HD 80913 b,12.0,7505.2000029,,9.95,,6013.24,1.6542,1.11,-0.68,23.9
Kepler-598 c,3.02420941,9.4,367.0,0.36672,3.7,5245.0,0.900316,0.9,0.03,1.87
HAT-P-29 b,13.11453,279.6904,1281.0,0.0667,433.0,6087.0,1.3,1.45,0.21,0.710842
Kepler-288 d,2.67,7.61,570.0,0.287,12.659,5918.0,1.091,0.842,-0.24,2.2
Kepler-264 c,2.83,8.4,511.0,0.566,15.347,6158.0,1.55,1.426,0.0469,2.04
Kepler-1786 b,3.16305828,10.1,501.0,0.35722,10.7,5808.0,1.397,1.058,0.14,1.75
Kepler-1119 b,1.92,4.35,938.0,0.0812,182.69,6083.0,1.17,1.11,0.03,3.38
Kepler-49 d,1.6,235.982,717.0,0.031,64.39,4252.0,0.559,0.549,0.03,20.0
GJ 687 c,4.14,16.0,,1.165,,3413.0,0.4183,0.4,0.0631,1.24
Kepler-1465 b,1.77,3.78,668.0,0.1939,6.246,4726.0,0.71,0.75,-0.06,3.75
Kepler-1844 b,3.03648191,9.46,1074.0,0.0478,314.25,5776.0,0.849,0.939,-0.18,1.86
Kepler-1036 b,3.01,9.32,326.0,0.47726,2.821,5533.0,0.89,0.95,0.04,1.88
Kepler-358 b,2.72,7.85,554.0,0.21,21.805,5908.0,0.954,0.94,0.035,2.14
Kepler-1179 b,1.32,2.3,1137.0,0.03497,288.57,5212.0,0.81,0.84,-0.03,5.5
Kepler-1544 b,1.78,3.82,269.0,0.54465,0.833,4886.0,0.74,0.81,0.02,3.72
Kepler-457 d,2.98467257,9.19,1008.0,0.0996,244.47,6474.0,1.242,1.148,-0.16,1.9
Kepler-868 b,2.05,4.86,1047.0,0.0575,417.034,5614.0,0.89,0.93,-0.08,3.1
Kepler-355 c,2.71,7.8,633.0,0.179,49.973,6184.0,1.066,0.933,-0.06,2.15
Kepler-1299 b,2.98,9.17,588.0,0.1357,45.146,5609.0,0.91,0.94,-0.01,1.9
Kepler-381 d,1.0667865,1.23,1387.0,0.08364,436.7,6197.0,2.188,1.198,-0.32,5.57
Kepler-1806 b,2.35560189,6.15,729.0,0.0813,66.89,5311.0,0.788,0.884,-0.04,2.59
Kepler-1570 b,1.07,1.24,836.0,0.16699,76.457,5550.0,0.89,0.92,-0.04,5.56
Kepler-232 c,3.83,14.0,806.0,0.101,116.524,5847.0,0.968,0.97,0.03,1.37
KIC 5479689 b,14.2,158.9142035,,,,5459.1,0.894,0.966,0.161,0.305
Kepler-1759 b,0.9037791,0.676,954.0,0.0429,195.7,5017.0,0.797,0.76,-0.02,5.03
Kepler-225 c,1.84,4.04,412.0,0.111,9.903,3682.0,0.48,0.593,-0.04,3.56
Kepler-833 b,2.02,4.74,382.0,0.1139,8.313,4339.0,0.62,0.64,-0.18,3.16
Kepler-321 b,1.77,3.78,1042.0,0.057,296.155,5740.0,1.194,1.024,0.121,3.75
Kepler-973 b,1.96,4.5,402.0,0.2489,7.892,5213.0,0.78,0.86,-0.06,3.28
Kepler-243 b,2.45,6.57,850.0,0.062,115.505,5228.0,0.842,0.904,0.26,2.45
Kepler-308 b,2.12,5.14,833.0,0.09,108.64,5895.0,0.941,0.92,-0.04,2.96
HD 97037 b,12.1,6707.76852973,,6.925,,5874.1,1.26356,1.06,-0.0773,20.8
Kepler-776 b,1.28,2.18,904.0,0.0523,135.082,5071.0,0.78,0.83,0.05,5.71
WASP-103 b,17.127,473.547,2508.0,0.01985,,6110.0,1.436,1.22,0.06,0.55
Kepler-1226 b,1.45,2.7,809.0,0.13945,140.376,5923.0,1.02,1.02,-0.08,4.87
Kepler-1048 b,1.61,3.22,619.0,0.059,96.976,4651.0,0.7,0.75,0.01,4.24
WASP-73 b,15.91678,908.9938,1790.0,0.05512,2242.3605,6030.0,2.55,2.52,0.14,1.596
HATS-44 b,11.960003,177.9848,1161.0,0.03649,306.417,5080.0,0.847,0.86,0.32,0.56
HATS-45 b,14.414774,222.481,1518.0,0.05511,811.3504,6450.0,1.315,1.272,0.02,0.41
Kepler-1260 b,1.77,3.78,823.0,0.1444,171.926,5961.0,1.08,1.06,0.01,3.75
Kepler-367 c,1.2,1.87,357.0,0.253,3.761,4710.0,0.695,0.768,0.1974,5.95
Kepler-176 e,1.45,0.52075,398.0,0.25654,6.22,5295.0,0.83,0.87,0.03,0.041
Kepler-194 c,2.59,7.22,815.0,0.131,56.955,6089.0,1.025,0.94,-0.03,2.28
WASP-61 b,15.80469,851.7844,1624.4,0.0521,1062.0298,6250.0,1.55,1.82,-0.1,1.423
HD 80606 b,11.56766808,1323.46926959,405.0,0.4603,,5565.0,1.05,1.05,0.35,5.08
HAT-P-6 b,16.58932,419.5356,1675.0,0.05239,1099.44,6570.0,1.62,1.79,-0.13,0.558
Kepler-465 b,2.95,9.01,996.0,0.09195,227.82,6310.0,1.29,1.23,0.09,1.93
Kepler-1475 b,2.92,8.85,441.0,0.373,13.76,6214.0,1.28,1.18,0.03,1.95
HATS-46 b,10.121727,54.98459,1054.0,0.05367,209.7699,5495.0,0.853,0.917,-0.06,0.28
HATS-7 b,6.310667,38.1396,1084.0,0.04012,211.6178,4985.0,0.815,0.849,0.25,0.83
Kepler-1756 b,1.47199944,2.77,1093.0,0.0319,338.4,4915.0,0.812,0.781,0.16,4.77
Kepler-1960 b,1.30749704,2.26,1547.0,0.0354,1352.14,6371.0,1.072,1.117,-0.18,5.56
Kepler-1007 b,1.44,2.67,652.0,0.048,42.62,4587.0,0.7,0.73,0.03,4.91
Kepler-659 b,2.5,6.8,513.0,0.1204,21.309,4870.0,0.74,0.79,0.02,2.39
Kepler-1290 b,1.42,2.6,1098.0,0.0557,443.221,5660.0,0.93,0.95,-0.02,4.99
HD 40956 b,13.2,858.141,,1.4,,4869.0,8.56,2.0,0.14,2.05
Kepler-1244 b,1.35,2.39,1839.0,0.0502,4756.325,6680.0,1.77,1.46,0.05,5.34
HD 50499 b,13.5,519.96988,,3.833,,6102.0,1.351,1.253,0.26,1.16
Kepler-374 b,1.03,1.08,1761.0,0.029,2014.661,5977.0,0.911,1.033,0.1111,5.43
2MASS J22501512+2325342 b,11.9,9534.85221,1600.0,518.0,,3352.0,0.437589,0.433173,,31.1
HAT-P-15 b,11.88154,616.5902,904.0,0.0965,79.7578,5568.0,1.07,1.0,0.22,1.96
Kepler-1420 b,1.28,2.18,806.0,0.0671,131.526,5187.0,0.79,0.82,-0.1,5.71
WASP-58 b,16.02887,308.2951,1270.0,0.0562,404.7112,5800.0,1.22,1.06,-0.45,0.45
HAT-P-23 b,15.334,664.237,2056.0,0.0232,2796.2342,5905.0,1.203,1.13,0.15,1.01
HAT-P-57 b,19.50366,448.1403,2200.0,0.0406,2726.6328,6330.0,1.85,2.77,-0.25,0.332
KELT-15 b,19.50366,416.3573,1642.0,0.04613,1612.7618,6003.0,1.78,2.06,0.05,0.36
HAT-P-17 b,11.76945,184.3414,800.0,0.0892,110.512,5246.0,0.87,0.99,0.0,0.44
HD 114386 b,13.6,464.02947422,,1.73,,4836.0,0.76,0.6,-0.05,1.01
HAT-P-17 c,13.1,1080.6,,5.6,,5336.96,0.838682,0.92,0.0512,2.64
HAT-P-4 b,14.28,213.255,1686.0,0.04438,1438.0,5860.0,1.596,1.248,0.24,0.403
WASP-71 b,13.22662,441.7837,2016.1,0.046,3384.6097,6050.0,1.82,0.76,0.15,1.1
HD 15337 c,2.526,6.792,656.1,0.1235,45.0685,5131.0,0.855,0.829,0.03,2.303
HAT-P-49 b,17.82231,699.226,2131.0,0.04378,4392.03,6820.0,2.06,2.22,0.07,0.75
HD 147873 c,13.3,731.009,,1.36,,5972.0,2.29,1.38,0.03,1.71
Kepler-857 b,6.8,37.2,390.0,0.3751,5.747,5773.0,0.99,0.99,0.02,0.65
HATS-12 b,7.76,759.6137,1446.0,0.0441,566.4817,6357.0,1.17,1.16,-0.1,1.12
EPIC 211945201 b,5.76,11.0,817.0,0.1493,101.0,6069.0,1.39,1.17,0.1,0.33
K2-188 c,2.83,8.4,1026.0,0.0785,230.628,5977.0,1.19,1.06,-0.01,2.04
K2-108 b,5.33,59.4,1360.0,0.0581,762.0,5599.0,1.76,1.17,0.36,2.22
Kepler-1025 b,1.98,4.58,1654.0,0.21607,17.952,6089.0,1.13,1.09,-0.03,3.24
Kepler-1666 b,2.88273782,8.66,672.0,0.1761,48.23,6293.0,1.14586,1.23,-0.2,1.99
Kepler-1924 b,2.65446572,7.53,821.0,0.1216,107.44,5726.0,1.285,1.018,0.16,2.21
K2-127 b,8.37,52.9,809.0,0.0411,105.6,4575.0,0.66,0.72,-0.11,0.496
WASP-144 b,9.52765,139.8452,1260.0,0.0316,775.8849,5200.0,0.81,0.81,0.18,0.95
Kepler-997 b,1.36,2.42,1709.0,0.04022,1900.131,6150.0,1.56,1.22,0.05,5.29
HD 99109 b,14.3,139.8452,,1.11,,5282.0,0.98,0.76,0.35,0.263
WASP-158 b,11.99363,886.7457,1590.0,0.0517,903.013,6350.0,1.39,1.38,0.24,3.1
WASP-145 A b,10.0881,282.8687,1200.0,0.0261,313.4012,4900.0,0.68,0.76,-0.04,1.6
WASP-159 b,15.46842,174.8065,1850.0,0.0538,1599.92,6120.0,2.11,1.41,0.22,0.28
HD 89345 b,7.39794,34.9613,1089.0,0.1066,275.6427,5576.0,1.747,1.157,0.421,0.471
CoRoT-20 c,12.2,5403.11,,2.9,,5880.0,1.02,1.14,0.14,16.4
NGTS-2 b,17.878355,235.1942,1468.0,0.063,1085.35,6478.0,1.702,1.64,-0.06,0.226
Kepler-1562 b,3.55,12.3,554.0,0.3308,31.768,5760.0,1.05,1.02,0.11,1.51
K2-117 b,2.03,4.78,868.0,0.0189,145.8,3778.0,0.51,0.54,-0.05,3.14
Kepler-1110 b,2.66,7.56,609.0,0.0754,43.136,4781.0,0.7,0.73,-0.16,2.21
HD 153557 b,4.77,20.34101805,,0.068,,4837.0,0.745171,0.79,,1.03
Kepler-1170 b,2.41,6.39,705.0,0.088,69.537,5069.0,0.76,0.8,-0.09,2.51
WASP-162 b,11.209,1652.716,910.0,0.0871,121.918,5300.0,1.11,0.95,0.28,6.9
WASP-172 b,17.59813,149.3801,1740.0,0.0694,1506.5,6900.0,1.91,1.49,-0.1,0.16
Kepler-392 b,1.0,0.972,1125.0,0.059,450.654,5938.0,1.129,0.874,-0.4362,5.34
K2-188 b,1.35,2.39,1692.0,0.0289,,5977.0,1.19,1.06,-0.01,5.34
Kepler-324 e,2.03862444,235.014,635.0,0.10972,38.9,5191.0,0.826,0.844,0.08,0.16
Kepler-194 b,1.51,2.89,1648.0,0.032,953.173,6089.0,1.025,0.94,-0.03,4.61
Kepler-157 d,1.46,2.73,969.0,0.0706,244.058,5866.0,1.03,1.02,-0.01,4.82
Kepler-236 c,2.0,4.66,329.0,0.132,3.802,3750.0,0.51,0.596005,-0.05,3.2
LHS 3154 b,3.69,13.15,,0.02262,,2861.0,0.1405,0.1118,,1.44
Kepler-664 b,2.66,7.56,1406.0,0.0374,652.435,5754.0,1.02,1.01,0.07,2.21
HATS-9 b,13.85,266.02371,1746.0,0.0312,2292.0839,5599.0,1.56,1.1,0.38,0.626
Kepler-157 c,2.24,5.65,779.0,0.11,101.754,5774.0,1.044,0.95,-0.0593,2.76
Kepler-947 b,2.28,5.82,573.0,0.1773,51.95,5508.0,0.87,0.9,-0.07,2.7
Kepler-758 e,1.53,2.96,1144.0,0.0829,588.402,6228.0,1.42,1.16,-0.1,4.54
Kepler-679 b,3.01,9.32,677.0,0.0983,56.002,5403.0,0.84,0.87,-0.09,1.88
WASP-147 b,12.498035,87.40325,1404.0,0.0549,639.4923,5702.0,1.429,1.044,0.092,0.263
Kepler-1907 c,1.15547044,1.63,620.0,0.10371,20.6,5159.0,0.8,0.752,-0.16,5.81
Kepler-934 b,2.09,5.02,384.0,0.2658,4.716,5001.0,0.77,0.81,0.01,3.02
Kepler-1521 b,2.5,6.8,391.0,0.23476,5.122,5042.0,0.76,0.81,-0.05,2.39
Kepler-189 c,2.38,22.7,544.0,0.137,18.811,5235.0,0.75,0.803,-0.04,9.25
HD 135344 A b,16.25302201,3178.28407,1585.0,16.5,,9540.0,1.5,2.32,0.05,4.07
Kepler-1468 c,1.15,1.6,1448.0,0.0466,1479.567,5893.0,1.05,1.04,0.03,5.78
K2-266 b,3.3,11.26782377,1515.0,0.01306,879.5,4285.0,0.703,0.686,-0.12,1.72
Kepler-1371 b,0.73,0.315,1015.0,0.04214,414.765,5361.0,0.83,0.87,-0.07,4.45
Kepler-202 c,1.85,4.08,505.0,0.113,17.07,4668.0,0.667,0.683,-0.21,3.54
K2-266 d,2.93,8.9,538.3,0.1035,13.95,4285.0,0.703,0.686,-0.12,2.03
K2-266 e,2.73,14.3,490.1,0.1249,9.581,4285.0,0.703,0.686,-0.12,2.21
Kepler-271 b,1.23,2.04,759.0,0.08784,75.957,5555.0,0.87,0.9,-0.13,6.02
Kepler-122 e,2.6,27.7,618.0,0.227,36.299,6050.0,1.216,0.982,-0.08,8.66
Kepler-974 b,1.57,3.09,577.0,0.0419,28.511,3687.0,0.5,0.52,0.07,4.39
GJ 676 A d,1.78,3.81394088,,0.039,,3734.0,0.69,0.626,0.23,3.72
Kepler-218 b,1.48,2.79,1156.0,0.046,460.656,5502.0,1.063,1.019,0.37,4.73
NGTS-3 A b,16.58932,756.4354,1434.44,0.023,1000.5679,5600.0,0.93,1.017,0.12,0.31
K2-238 b,14.5717,273.3338,1587.0,0.046,,5630.0,1.59,1.19,0.34,0.56
WASP-106 b,12.10569916,613.40882551,1140.0,0.0901,327.8307,6002.0,1.47,1.175,-0.02,1.86
TrES-1 b,12.66617,266.9772,1140.0,0.03925,318.4582,5230.0,0.85,1.04,0.02,0.712
Qatar-1 b,12.811887,411.27202,1418.0,0.02332,382.328,5013.0,0.803,0.838,0.171,1.076
Kepler-1387 b,0.93,0.749,1123.0,0.031,300.312,5046.0,0.77,0.82,0.02,5.12
Kepler-234 b,3.7,13.2,1420.0,0.04,1007.716,6224.0,1.113,1.129,0.22,1.43
Kepler-525 b,2.63,7.41,832.0,0.14386,176.232,5573.0,1.15,0.95,0.11,2.24
CoRoT-20 b,9.41556,1366.669,1024.0,0.09,180.8704,5880.0,1.02,1.14,0.14,8.87
HD 18438 b,12.1,6674.396547,,2.1,,3860.0,88.475,1.84,-0.4,20.7
Kepler-1205 b,1.41,2.57,1667.0,0.0196,1038.493,5226.0,0.81,0.84,-0.04,5.04
Kepler-1067 c,1.74682428,3.7,973.0,0.06069,190.8,5594.0,0.934,0.981,0.16,3.81
EPIC 201841433 b,1.04,1.12,,0.035,,5053.0,0.628461,0.802,0.0,5.47
HATS-64 b,18.819911,305.1168,1793.0,0.06562,1711.0,6554.0,2.113,1.564,0.22,0.245
HATS-65 b,16.824709,260.93843,1634.0,0.04497,1178.0,6277.0,1.31,1.257,0.199,0.3
K2-80 b,2.01,4.7,,0.135,32.5,5441.0,0.87,0.9,0.07,3.18
Kepler-1222 b,0.79,0.418,1246.0,0.02801,416.231,5239.0,0.8,0.84,-0.04,4.66
K2-285 d,2.48,6.5,619.9,0.1178,24.61,4975.0,0.787,0.83,0.0,
K2-285 e,1.95,10.7,500.9,0.18041,10.5,4975.0,0.787,0.83,0.0,
HATS-60 b,12.923977,210.40346,1528.0,0.04708,903.9,5688.0,1.46,1.097,0.335,0.537
Kepler-359 b,3.53,12.2,671.0,0.178,23.9,6248.0,1.086,0.827,-0.29,1.52
WASP-165 b,14.12334,209.13214,1624.0,0.04823,1373.5324,5599.0,1.75,1.248,0.33,0.44
HD 4313 b,13.4,612.45841,,1.157,,4943.0,5.14,1.63,0.14,1.4
Kepler-1056 b,3.01,9.32,590.0,0.1629,56.91,6127.0,1.2,1.12,0.02,1.88
Kepler-1554 b,2.9,8.75,288.0,0.59527,1.014,5297.0,0.81,0.84,-0.1,1.97
HATS-59 b,12.621334,256.17098,1128.0,0.06112,269.0,5670.0,1.036,1.038,0.18,0.7
TIC 62895484 b,3.49391667,12.0,,,,5520.79,0.874291,0.98,0.0985,1.55
TIC 188624430 b,3.64811843,12.9,,,,5369.46,0.786574,0.929,,1.46
Kepler-1107 b,1.34,2.36,1897.0,0.01285,2387.261,5268.0,0.82,0.86,0.01,5.39
HD 457 b,11.9,8445.3364308,,15.369,,6114.04,1.28194,1.15,0.34,27.5
HD 112640 b,12.9,1589.15,,1.7,,4155.0,39.0,1.8,-0.09,4.07
Kepler-1969 b,1.68161001,3.47,999.0,0.0717,235.89,6046.0,1.007,1.111,0.07,4.01
Kepler-996 b,1.98,4.58,1272.0,0.0474,723.081,6014.0,1.14,1.09,0.03,3.24
TOI-172 b,10.816685,1722.6386,1198.0,0.0914,299.0,5645.0,1.777,1.128,0.148,7.53
K2-85 b,1.4,3.2,1355.0,0.013,800.0,4232.0,0.71,0.7,0.14,5.9
Kepler-48 f,13.8,298.5809968,,5.719187877,,5190.0,0.836,0.916,0.26,0.624
Kepler-1385 b,0.85,0.543,1423.0,0.04262,1591.477,5732.0,1.29,1.15,0.41,4.86
Kepler-8 b,15.871944,187.5197,1680.0,0.0474,1444.881,6213.0,1.486,1.213,-0.055,0.27
K2-291 b,1.589,6.49,1278.0,0.03261,633.0,5520.0,0.899,0.934,0.08,8.84
HAT-P-25 b,12.722215,180.84527,1182.0,0.0466,325.0,5519.0,0.919,1.012,0.294,0.483
GJ 328 c,4.91,21.4,,0.657,,3897.0,0.63,0.65,-0.06,0.993
K2-181 b,2.69,7.7,949.0,0.0706,192.0,5528.0,1.06,0.96,0.18,2.17
Kepler-1039 b,1.46,2.73,2080.0,0.01714,668.128,4870.0,0.74,0.79,0.01,4.82
HATS-69 b,10.592505,183.38791,1295.7,0.03211,466.6,5137.0,0.8785,0.892,0.377,0.46
HATS-68 b,13.809488,410.0007,1741.0,0.05071,1521.0,6147.0,1.748,1.351,0.21,0.856
Kepler-1383 b,1.41,2.57,928.0,0.11397,231.396,6370.0,1.44,1.26,0.03,5.04
Kepler-800 b,2.85,8.5,675.0,0.1106,44.872,5315.0,0.82,0.85,-0.09,2.02
GJ 4276 b,4.22,16.57,,0.082,,3387.0,0.407,0.406,0.12,1.21
Kepler-1484 b,2.11,5.1,624.0,0.1939,35.92,5730.0,0.92,0.94,-0.17,2.98
WASP-161 b,12.811887,791.3967,1557.0,0.0673,990.0,6400.0,1.712,1.39,0.16,2.2
Kepler-172 e,2.76,8.05,550.0,0.211,23.431,5526.0,1.085,1.081,0.39,2.1
Kepler-1864 b,0.75408365,0.353,1156.0,0.049,427.6,5854.0,0.979,1.03,0.06,4.52
HATS-70 b,15.513256,4100.007,2730.0,0.03632,9110.0,7930.0,1.881,1.78,0.041,6.64
Kepler-281 d,5.93747806,654.0,321.0,0.5456,2.51,5717.0,0.884,0.984,0.0,12.3
HD 1397 b,11.500434,131.89945,1228.3,0.1097,356.0,5521.0,2.336,1.324,0.29,0.477
Kepler-988 b,2.07,4.94,368.0,0.1085,6.56,4005.0,0.53,0.55,-0.32,3.06
K2-285 b,2.59,9.68,1088.9,0.03817,234.31,4975.0,0.787,0.83,0.0,3.07
Kepler-1694 b,1.17986031,1.76,956.0,0.0449,197.66,4954.0,0.756284,0.82,0.14,5.89
Kepler-526 b,1.99,4.62,1099.0,0.06518,584.354,5894.0,1.14,1.15,0.34,3.22
K2-245 b,4.34,17.4,923.0,0.0959,83.0,5793.0,1.25,0.83,-0.45,1.17
Kepler-159 b,2.38,6.26,447.0,0.082,33.463,4625.0,0.663,0.628,-0.04,2.55
Kepler-859 b,3.09,9.75,528.0,0.13157,14.897,5020.0,0.77,0.81,-0.02,1.82
WASP-140 b,14.23540549,775.5052,1270.0,0.0323,491.326,5300.0,0.87,0.9,0.12,1.578175
KMT-2022-BLG-1818L c,13.2,114.41822652,,12.6,,,,0.79,,0.273
K2-18 b,2.37,8.92,284.0,0.1429,1.005,3457.0,0.411,0.359,0.12,4.11
HAT-P-35 b,14.930388,335.62848,1581.0,0.04978,999.6688,6096.0,1.435,1.236,0.11,0.55
Kepler-208 d,1.2,1.87,999.0,0.103,176.283,6092.0,1.314,1.082,-0.0423,5.95
Kepler-1129 c,2.73,7.9,503.0,0.35367,7.006,5831.0,1.0,1.0,-0.04,2.13
HD 12235 b,3.23,10.48833743,,0.054,,5986.0,1.80185,1.1,0.31,1.71
Kepler-364 b,1.55,3.02,753.0,0.178,68.71,6108.0,1.284,1.076,-0.031,4.46
Kepler-524 b,1.91,4.31,974.0,0.07955,434.237,6014.0,1.1,1.09,0.02,3.4
Kepler-221 e,2.63,7.86706,582.0,0.13,25.156,5243.0,0.821,0.854,0.0616,0.57
HD 10180 g,,3375.33768234,,1.427,,5911.0,1.109,1.06,0.08,
HR 8799 d,13.0,3000.0,1300.0,24.0,,7204.58,1.49338,1.5,-0.47,7.5
TOI-481 b,11.09691,486.2799,1370.0,0.097,253.126,5735.0,1.66,1.14,0.26,1.96
HAT-P-14 b,15.91678,1093.3352,1624.0,0.0596,1038.78,6600.0,1.82,2.65,0.11,1.56
Kepler-1189 b,1.77,3.78,1158.0,0.0467,449.936,6012.0,1.16,1.11,0.08,3.75
Kepler-401 d,2.27,5.77,380.0,0.66886,8.485,6184.0,1.29,1.17,0.02,2.71
GJ 422 b,3.33,11.07,,0.111,,3323.0,0.370328,0.35,,1.65
WASP-164 b,12.643752,676.9779,1610.0,0.02818,1043.2122,5806.0,0.932,0.946,-0.01,1.96
Kepler-563 b,3.09,9.75,546.0,0.1418,18.738,5066.0,0.77,0.8,-0.08,1.82
Kepler-1042 b,2.19,5.43,574.0,0.0756,25.66,4815.0,0.72,0.75,-0.1,2.84
HD 2685 b,16.14096,371.8611,2061.0,0.0568,1436.49,6801.0,1.56,1.43,0.02,0.486
Kepler-25 b,2.748,8.7,1185.0,0.0695,542.96,6354.0,1.316,1.165,0.11,2.32
KELT-23 A b,14.829507,298.12454,1561.0,0.03302,991.183,5899.0,0.996,0.944,-0.105,0.503
Kepler-1528 b,1.46,2.73,1549.0,0.0296,1106.851,5857.0,1.03,1.03,0.03,4.82
Kepler-1436 b,1.31,2.27,1001.0,0.0907,772.079,5972.0,1.09,1.06,-0.01,5.55
GJ 180 c,2.41,6.4,,0.129,,3371.0,0.413049,0.43,,2.51
HATS-24 b,15.636555,718.2958,2166.0,0.0238,2706.9606,6125.0,1.12,1.07,-0.229,1.03
HAT-P-9 b,15.614137,238.05467,1540.0,0.05287,931.0,6350.0,1.338,1.281,0.12,0.342
HAT-P-36 b,14.313893,587.413406,1780.97,0.0241,1821.0,5620.0,1.041,1.03,0.25,1.175
HD 56414 b,3.71,13.3,1133.0,0.229,1614.3559,8500.0,1.751,1.89,0.0,1.43
Kepler-1621 b,2.16,5.31,469.0,0.4204,14.055,6158.0,1.24,1.15,0.03,2.9
Kepler-1478 b,1.73,3.64,598.0,0.1681,85.282,5904.0,1.06,1.04,0.03,3.86
Kepler-203 c,2.47,749.9,1096.0,0.061,329.788,5821.0,1.114,1.06,0.08,273.0
Kepler-221 b,1.71,5.95575,1090.0,0.037,308.885,5243.0,0.821,0.854,0.0616,0.19
NGTS-5 b,12.733424,72.78307,952.0,0.0382,101.253,4987.0,0.739,0.661,0.12,0.194
TIC 349520724 b,2.82626313,8.38,,,,5098.6,0.818771,0.89,,2.04
Kepler-386 b,1.39,2.51,651.0,0.096,43.262,5178.0,0.767,0.825,0.07,5.14
Kepler-1502 b,3.18,10.2,608.0,0.2482,77.324,6666.0,1.72,1.44,0.05,1.74
Qatar-9 b,11.309881,378.2177,1134.0,0.0234,210.669,4309.0,0.696,0.719,0.252,1.43
Kepler-1591 b,1.27,2.15,892.0,0.0794,439.434,6082.0,1.16,1.1,0.01,5.77
Kepler-160 c,3.76,13.6,771.0,0.1192,84.848,5471.0,1.118,1.003,0.2,1.41
Kepler-1057 b,3.36,11.2,724.0,0.1138,69.213,5987.0,1.1,1.07,0.01,1.62
Kepler-115 b,1.09,1.32,1489.0,0.036,1215.757,5979.0,1.205,1.042,-0.0499,5.6
Kepler-527 b,2.84,8.45,1157.0,0.11646,147.046,6388.0,1.45,1.28,0.03,2.03
Kepler-1011 b,2.87,8.6,920.0,0.0633,108.788,5416.0,0.88,0.91,0.08,2.0
GJ 1061 c,1.19,1.81,,0.0342,1.4,2953.0,0.156,0.12,-0.08,5.9
Kepler-1600 b,3.13,9.96,209.0,0.98141,0.4,5214.0,0.82,0.86,0.07,1.78
Kepler-49 c,2.444,8.38,443.0,0.07821,12.341,4095.6,0.618,0.607,0.03,3.109679
KMT-2020-BLG-0414L b,1.2,1.87,,2.07,,,,0.49,,5.95
Kepler-717 b,2.42,6.44,1139.0,0.052,398.0,5485.0,0.85,0.88,-0.12,2.5
Kepler-1566 b,0.79,0.418,1871.0,0.01198,2340.984,5254.0,0.81,0.84,-0.07,4.66
Kepler-1022 b,2.36,6.17,512.0,0.0805,19.258,4445.0,0.68,0.71,0.06,2.58
HD 75784 b,13.8,317.83,,1.032,,4867.0,3.4,1.26,0.25,0.665
Kepler-1321 d,2.62843782,7.41,509.0,0.0501,15.84,3640.0,0.503,0.513,0.21,2.24
Kepler-1340 b,1.55,3.02,2174.0,0.01523,4793.001,6331.0,1.42,1.27,0.07,4.46
Kepler-411 d,3.319,15.2,410.0,0.279,3.9,4974.0,0.82,0.87,0.21,2.3
Kepler-411 c,4.421,26.4,838.0,0.0739,56.0,4974.0,0.82,0.87,0.21,1.7
Kepler-742 b,3.24,10.6,690.0,0.0744,38.101,4642.0,0.71,0.76,0.07,1.71
Kepler-936 b,1.45,2.7,867.0,0.0954,133.56,5482.0,0.89,0.92,0.05,4.87
K2-295 b,10.054473,106.47305,852.0,0.0451,97.8595,4444.0,0.7,0.74,0.14,0.612
Kepler-748 b,2.52,6.9,938.0,0.0745,439.778,5934.0,1.1,1.07,0.08,2.37
HATS-18 b,14.896761,629.144485,2069.48,0.0174,2990.0,5600.0,1.02,1.037,0.28,1.1169
Kepler-1349 b,0.7,0.271,1668.0,0.03421,1862.33,6086.0,1.28,1.16,0.03,4.34
Kepler-1627 b,3.69,13.2,794.0,0.0643,143.12,5445.0,0.84,0.87,-0.1,1.44
Kepler-394 d,1.50066814,2.86,1165.0,0.05904,302.0,6398.0,1.101,1.141,-0.14,4.65
Kepler-1601 b,0.82,0.477,1507.0,0.03281,999.752,5869.0,1.07,1.04,0.05,4.75
Kepler-1751 b,1.82417378,3.98,984.0,0.0712,221.46,6052.0,0.967,0.974,-0.26,3.6
K2-133 e,1.73,3.64,296.0,0.1346,1.8,3655.0,0.455,0.461,,3.86
K2-308 b,9.916,70.6,1213.76,,512.9234,6100.0,1.24,1.09,-0.1,0.398
DS Tuc A b,5.7,413.179,850.0,,115.8276,5428.0,0.964,1.01,0.0,
Kepler-283 c,1.82,3.97,240.0,0.341,0.949,4351.0,0.566,0.596,-0.17,3.62
Kepler-1086 b,2.44,6.53,433.0,0.1198,9.157,4350.0,0.66,0.7,0.06,2.47
Kepler-25 c,5.217,15.2,934.0,0.1117,210.172,6354.0,1.316,1.165,0.11,0.588
Kepler-1023 b,2.63,7.41,524.0,0.30284,6.978,5494.0,0.89,0.93,0.05,2.24
Kepler-1497 b,1.66,3.39,924.0,0.0817,172.38,5675.0,0.95,0.96,0.01,4.07
Kepler-981 b,2.31,5.95,1103.0,0.0535,337.471,5718.0,0.96,0.98,0.01,2.65
Kepler-436 c,2.33,6.04,503.0,0.11452,14.52,4685.0,0.71,0.75,0.02,2.62
HD 175167 b,12.3,4703.8604236,,2.4,,5635.0,1.75,1.09,0.28,13.9
Kepler-1743 b,1.59887007,3.18,1144.0,0.084,515.0,5855.0,1.613,1.266,0.4,4.28
K2-173 b,1.60826194,3.22,,,,5580.0,0.843154,0.881538,-0.25,4.25
WASP-181 b,13.271456,95.03117,1186.0,0.05427,382.4492,5839.0,0.965,1.04,0.09,0.237
Kepler-583 b,2.28,5.82,1017.0,0.0689,178.699,5523.0,0.91,0.94,0.07,2.7
Kepler-1770 b,2.84141754,8.45,699.0,0.1261,56.43,5602.0,1.009,0.941,0.1,2.02
Kepler-987 b,3.26,10.7,351.0,0.4238,3.853,5637.0,0.91,0.97,0.01,1.7
Kepler-385 d,2.6186448,7.36,535.0,0.2872,15.0,5829.0,1.157,1.05,0.01,2.25
Kepler-1201 b,2.29,5.86,789.0,0.1183,89.431,6177.0,1.24,1.15,0.03,2.68
Kepler-1540 b,2.49,6.76,266.0,0.4426,0.849,4540.0,0.69,0.74,0.1,2.41
HAT-P-70 b,20.96083,2154.8874,2562.0,0.04739,5405.6,8450.0,1.858,1.89,-0.059,1.54
Kepler-176 c,2.6,1.33,633.0,0.102,39.631,5232.0,0.891,0.86,0.13,0.487
HD 96700 c,1.69,3.5,,0.141,,5845.0,1.16,0.89,-0.18,3.98
Kepler-1568 b,1.3,2.24,729.0,0.15157,72.568,5956.0,1.19,1.09,0.09,5.6
HATS-58 A b,12.273855,327.3649,1721.0,0.05798,382.7103,7175.0,1.433,1.461,,0.96
WASP-169 b,14.616536,178.30263,1604.0,0.0681,1486.8579,6110.0,2.011,1.337,0.06,0.33
K2-147 b,1.47286006,2.77,1077.0,0.01575,200.1,3690.0,0.578,0.563,-0.02,4.76
Kepler-247 d,3.94,14.7,530.0,0.14,19.21,5100.0,0.768,0.887,0.3,1.32
Kepler-1552 b,2.47,6.66,268.0,0.6011,1.854,5202.0,0.78,0.85,-0.07,2.43
LkCa 15 c,,,,18.6,,4194.0,1.60711,,0.26,
Kepler-1542 c,0.65,0.208,1287.0,0.0387,786.082,5564.0,0.99,0.94,0.06,4.16
HD 30856 b,13.5,491.68301,,1.85,,4895.0,4.4,1.17,-0.06,1.1
Kepler-173 c,2.43,6.48,956.0,0.074,258.418,6031.0,0.949,1.067,0.0357,2.48
TOI-163 b,16.690201,387.7526,1669.0,0.058,1489.1126,6495.0,1.648,1.4352,0.22,0.49
Kepler-1445 b,0.96,0.84,987.0,0.09587,248.548,6150.0,1.26,1.13,-0.03,5.22
Kepler-1095 b,1.21,1.92,1108.0,0.0514,356.54,5658.0,0.92,0.94,-0.09,5.96
Kepler-1123 b,1.67,3.43,1061.0,0.0497,190.016,5500.0,0.9,0.93,0.05,4.05
NGTS-8 b,12.21781,295.5819,1345.0,0.035,503.0,5241.0,0.98,0.89,0.24,0.89
Kepler-1371 c,0.64,0.196,1216.0,0.02937,853.269,5361.0,0.83,0.87,-0.07,4.11
HD 219134 c,1.511,4.36,782.0,0.0653,62.1,4699.0,0.778,0.81,0.11,6.95
HD 219134 f,1.31,7.3,522.6,0.1463,12.38,4699.0,0.778,0.81,0.11,
HD 219134 h,12.7,108.0622,,3.11,,4913.0,0.77,0.794,0.08,0.29
Kepler-1877 b,0.624086,0.179,1278.0,0.03472,691.1,5615.0,0.936,1.022,0.24,4.05
Kepler-331 c,1.84,4.04,425.0,0.105,13.888,4347.0,0.492,0.653,0.1179,3.56
Kepler-543 b,2.5,6.8,521.0,0.1023,23.081,4671.0,0.67,0.7,-0.19,2.39
HD 150010 b,13.3,762.7881768,,1.4,,4153.0,16.2,1.3,-0.25,1.78
Kepler-1105 b,2.01,4.7,729.0,0.0471,47.18,4299.0,0.68,0.71,0.28,3.18
Kepler-1311 b,1.24,2.07,1019.0,0.10082,296.92,5748.0,1.4,1.05,0.09,5.97
K2-58 c,1.62,3.26,,0.035,462.0,5413.0,0.86,0.89,0.11,4.21
Kepler-1449 b,1.68,3.46,867.0,0.1176,271.885,5979.0,1.1,1.08,0.04,4.01
HD 38801 b,12.5,3082.31534,,1.623,,5338.0,2.029,1.207,0.25,8.67
Kepler-389 c,1.46,2.73,636.0,0.11,22.735,5376.0,0.792,0.765,-0.1,4.82
Kepler-147 c,2.43,6.48,689.0,0.216,61.287,6012.0,1.468,1.145,0.1,2.48
GJ 1265 b,2.63,7.4,,0.026,,3236.0,0.192,0.178,-0.04,2.24
Kepler-604 b,2.59,7.22,637.0,0.1735,46.982,5890.0,1.03,1.02,-0.02,2.28
Kepler-92 c,2.6,6.1,781.0,0.19054,106.207,5883.0,1.7,1.21,0.1381,4.747125
Kepler-1635 b,3.64,12.9,200.0,1.12664,0.4,5347.0,0.85,0.89,0.06,1.47
Kepler-667 b,4.73,20.1,516.0,0.2288,71.817,5327.0,0.87,0.91,0.15,1.04
Kepler-1709 b,3.12424875,9.93,472.0,0.32704,11.7,5918.0,1.043,1.003,-0.04,1.79
K2-158 c,1.28,2.18,948.0,0.0622,,5503.0,0.95,0.92,0.07,5.71
Kepler-167 b,1.718,3.6,918.0,0.04825,122.502,4884.0,0.749,0.777,0.02,3.9
Kepler-127 c,2.66,7.56,698.0,0.2,61.688,6106.0,1.359,1.248,0.2142,2.21
Kepler-111 c,7.0840758,222.4798849,352.2,0.751,2.48,5914.0,1.145,1.118,0.237,3.42
Kepler-890 b,8.89,58.6,540.0,0.2944,30.227,5954.0,1.13,1.09,0.09,0.458
GJ 357 d,2.34,6.1,219.6,0.204,0.38,3505.0,0.337,0.342,-0.12,2.62
Kepler-175 b,2.56,7.08,827.0,0.105,129.639,6064.0,1.01,0.969,0.04,2.32
WASP-175 b,13.540472,314.6517,1571.0,0.04403,649.429,6229.0,1.204,1.212,0.15,0.74
WASP-182 b,9.52765,47.03884,1479.0,0.0451,756.261,5638.0,1.34,1.076,0.27,0.318
Kepler-374 c,1.1,1.37,1467.0,0.042,966.591,5977.0,0.911,1.033,0.1111,5.66
K2-43 b,4.51,18.5,939.3,0.03784,49.0,3840.6,0.542,0.571,,1.11
Kepler-557 b,2.67,7.61,1281.0,0.0469,2885.663,6068.0,1.16,1.11,0.02,2.2
Kepler-1904 b,1.3904994,2.51,567.0,0.0436,24.38,3805.0,0.497,0.526,-0.1,5.13
HATS-47 b,12.520453,117.27927,852.9,0.04269,87.73,4512.0,0.6564,0.674,-0.113,0.331
Kepler-186 e,1.27,2.15,319.0,0.11,3.608,3788.0,0.472,0.478,-0.28,5.77
Kepler-1902 b,1.17563613,1.74,601.0,0.0385,30.84,3729.0,0.514,0.52,0.06,5.88
Kepler-747 b,5.27,24.1,456.0,0.1916,10.19,5096.0,0.78,0.82,-0.03,0.905
DH Tau b,30.2643,3496.0,2200.0,330.0,,4371.0,0.27,0.33,,0.693
GJ 3998 d,2.34,6.07,,0.189,1.2,3726.0,0.5,0.52,-0.13,2.6
HIP 5763 b,14.2,162.09248757,,0.17,,4352.0,0.750378,0.72,,0.311
Kepler-1044 b,2.67,7.61,1058.0,0.0741,218.497,5985.0,1.11,1.08,0.04,2.2
HATS-48 A b,8.9672,77.23269,954.6,0.03769,137.6,4546.0,0.7152,0.7279,0.186,0.589
HATS-49 b,8.574885,112.19399,834.8,0.04515,80.45,4405.0,0.6977,0.7133,0.208,0.986
HATS-72 b,8.0973816,39.855882,739.3,0.066517,49.58,4656.1,0.7214,0.7311,0.099,0.411
Kepler-316 b,1.06,1.2,837.0,0.027,164.776,4204.0,0.52,0.587,-0.23,5.54
Kepler-1085 c,3.26817741,10.7,491.0,0.29798,11.8,5816.0,1.0783,1.05,0.22,1.68
Kepler-1585 b,1.79,3.86,1064.0,0.0445,182.941,5538.0,0.91,0.94,0.08,3.7
Kepler-1856 b,1.73447868,3.66,1344.0,0.0215,772.73,4948.0,0.816,0.782,0.14,3.85
Kepler-116 b,3.42,11.6,1251.0,0.069,594.451,6142.0,1.454,1.198,0.07,1.59
Kepler-1958 b,2.05124311,4.86,806.0,0.0856,99.6,5749.0,0.864,0.961,-0.1,3.09
TOI-169 b,12.172974,251.40353,1715.0,0.03524,1443.0,5880.0,1.288,1.147,0.24,0.76
HD 12648 b,13.4,622.9468,,0.54,,4835.0,11.02,0.67,-0.57,1.42
Kepler-1301 b,1.4,2.54,734.0,0.0815,76.139,5188.0,0.81,0.85,0.01,5.09
Kepler-1695 b,1.11948901,1.46,957.0,0.0529,198.57,5473.19,0.987155,0.96,-0.0347,5.72
NGTS-9 b,11.99363,921.707,1448.0,0.058,729.0,6330.0,1.38,1.34,0.31,2.93
Qatar-6 b,11.903958,212.31044,1006.0,0.0423,174.9015,5052.0,0.722,0.822,-0.025,0.692
HD 213885 b,1.745,8.83,2128.0,0.02012,1882.94,5978.0,1.1011,1.068,-0.04,9.15
Kepler-1103 b,2.27,5.77,736.0,0.15336,160.282,6092.0,1.15,1.11,-0.01,2.71
NGTS-11 b,9.157753,109.33352,435.0,0.201,9.242,5050.0,0.832,0.862,0.22,0.78
CoRoT-10 b,10.87,874.0,600.0,0.1055,16.1089,5075.0,0.79,0.89,0.26,3.7
TOI-1728 b,5.05,26.78,767.0,0.0391,57.78,3980.0,0.6243,0.646,0.25,1.14
HD 158259 b,1.28228,2.22,1462.0,,759.183,5801.89,1.21,1.08,,6.12
HD 158259 d,2.18,5.41,,,,5801.89,1.21,1.08,,2.87
Kepler-184 b,2.36,6.17,780.0,0.092,70.361,5788.0,0.873,0.872,-0.1958,2.58
HD 158259 e,2.34,6.08,,,,5801.89,1.21,1.08,,2.61
HD 158259 f,2.35,6.14,,,,5801.89,1.21,1.08,,2.6
Kepler-1112 b,3.02,9.38,918.0,0.1239,254.963,6496.0,1.54,1.34,0.04,1.87
Kepler-345 c,1.2,2.2,575.0,0.077,25.83,4504.0,0.623,0.61,0.1905,1.22
HIP 65 A b,22.75427,1021.18779,1411.0,0.01782,661.0,4590.0,0.7242,0.781,0.18,0.48
KMT-2020-BLG-0202L b,12.4,3902.93283796,,4.17,,,,0.81,,11.2
KMT-2023-BLG-0466L b,13.1,1032.94232275,,2.68,,,,0.44,,2.52
Kepler-1820 b,3.11883067,9.9,561.0,0.1964,23.41,5841.0,0.931,1.047,0.07,1.79
Kepler-993 b,2.97,9.11,352.0,0.13,3.954,3843.0,0.54,0.57,0.03,1.91
Kepler-261 c,2.0,4.66,505.0,0.156,14.512,5098.0,0.794,0.834,0.1621,3.2
Kepler-1560 b,0.89,0.64,1269.0,0.04175,593.919,5815.0,1.02,1.02,0.04,4.99
HD 213885 c,4.71,19.95,1265.4,0.056798,,5978.0,1.1011,1.068,-0.04,1.05
WASP-126 b,10.51358773,90.3,1480.0,0.0449,759.3374,5800.0,1.27,1.12,0.2068,0.41
XO-7 b,15.389957,225.34147,1743.0,0.04421,1540.0,6250.0,1.48,1.405,0.432,0.34
WASP-176 b,16.869545,271.74465,1721.0,0.0535,1703.2413,5941.0,1.925,1.345,0.164,0.31
Kepler-233 c,2.71,7.8,390.0,0.287,6.195,5360.0,0.758,0.855,-0.09,2.15
Kepler-218 d,2.66,7.56,356.0,0.49884,4.118,5542.0,1.02,1.01,0.31,2.21
TOI-5486 b,3.96824928,14.9,752.0,,53.3297,3750.17,0.553216,0.548138,,1.31
Kepler-1360 b,3.4,11.5,933.0,0.2866,82.564,6778.0,1.83,1.51,0.06,1.61
EPIC 220554210 c,1.6,3.19,,,,5499.0,1.0,0.94,-0.23,4.28
Kepler-270 b,2.01,4.7,984.0,0.107,178.362,6067.0,1.461,1.17,0.15,3.18
Kepler-215 d,2.39,23.6,527.0,0.185,21.404,5739.0,1.027,0.788,-0.4425,9.5
Kepler-1867 b,1.15985997,1.65,768.0,0.0872,82.32,5693.0,0.816,0.911,-0.24,5.81
HD 20782 b,13.6,472.83,,1.3649,,5782.13,1.12681,1.04,-0.0537,1.03
Kepler-48 b,1.88,3.94,932.0,0.05394,173.12,5194.0,0.89,0.88,0.17,3.23
Kepler-1380 b,1.43,2.63,786.0,0.0917,90.1,5570.0,0.94,0.96,0.1,4.94
Kepler-693 b,10.18,73.8,600.0,0.1121,31.641,4881.0,0.72,0.76,-0.1,0.384
K2-54 b,2.6116925,7.33,560.0,0.0761,6.1,3990.0,0.643,0.615,-0.02,2.26
Kepler-1416 b,0.88,0.615,1870.0,0.0257,2658.55,6019.0,1.15,1.09,0.03,4.96
Kepler-292 e,2.67,7.61,678.0,0.097,50.924,5299.0,0.826,0.865,0.04,2.2
Kepler-653 b,1.95,4.46,819.0,0.11945,90.384,5665.0,1.19,1.02,0.23,3.31
WASP-187 b,18.38276,254.264,1760.0,0.0653,1594.76,6150.0,2.83,1.54,0.0,0.224
GJ 433 d,2.14,5.223,,0.178,,3461.0,0.5,0.48,-0.17,2.93
TOI-540 b,0.903,0.674,611.0,0.01223,23.4,3216.0,0.1895,0.159,,5.03
Kepler-1485 b,1.47,2.76,728.0,0.14732,85.176,6087.0,1.12,1.11,0.02,4.77
Kepler-1134 b,2.64,7.46,611.0,0.1242,29.864,5281.0,0.81,0.84,-0.1,2.23
HD 202206 c,12.2,5689.157,,2.41,,5766.0,1.04,1.07,0.3,17.2
Kepler-769 c,1.79,3.86,803.0,0.1297,86.761,6186.0,1.28,1.19,0.06,3.7
Kepler-1900 b,1.62314676,3.27,1356.0,0.042,798.35,6173.0,1.041,1.104,-0.04,4.2
Kepler-1466 b,1.55,3.02,585.0,0.17981,21.875,5884.0,1.02,1.01,-0.07,4.46
TOI-251 b,2.74,317.83,1041.19,0.05741,277.7462,5875.0,0.881,1.036,-0.106,
K2-124 b,2.9,8.75,442.0,0.049,8.7,3570.0,0.388,0.39,0.023,1.97
Kepler-322 b,1.01,1.01,1373.0,0.027,735.179,5388.0,0.89,0.908,0.12,5.39
Kepler-1317 b,1.56,3.05,1796.0,0.0128,2413.261,5144.0,0.79,0.83,-0.01,4.41
Kepler-1673 b,2.9355194,8.93,611.0,0.21363,30.5,6014.95,1.13166,1.11,0.228,1.94
Kepler-740 b,4.57,18.9,1131.0,0.0462,432.866,5438.0,0.87,0.91,0.03,1.09
EPIC 201754305 d,1.03,1.08,,,,4761.0,0.544,0.67,-0.33,5.43
TOI-954 b,9.550068,55.30242,1526.0,0.04963,1393.0,5710.0,1.892,1.201,0.215,0.35
Kepler-567 b,2.25,5.69,611.0,0.1229,26.137,5148.0,0.79,0.84,0.0,2.74
LHS 1903 d,2.5,5.96,442.0,0.08604,6.35,3664.0,0.539,0.538,-0.11,2.09
Kepler-888 b,1.76,3.75,417.0,0.31481,7.854,5875.0,0.9,0.97,-0.21,3.78
HIP 19976 b,4.94,21.61233168,,0.234,,4316.0,0.772319,0.67,,0.985
HD 89744 b,12.6,2653.8805,,0.917,,6291.0,2.13257,1.86,0.2238,7.29
Kepler-648 b,3.22,10.5,674.0,0.13324,47.336,5741.0,0.98,1.05,0.21,1.73
Kepler-1744 b,3.76754004,13.6,532.0,0.20945,21.0,5986.0,0.85,0.886,-0.5,1.4
HIP 12961 b,13.2,114.4188,,0.25,,3901.0,0.65,0.69,-0.14,0.273
HD 141004 b,3.77,13.63483866,,0.1238,,5885.38,1.389372,1.051904,0.0247,1.4
HD 189567 c,2.54,7.0,,0.197,,5726.0,1.04,0.83,-0.24,2.35
BD+37 3172 b,12.4,3368.9811142,,4.65,,4500.0,50.24,3.75,-0.03,9.71
Kepler-95 b,3.42,13.0,927.0,0.10232,178.832,5699.0,1.41,1.08,0.3,1.71
Kepler-1670 b,3.3564801,11.2,731.0,0.1528,67.67,5838.0,1.51889,1.05,-0.08,1.63
Kepler-1308 b,0.52,0.0933,662.0,0.025,58.108,3468.0,0.34,0.35,-0.13,3.65
Kepler-404 c,1.72,3.61,678.0,0.118,33.153,5654.0,0.884,0.86,-0.03,3.9
Kepler-1400 b,1.62,3.26,725.0,0.0771,44.517,5044.0,0.78,0.83,0.04,4.21
HD 96992 b,13.7,362.3262,,1.24,,4725.0,7.43,0.96,-0.45,0.774
Kepler-326 d,1.21,6.9,781.0,0.066,180.644,5105.0,0.801,0.91,0.2385,21.4
TOI-712 b,2.049,4.85,650.0,0.07928,22.6,4622.0,0.674,0.732,-0.02,3.1
TOI-712 d,2.474,6.68,313.6,0.3405,1.6,4622.0,0.674,0.732,-0.02,2.42
Kepler-1514 b,12.419572,1678.1424,387.9,0.753,3.23,6145.0,1.289,1.196,0.119,4.82
V2376 Ori b,87.20586985,6356.56814,2100.0,71.0,,,,0.45,,0.0527
Kepler-129 c,2.52,43.0,525.0,0.39,17.554,5770.0,1.653,1.178,0.29,14.8
TOI-905 b,13.125739,211.99261,1192.0,0.04666,337.0,5570.0,0.918,0.968,0.14,0.515
K2-73 c,13.0,1142.0,186.1,,0.285,5867.0,1.058,1.02,0.04,2.86
Kepler-1795 b,1.66301611,3.4,520.0,0.1002,17.3,4500.0,0.688,0.768,0.28,4.06
TIC 237913194 b,12.520453,617.22586,974.0,0.1207,83.3856,5788.0,1.088,1.026,0.14,1.847
Kepler-512 b,2.69,7.7,652.0,0.21395,32.329,5997.0,1.3,1.17,0.22,2.17
NGTS-13 b,12.800678,1538.2972,1605.0,0.0549,1096.0,5819.0,1.788,1.3,0.25,4.02
HD 72490 b,13.5,561.92344,,1.88,,4934.0,4.96,1.21,-0.13,1.26
Kepler-1468 d,3.33187146,11.1,819.0,0.1456,52.77,5794.0,1.496,1.072,0.14,1.65
HD 75898 b,13.2,810.46243785,,1.2025,,6122.0,1.55,1.295,0.29,1.94
Kepler-1459 b,1.36,2.42,349.0,0.2829,3.511,4828.0,0.74,0.78,0.01,5.29
Kepler-1769 b,4.465,18.2,483.0,0.40598,8.9,6071.0,1.295,1.061,-0.06,1.12
KOI-351 f,2.88,8.65,407.0,0.48,6.796,6080.0,1.2,1.2,-0.12,1.99
Kepler-1615 b,2.06,4.9,658.0,0.2788,31.171,5865.0,1.05,1.04,0.06,3.08
TOI-1238 b,1.21,3.76,1133.0,0.0139,442.0,4089.0,0.58,0.59,0.31,11.7
HATS-71 b,11.478016,117.5971,586.8,0.03745,18.0832,3405.0,0.4783,0.4861,0.17,0.42
TOI-824 b,2.926,18.467,1253.0,0.02177,412.0,4600.0,0.695,0.71,-0.092,4.03
Kepler-351 d,2.72,7.85,318.0,0.5177,1.989,5225.0,0.78,0.81,-0.16,2.14
Kepler-324 b,1.14,2414.4,935.0,0.05,194.34,5194.0,0.84,0.901,0.18,3.0
GJ 251 b,1.79,3.85,336.0,0.0808,2.37,3342.0,0.36,0.35,0.07,3.69
Kepler-1931 b,2.65323514,7.53,619.0,0.23329,51.7,6167.0,1.221,1.174,0.12,2.22
HAT-P-62 b,12.02723629,241.86741773,1512.0,0.03772,867.2,5629.0,1.17,1.023,0.414,0.77
HAT-P-63 b,12.5428494,195.1466419,1237.0,0.04294,387.4,5400.0,0.9661,0.925,0.251,0.54
Kepler-570 b,2.45,6.57,1009.0,0.0497,214.04,5496.0,0.9,0.93,0.06,2.45
Kepler-1396 b,2.07,4.94,786.0,0.1406,71.816,6195.0,1.27,1.18,0.04,3.06
Kepler-1165 c,3.36093385,11.2,644.0,0.1969,40.76,6249.0,1.076,1.13,-0.04,1.62
Kepler-640 b,2.56,7.08,609.0,0.15418,35.062,5653.0,0.94,1.01,0.15,2.32
Kepler-893 b,3.03,9.43,1034.0,0.0699,266.271,5820.0,0.99,1.0,-0.03,1.86
K2-138 d,2.39,7.92,888.0,0.05893,160.0,5356.3,0.863,0.935,0.14,3.1
HD 103949 b,3.35,11.2,,0.439,,4792.0,0.753113,0.77,-0.07,1.64
Kepler-722 c,2.82,8.35,401.0,0.4471,5.48,5863.0,1.05,1.03,0.02,2.05
K2-138 e,3.39,12.97,757.0,0.0782,91.1,5356.3,0.863,0.935,0.14,1.8
K2-138 f,2.904,1.63,653.0,0.10447,51.0,5356.3,0.863,0.935,0.14,0.4
Kepler-170 b,3.2,82.6,899.0,0.08,136.522,5679.0,1.035,1.066,0.39,13.9
Kepler-1542 e,0.76,0.363,1065.0,0.05649,369.999,5564.0,0.99,0.94,0.06,4.54
Kepler-789 b,2.12,5.14,1419.0,0.0951,312.34,5870.0,1.02,1.01,-0.06,2.96
Kepler-328 c,5.4,39.4,475.0,0.354,22.025,6064.0,1.06,1.15,0.08,0.6
K2-32 d,3.484,6.7,550.0,0.18422,14.8,5271.0,0.86,0.83,-0.06,0.87
K2-32 b,5.299,15.0,837.0,0.0795,79.5,5271.0,0.86,0.83,-0.06,0.55
Kepler-299 b,1.32,2.3,1258.0,0.04,622.067,5617.0,1.032,1.004,0.12,5.5
K2-154 c,2.07,4.94,552.0,0.0677,20.5,4097.0,0.63,0.65,0.21,3.06
K2-32 c,3.134,8.1,634.0,0.13843,26.2,5271.0,0.86,0.83,-0.06,1.43
Kepler-1821 b,2.59248115,7.24,644.0,0.1244,40.61,5475.0,0.884,0.946,0.14,2.28
HD 164922 b,13.3,116.0,159.4,2.16,0.1578,5390.0,0.946,0.926,0.18,0.271
K2-100 b,3.88,21.8,1841.0,0.0301,1915.0,5945.0,1.24,1.15,0.22,2.04
HIP 71135 b,4.55,18.8,,0.335,,4146.0,0.681296,0.66,,1.1
Kepler-55 f,1.59,3.15,559.0,0.081,25.438,4503.0,0.619,0.631,-0.01,4.31
Kepler-1073 d,1.48770949,2.82,1369.0,0.0352,828.59,5509.0,1.116,0.924,0.16,4.71
Kepler-804 c,1.14,1.55,890.0,0.08654,141.839,5817.0,1.05,1.01,0.0,5.75
GJ 15 A b,1.55,3.03,550.0,0.072,,3607.0,0.38,0.38,-0.34,4.47
Kepler-135 c,1.16,1.65,975.0,0.103,209.967,6090.0,1.275,1.047,-0.105,5.81
K2-138 g,3.013,4.32,445.0,0.23109,9.29,5356.3,0.863,0.935,0.14,0.9
TOI-1231 b,3.65,15.4,329.6,0.1288,1.93,3553.0,0.476,0.485,0.041,1.74
HD 73526 b,13.1,978.9164,,0.65,,5601.0,1.53,1.14,0.22,2.39
Kepler-959 b,4.38,17.6,1912.0,0.1633,165.868,7005.0,2.01,1.6,0.02,1.15
TOI-1062 b,2.265,10.15,1077.0,0.052,232.0,5328.0,0.84,0.94,0.14,4.85
Kepler-1304 b,2.29,5.86,715.0,0.1202,61.87,5259.0,0.81,0.85,-0.05,2.68
PH2 b,9.33708092,87.08498352,295.1,0.833,1.2,5734.0,0.949,0.966,0.017,0.58
Kepler-1043 b,2.55,7.04,532.0,0.2159,21.692,5629.0,0.9,0.92,-0.11,2.33
Kepler-156 c,2.55,7.04,588.0,0.117,28.642,5094.0,0.807,0.864,0.2535,2.33
TOI-257 b,7.16253867,43.86032017,1027.0,0.1528,186.0,6095.0,1.867,1.407,0.175,0.65
Kepler-168 b,1.46,2.73,1240.0,0.056,725.064,6282.0,1.107,1.113,0.09,4.82
Kepler-1708 b,9.96,1462.0106722,,1.64,0.561,6157.0,1.117,1.088,0.0,
TOI-1749 d,2.52,15.0,533.0,0.0707,14.2074,3985.0,0.55,0.58,-0.26,
TOI-674 b,5.25,23.6,635.0,0.025,38.4,3514.0,0.42,0.42,0.17,0.91
Kepler-1310 b,1.44,2.67,1883.0,0.01452,2830.91,5549.0,0.88,0.91,-0.07,4.91
TOI-1062 c,3.1,9.78,859.0,0.08,95.0,5328.0,0.84,0.94,0.14,1.8
TOI-5605 b,2.52611303,6.92,669.0,,33.3499,4583.79,0.736044,0.68,-0.0269,2.36
HD 154857 b,13.3,778.6835,,1.29,,5589.0,2.3,1.96,-0.22,1.82
Kepler-1404 b,2.01,4.7,596.0,0.1143,39.001,5261.0,0.8,0.84,-0.09,3.18
K2-99 c,12.6,2669.7586188,390.0,1.43,,6069.0,2.55,1.44,0.2,7.33
TOI-269 b,2.77,8.8,531.0,0.0345,19.0,3514.0,0.398,0.3917,-0.29,2.28
Kepler-902 b,2.54,6.99,556.0,0.223,24.875,5647.0,0.93,0.95,0.0,2.34
Kepler-894 b,2.78,8.15,896.0,0.0916,119.881,5603.0,0.85,0.87,-0.25,2.08
TOI-628 b,11.88154,2011.8639,1586.0,0.0486,1052.9,6250.0,1.345,1.311,0.258,6.58
HD 64121 b,13.2,813.64072192,,1.51,,5078.0,5.44,1.64,-0.21,1.94
HAT-P-58 b,14.93036229,118.2321674,1622.0,0.04994,1146.0,6078.0,1.53,1.031,-0.224,0.194
HAT-P-59 b,12.58768533,489.45574678,1277.8,0.05064,441.4,5678.0,1.1038,1.008,0.217,1.347
Kepler-213 c,2.34,6.08,1060.0,0.057,339.536,5696.0,1.195,1.07,0.15,2.61
Kepler-1561 b,1.09,1.32,1682.0,0.0194,2364.807,5957.0,1.11,1.07,0.04,5.6
Kepler-1338 b,0.92,0.721,2124.0,0.01937,4712.111,5909.0,1.05,1.04,0.0,5.09
Kepler-53 d,2.12,37.1907,870.0,0.091,144.852,6085.0,0.958,0.966,0.0,1.4
TOI-2202 c,13.4,117.27868218,,0.15544,,5144.0,0.794,0.823,0.04,0.268
Kepler-542 b,1.57,3.09,698.0,0.10703,61.573,5526.0,0.9,0.93,0.02,4.39
Kepler-394 c,1.66,3.39,901.0,0.11,94.528,6402.0,1.132,0.87,-0.3,4.07
HD 213240 b,12.8,1655.88600047,,1.89,,5979.0,1.51,1.57,0.15,4.34
Kepler-1640 b,4.82,20.7,1228.0,0.0836,537.4,6324.0,1.43,1.27,0.1,1.02
Kepler-1423 b,1.06,1.2,741.0,0.1586,71.16,4939.0,0.75,0.79,-0.02,5.54
GJ 4274 c,2.83,8.39,,0.186,0.1,3228.0,0.19,0.18,-0.19,2.03
61 Vir c,4.46,18.2,,0.2175,,5577.0,0.963,0.942,-0.01,1.13
HAT-P-43 b,13.63,210.395,1353.0,0.0444,521.877,5693.0,1.08,1.03,0.2,0.39
Kepler-1512 b,1.18,1.76,322.0,0.13693,1.6,4372.0,0.67,0.73,0.2,5.89
Kepler-825 b,1.53,2.96,1270.0,0.0453,734.464,5976.0,1.08,1.03,-0.08,4.54
Kepler-245 c,2.18,26.7,568.0,0.124,25.152,5100.0,0.795,0.856,0.12,9.4
Kepler-1233 b,2.6,7.27,604.0,0.263,30.061,6198.0,1.25,1.16,0.02,2.27
Kepler-1398 b,0.9,0.666,1510.0,0.03909,1249.488,6126.0,1.18,1.13,0.01,5.02
TOI-2184 b,11.39953337,206.58846455,1676.05,,1429.0,5966.0,2.9,1.53,0.14,0.76
14 Her b,12.5,2828.6728223,,2.839,,5338.0,0.93,0.97,0.43,7.96
USco1621 b,12.2,5085.28,2270.0,2880.0,,3460.0,0.710071,0.36,,15.4
Kepler-607 b,0.87,0.59,1874.0,0.0137,2302.613,5196.0,0.8,0.84,-0.02,4.92
Kepler-1784 b,2.79936489,8.24,724.0,0.1072,64.8,5442.0,0.974,0.887,0.1,2.06
TOI-5777 b,3.09551273,9.78,602.0,,21.9209,4408.03,0.671912,0.658,,1.81
TOI-6080 b,3.32424168,11.0,919.33,,168.812,5775.46,1.06221,1.01,,1.65
TOI-2104 b,1.52898127,2.95,846.0,,85.3357,4856.13,0.723757,0.8,,4.54
Kepler-1019 b,1.46,2.73,1164.0,0.0221,330.249,4433.0,0.67,0.7,0.01,4.82
TOI-2257 b,2.194,5.45,256.0,0.145,0.6703,3430.0,0.313,0.328,-0.27,2.84
Kepler-97 b,1.48,3.51,1328.0,0.03563,767.964,5779.0,0.98,0.94,-0.2,5.44
Kepler-1230 b,2.71,7.8,946.0,0.0921,153.933,5961.0,1.08,1.06,0.01,2.15
Kepler-300 b,1.67,3.43,812.0,0.094,265.186,5986.0,0.9,1.07,0.04,4.05
K2-75 c,2.77,8.1,,0.1429,138.0,5995.0,1.56,1.16,0.3,2.09
K2-275 b,2.34,6.08,1166.0,0.0277,161.2476,4841.0,0.69,0.77,-0.06,2.61
HD 47186 b,5.02,22.2481,,0.05,,5657.0,1.08,0.96,0.24,0.966
Kepler-1024 b,3.91,14.5,376.0,0.3033,5.446,5143.0,0.78,0.81,-0.1,1.33
Kepler-1559 b,0.72,0.299,1609.0,0.01835,1620.063,5316.0,0.82,0.86,-0.04,4.4
Kepler-1725 b,2.8125177,8.31,767.0,0.13263,84.1,6020.0,1.085,1.049,0.0,2.05
Kepler-155 c,2.24,5.65,286.0,0.242,1.28,4508.0,0.62,0.635,-0.142,2.76
Kepler-307 b,2.43,7.44,797.0,0.09359,59.7,5367.0,0.814,0.907,0.19,2.62
Kepler-755 c,1.26,2.13,1016.0,0.037,302.574,5043.0,0.77,0.82,-0.01,5.85
HATS-75 b,9.90873894,156.05374784,772.3,0.032742,59.26,3790.4,0.5848,0.6017,0.522,0.878
Kepler-1637 b,0.89,0.64,1093.0,0.0596,337.78,5789.0,1.02,1.02,0.07,4.99
Kepler-708 b,2.93,8.91,1221.0,0.0426,684.765,5692.0,0.96,0.97,0.01,1.95
TIC 172900988 b,11.25,942.0,,0.90281,,6050.0,1.3842,1.2384,0.34,3.64
BD-08 2823 b,,2948.49413174,,0.06,,4816.0,0.71,0.5,-0.06,
HD 10180 c,,2741.58783878,,0.06412,,5911.0,1.109,1.06,0.08,
Kepler-836 b,2.73,7.9,869.0,0.1013,135.797,5895.0,1.04,1.03,-0.01,2.13
Kepler-178 b,2.9,8.75,846.0,0.085,84.571,5676.0,1.066,0.852,-0.04,1.97
TOI-3362 b,12.80065596,1598.3590588,688.0,0.153,37.2117,6532.0,1.83,1.445,0.017,4.19
Kepler-1348 b,1.94,4.42,636.0,0.1834,49.665,5911.0,1.04,1.04,-0.01,3.33
Kepler-984 b,2.12,5.14,484.0,0.23688,13.991,5610.0,0.93,0.96,0.04,2.96
TOI-1839 b,2.21895097,5.56,1405.35,,921.8467,5315.91,0.848099,0.934,0.252,2.8
GPX-1 b,16.47720163,6261.2196179,2300.0,0.0338,4650.0,7000.0,1.56,1.68,0.35,8.222423
TOI-559 b,12.22899794,1910.14872607,1180.0,0.0723,404.915,5925.0,1.233,1.026,-0.069,5.74
TOI-530 b,9.30345398,127.1313628,565.0,0.052,14.259,3659.0,0.54,0.53,0.376,0.93
Kepler-907 b,1.2,1.87,879.0,0.1225,137.66,6106.0,1.38,1.08,-0.15,5.95
Kepler-823 b,1.57,3.09,1277.0,0.0507,803.353,5643.0,0.96,0.98,0.06,4.39
Kepler-647 c,4.00135002,15.1,644.0,0.18291,69.0,5906.74,1.54571,1.07,-0.4146,1.3
K2-153 b,2.0,4.66,497.0,0.0614,11.8,3845.0,0.53,0.55,-0.09,3.2
Kepler-1082 b,1.12,1.46,1827.0,0.02571,2949.557,5923.0,1.14,1.03,-0.06,5.71
TOI-1431 b,16.70138124,991.62462984,2370.0,0.046,5300.0,7690.0,1.92,1.9,0.09,1.17
WASP-76 b,20.78145022,284.13859586,2228.0,0.033,4104.0,6329.0,1.756,1.458,0.366,0.17
WASP-95 b,13.78707,457.6752,1570.0,0.03416,2841.0562,5830.0,1.23,1.46,0.14,0.84
HD 219666 b,4.898,17.6,1076.0,0.06356,598.4408,5540.0,1.059,1.02,0.04,0.87
HD 192310 c,5.25,24.0,185.0,1.18,,5166.0,0.857922,0.8,-0.04,0.911
HD 195019 b,13.0,1264.9634,,0.14,,5751.0,1.48,1.21,0.05,3.16
Kepler-334 b,1.12,1.46,1090.0,0.061,300.982,5828.0,1.068,1.022,-0.012,5.71
Kepler-1196 b,2.23,5.6,436.0,0.3179,8.302,5756.0,0.97,0.98,0.0,2.77
Kepler-333 b,1.32,28.2,480.0,0.087,16.819,4259.0,0.534,0.601,0.0465,67.4
Kepler-562 b,5.21,23.7,658.0,0.1333,67.435,5575.0,0.9,0.93,-0.04,0.921
Kepler-1671 b,1.32557381,2.32,962.0,0.04946,205.0,5135.55,0.929771,0.866,0.2502,5.47
Kepler-1158 b,2.34,6.08,1079.0,0.12643,449.699,6203.0,1.95,1.41,0.18,2.61
Kepler-57 b,3.135,25.06,850.0,0.05988,124.349,5187.9,0.826,0.859,0.1166,4.466029
Kepler-461 b,2.58,7.18,886.0,0.07895,254.906,5634.0,0.91,0.98,0.04,2.3
HD 24085 b,3.46,11.8,,0.034,,6034.0,1.412551,1.22,0.17,1.57
Kepler-1843 b,2.70909809,7.8,772.0,0.17871,111.8,5422.0,1.782,1.02,0.02,2.16
Kepler-1184 b,2.68,7.65,529.0,0.2863,18.039,5983.0,1.07,1.05,-0.04,2.18
TOI-1860 b,1.31,2.27,1885.0,0.0204,876.703,5752.0,0.94,0.99,0.04,5.55
TOI-2260 b,1.62,3.26,2609.0,0.0097,1844.98,5534.0,0.94,0.99,0.22,4.21
Kepler-1018 b,2.58,7.18,498.0,0.253,12.098,5518.0,0.88,0.91,-0.05,2.3
HD 69830 c,3.46,11.8,,0.186,,5385.0,0.886947,0.86,-0.05,1.57
HD 10647 b,13.8,298.75,,2.015,,6218.0,1.1,1.11,0.0,0.625
HD 219134 b,1.602,4.74,1015.0,0.03876,176.2,4699.0,0.778,0.81,0.11,6.34
TOI-2092 b,2.94892961,9.0,1042.0,,195.793,5842.06,1.0519,0.956,-0.1221,1.93
Proxima Cen b,1.02,1.055,218.0,0.04848,0.641,2900.0,0.141,0.1221,,5.46
K2-250 b,2.71257333,7.81,1003.0,0.04606,,5003.0,0.797,0.809,-0.02,2.15
Kepler-1852 b,1.88610592,4.22,760.0,0.0762,79.1,5237.0,0.826,0.927,0.24,3.46
Kepler-881 b,1.78,3.82,1217.0,0.0552,538.569,5961.0,1.09,1.06,0.0,3.72
Kepler-1294 b,3.19,10.3,401.0,0.4684,12.362,5776.0,0.97,0.99,-0.03,1.74
HD 153557 c,4.36,17.48056238,,0.111,,4837.0,0.745171,0.79,,1.16
Kepler-1255 b,2.32,5.99,694.0,0.2226,39.671,6018.0,1.12,1.08,0.02,2.64
Kepler-127 b,1.4,2.54,884.0,0.125,159.163,6106.0,1.359,1.248,0.2142,5.09
Kepler-1736 b,3.8765856,14.3,566.0,0.2188,24.27,6085.0,0.973,0.976,-0.28,1.35
Kepler-532 b,2.57,7.13,620.0,0.10151,34.089,5192.0,0.79,0.87,0.0,2.31
Kepler-1871 b,2.42172881,6.44,1403.0,0.0308,917.15,5741.0,0.946,1.02,0.12,2.49
Kepler-1457 b,1.99,4.62,478.0,0.26391,23.468,5866.0,1.01,1.01,-0.05,3.22
TOI-2337 b,10.08808263,508.5254512,1272.46,,619.5809,4780.0,3.22,1.325,0.39,2.72
TOI-4329 b,16.81347105,143.02278315,2027.12,,3990.5716,6000.0,2.31,1.538,0.29,0.165
TOI-2445 b,1.25,2.1,1060.0,0.0064,204.4874,3333.0,0.27,0.25,,5.91
HIP 109600 b,13.2,851.7844,,0.706,,5530.0,0.971958,0.87,-0.12,2.04
Kepler-1923 b,1.95958179,4.5,553.0,0.2846,8.63,5881.0,1.294,1.109,0.16,3.29
Kepler-467 b,2.25,5.69,712.0,0.16848,72.749,5809.0,1.37,1.05,0.06,2.74
Kepler-302 c,12.45,,392.0,0.503,4.585,5740.0,1.22,1.021,0.16,
TOI-2180 b,11.32107051,875.61726129,348.0,0.828,2.71,5695.0,1.636,1.111,0.253,3.32
Kepler-683 b,1.97,4.54,1332.0,0.0355,702.281,5703.0,0.95,0.96,-0.03,3.26
Kepler-120 b,2.15,8.5,575.0,0.055,42.692,4096.0,0.534,0.654,-0.12,4.7
Kepler-1326 b,4.18,16.3,938.0,0.2743,47.84,6725.0,1.74,1.45,0.02,1.23
Kepler-9 b,8.29,43.4,661.0,0.143,48.229,5774.0,0.958,1.022,0.05,0.42
Kepler-406 c,0.85,2.71,1050.0,0.05531,349.769,5538.0,1.07,1.07,0.18,24.39
Kepler-315 b,3.77,13.7,409.0,0.402,6.674,5796.0,1.037,0.831,-0.27,1.4
Kepler-1078 b,1.9,4.27,1122.0,0.0388,373.99,5612.0,0.92,0.94,-0.01,3.42
TOI-206 b,1.3,2.24,910.0,0.0112,117.7582,3383.0,0.35,0.35,,5.6
TOI-2669 b,19.72780603,193.87532827,1226.0,,375.554,4800.0,4.1,1.19,0.1,0.139
Kepler-1038 b,3.53,12.2,285.0,0.5238,1.512,5335.0,0.83,0.87,-0.04,1.52
Kepler-1802 c,2.322,6.0,357.0,0.1748,3.86,4245.0,0.637,0.649,0.0,2.63
TOI-4029 b,6.73756618,36.6,1142.0,,282.509,5662.53,1.17834,1.018,0.1007,0.658
Kepler-1887 b,2.92454357,8.88,625.0,0.1421,36.14,5749.0,0.864,0.961,-0.1,1.95
Kepler-1632 b,2.47,6.66,369.0,0.6762,6.062,6137.0,1.19,1.12,0.0,2.43
Kepler-1306 b,1.91,4.31,678.0,0.123,52.146,5727.0,0.97,0.98,0.0,3.4
Kepler-1925 b,3.00177922,9.28,531.0,0.2588,18.74,5856.0,1.092,1.057,0.16,1.89
HD 220773 b,13.6,460.8,,4.94,,5940.0,1.679696,1.16,0.09,1.01
Kepler-60 d,1.99,4.16,929.0,0.10203,161.0,5905.0,1.257,1.041,-0.09,2.91
Kepler-1452 b,2.7,7.75,810.0,0.25764,73.501,6101.0,2.06,1.41,0.14,2.16
TOI-4405 b,2.55505441,7.06,671.87,,48.1559,4467.38,0.687025,0.68,,2.33
Kepler-1686 b,1.42553017,2.62,913.0,0.08827,167.2,5714.96,1.19951,1.02,0.0775,4.97
HD 130322 b,13.7,365.49,720.0,0.0925,,5387.0,0.85,0.92,-0.02,0.781
Kepler-1138 b,1.7,3.53,1080.0,0.0415,245.904,5582.0,0.92,0.95,0.04,3.95
Kepler-584 b,4.21,16.5,664.0,0.2281,76.339,6195.0,1.24,1.17,0.02,1.22
Kepler-1961 b,1.6187808,3.25,866.0,0.0588,132.98,5401.0,0.777,0.871,-0.16,4.21
Kepler-270 c,1.77,3.78,756.0,0.18,62.241,6067.0,1.461,1.17,0.15,3.75
Kepler-1157 b,1.09,1.32,732.0,0.0448,95.443,4679.0,0.71,0.76,0.05,5.6
Kepler-1746 b,8.93504475,59.1,310.0,0.94082,3.4,6018.0,1.286,1.09,0.06,0.455
K2-243 c,2.01,4.7,801.0,0.1817,,6570.0,1.39,1.29,-0.03,3.18
Kepler-403 d,1.42,2.6,958.0,0.12178,285.295,6209.0,1.45,1.25,0.16,4.99
Kepler-378 b,0.75,0.347,503.0,0.112,17.819,4661.0,0.671,0.78,0.1369,4.52
TOI-216.01,10.1,177.98390792,497.0,0.2069,10.1,5026.0,0.748,0.77,0.32,0.76
HD 102272 b,12.9,1570.0802,,0.51,,4790.0,10.3,1.45,-0.41,4.02
GJ 2056 b,4.17,16.2,,0.283,,4069.95,0.709495,0.62,,1.23
Kepler-256 e,2.35,6.12,897.0,0.096,98.9,5551.0,1.301,1.037,0.26,2.59
Kepler-1408 b,0.89,0.64,1616.0,0.04218,1982.268,6170.0,1.35,1.21,0.0,4.99
BD-13 2130 b,12.5,3108.3774,,1.66,,4545.0,19.17,2.12,-0.08,8.75
Kepler-826 b,1.25,2.1,1305.0,0.05202,827.221,6079.0,1.15,1.05,-0.12,5.91
Kepler-1929 b,3.07250761,9.65,566.0,0.30883,37.2,5786.0,1.471,1.006,-0.02,1.83
Kepler-1284 b,1.21,1.92,1703.0,0.0143,2190.082,5123.0,0.79,0.84,0.03,5.96
Kepler-1587 b,1.33,2.33,981.0,0.08747,254.701,5933.0,1.22,1.08,0.07,5.44
Kepler-482 b,2.36,6.17,352.0,0.25787,4.436,4871.0,0.72,0.75,-0.13,2.58
Kepler-1070 b,1.73,3.64,1101.0,0.06753,380.134,6261.0,1.32,1.21,0.03,3.86
HD 68402 b,12.6,2510.8444153,,2.18,,5950.0,1.02,1.12,0.29,6.9
Kepler-736 b,2.93,8.91,996.0,0.0428,233.031,5217.0,0.81,0.86,0.03,1.95
K2-69 b,2.32,5.99,,0.0591,17.9,4127.0,0.491,0.551,,2.64
Kepler-649 b,2.26,5.73,564.0,0.17522,25.147,5871.0,0.94,0.97,-0.17,2.73
K2-25 b,3.44,24.5,494.0,0.0287,9.91,3207.0,0.2932,0.2634,0.15,3.31
Kepler-1237 b,2.86,8.55,366.0,0.3778,4.042,5472.0,0.9,0.94,0.12,2.01
HD 564 b,12.5,104.88,,1.2,,5902.0,1.01,0.961,-0.2,0.295
Kepler-111 b,1.58,3.12,1356.0,0.046,677.503,5952.0,1.157,1.171,0.22,4.35
Kepler-466 b,2.85,8.5,503.0,0.26769,12.5,5927.0,1.05,1.04,-0.01,2.02
Kepler-1401 b,1.68,3.46,808.0,0.0975,100.91,5964.0,1.1,1.07,0.04,4.01
Kepler-928 b,1.59,3.15,894.0,0.0444,111.11,4700.0,0.7,0.73,-0.11,4.31
Kepler-1361 b,0.86,0.566,1061.0,0.04304,186.069,5131.0,0.79,0.83,0.0,4.89
K2-58 b,2.68,7.65,,0.0692,118.0,5413.0,0.86,0.89,0.11,2.18
TAP 26 b,13.5,527.5978,,0.0968,,4620.0,1.17,1.04,-0.1992,1.18
Kepler-192 d,1.02,1.04,926.0,0.0686,186.076,5487.0,0.94,0.94,0.13,5.39
Kepler-939 b,1.75,3.71,692.0,0.1153,54.19,5471.0,0.85,0.88,-0.12,3.8
Kepler-1873 b,1.62573811,3.28,1787.0,0.0128,2412.15,5151.0,0.792,0.903,0.21,4.19
Kepler-282 e,3.1,56.2,484.0,0.23332,24.114,5656.0,0.89,0.97,-0.2,10.4
Kepler-1357 b,1.28,2.18,1177.0,0.041,449.975,5597.0,0.9,0.93,-0.06,5.71
Kepler-1320 b,1.7,3.53,1389.0,0.0163,672.113,4817.0,0.74,0.8,0.1,3.95
Kepler-1807 b,2.70393215,7.77,1108.0,0.0988,356.24,6455.0,1.496,1.087,-0.36,2.16
Kepler-1845 b,2.43836702,6.52,584.0,0.0885,27.47,4703.0,0.701,0.686,-0.14,2.47
Kepler-90 i,1.32,2.3,709.0,0.1201380843,,6015.0,1.29,1.12,0.098,5.5
HD 194490 b,12.4,3561.90295725,,11.116,,5861.32,1.14911,1.06,0.08,10.3
WASP-148 b,8.47398941,91.21675281,940.0,0.08215,72.699,5555.0,0.912,0.954,0.099,0.831
K2-99 b,11.88151954,276.51071409,1184.0,0.153,357.0,6069.0,2.55,1.44,0.2,0.9
Kepler-992 b,1.62,3.26,510.0,0.13372,15.291,4944.0,0.74,0.8,-0.04,4.21
TOI-2048 b,2.61,7.32,646.0,,29.035,5185.0,0.79,0.83,0.02,2.26
Kepler-1273 b,2.49,6.76,573.0,0.1857,14.877,5566.0,0.91,0.94,0.03,2.41
TOI-3757 b,12.0,85.3,759.0,0.03845,55.4,3913.0,0.62,0.64,0.0,0.27
TOI-375 c,13.4,669.34662514,596.0,0.524,21.07,5259.9,2.9,1.441,0.084,1.53
KOINTREAU-4 b,12.2,4862.7746271,,182.0,,3252.0,,,,14.7
AU Mic d,1.02,1.053,,,,3678.0,0.744,0.51,0.23,5.45
Kepler-1899 b,1.55098292,3.02,851.0,0.0457,124.3,4791.0,0.742,0.759,0.07,4.45
Kepler-613 b,2.29,5.86,713.0,0.1232,66.269,5723.0,0.96,0.98,-0.01,2.68
Kepler-393 b,1.29,2.21,1052.0,0.091,429.813,6189.0,1.382,1.256,0.0322,5.66
Kepler-713 b,2.48,6.71,905.0,0.0748,228.283,5785.0,0.99,0.98,-0.03,2.42
TOI-2570 b,13.64132951,260.61929374,1431.0,0.04145,699.0,5771.0,1.095,1.063,0.191,0.563
K2-150 b,2.0,4.66,,0.0727,4.9,3499.0,0.436,0.457,0.09,3.2
HD 20868 b,13.7,397.2875,,0.95,,4802.0,0.76,0.39,0.05,0.849
TOI-1452 b,1.672,4.82,326.0,0.061,1.8,3185.0,0.275,0.249,-0.07,5.6
K2-212 b,2.65,7.51,542.0,0.0785,21.964,4349.0,0.678,0.622,0.03,2.22
EPIC 228836835 b,1.1,1.37,932.0,,,3782.0,0.32,0.418179,-0.18,5.66
Kepler-183 c,2.27,35.7,857.0,0.103,108.717,5888.0,0.958,0.99,0.11,16.8
Kepler-131 b,2.41,16.13,718.0,0.12789,66.122,5685.0,1.03,1.02,0.12,6.0
Kepler-62 f,1.41,35.0,208.0,0.718,0.5,4925.0,0.64,0.69,-0.37,
Kepler-951 b,5.59,26.7,340.0,0.3091,2.472,4834.0,0.73,0.77,-0.01,0.84
Kepler-1860 b,1.13863767,1.55,697.0,0.10625,56.3,5420.0,0.868,0.874,0.0,5.77
TOI-3693 b,12.59889431,324.18497514,801.0,0.0813,68.6,5321.0,0.791,0.867,0.071,0.89
Kepler-732 b,2.18,5.39,407.0,0.0691,8.559,3631.0,0.46,0.49,-0.01,2.86
WASP-72 b,14.45961,731.009,2210.0,0.03711,6233.7915,6250.0,2.18,2.78,-0.06,0.87
WASP-99 b,11.43318,772.3269,1480.0,0.0717,2005.426,6150.0,1.64,1.21,0.21,2.79
TOI-2200 b,6.96310517,38.7,1147.0,,288.087,5036.17,0.826247,0.85,0.2733,0.63
TOI-2193 A b,19.83989584,298.75870258,1763.0,0.03319,1600.0,5966.0,1.248,1.082,0.027,0.06
TOI-2207 b,11.1529358,203.41018048,1259.0,0.0854,406.0,6101.0,1.564,1.296,0.181,0.8
Kepler-1040 b,2.08,4.98,300.0,0.67249,2.121,5694.0,0.96,0.98,0.01,3.04
Kepler-901 b,1.37,2.45,704.0,0.0378,68.723,4184.0,0.57,0.59,-0.3,5.24
Kepler-597 b,2.37,6.21,743.0,0.10916,76.375,5683.0,0.95,0.97,-0.01,2.56
HD 100655 b,13.5,511.7063,,0.68,,4891.0,10.06,2.28,0.07,1.14
Kepler-203 b,2.57,7.13,1308.0,0.043,668.215,5821.0,1.114,1.06,0.08,2.31
Kepler-520 c,1.07,1.24,1107.0,0.06035,351.69,6112.0,1.09,1.1,-0.03,5.56
HR 8799 e,13.11453,3178.3,1150.0,16.4,,7400.0,1.49338,1.51,-0.5,7.74
Kepler-330 b,1.35,2.39,714.0,0.075,66.578,5117.0,0.722,0.848,0.16,5.34
Kepler-167 c,1.674,3.44,771.0,0.0684,61.175,4884.0,0.749,0.777,0.02,4.03
HD 180902 b,13.5,535.54355,,1.4,,4961.0,4.16,1.41,0.04,1.2
Kepler-1137 b,2.2,5.48,1020.0,0.1871,197.846,6807.0,1.84,1.5,0.05,2.83
Kepler-267 c,2.13,5.18,484.0,0.06,17.583,4258.0,0.555,0.541571,-0.18,2.95
HD 216520 b,3.18,10.26,,0.198,,5103.0,0.76,0.82,-0.16,1.75
TOI-2421 b,10.36830715,105.83685953,1534.0,0.0543,923.6,5607.0,1.75,1.131,0.19,0.52
Kepler-242 b,2.61,7.32,742.0,0.075,43.768,5020.0,0.85,0.748,-0.02,2.26
Kepler-62 d,1.95,14.0,510.0,0.12,17.21,4925.0,0.64,0.69,-0.37,
TOI-4137 b,13.57407563,457.67290608,1570.0,0.05222,1013.0,6202.0,1.438,1.313,0.182,1.01
K2-213 b,1.51398464,2.9,,,,5794.0,1.20424,1.069596,0.25,4.59
DMPP-1 b,4.26,16.8,877.0,0.1423,,6196.0,1.26,1.21,,1.19
DMPP-1 c,3.31,10.94,1239.0,0.0973,,6196.0,1.26,1.21,,1.66
Kepler-1577 b,1.13,1.51,1125.0,0.0657,57.751,4862.0,0.74,0.78,0.0,5.75
Kepler-751 b,2.46,6.62,679.0,0.1263,39.01,5387.0,0.84,0.87,-0.06,2.44
Kepler-606 b,3.31,11.0,683.0,0.17,71.843,6161.0,1.22,1.13,0.01,1.67
Kepler-1575 b,1.31,2.27,1312.0,0.0366,803.679,5667.0,0.92,0.95,-0.07,5.55
HD 207832 b,14.2,177.9848,,0.586,,5726.0,0.89,1.05,0.14,0.342
HD 102956 b,13.8,305.1168,,0.0807,,4985.0,4.55,1.66,0.19,0.638
Kepler-1490 b,3.04,9.48,348.0,0.3729,3.788,5515.0,0.87,0.9,-0.08,1.85
TOI-2364 b,8.60849718,71.51139158,1091.0,0.04871,237.0,5306.0,0.886,0.954,0.344,0.61
Kepler-377 b,1.39,2.51,875.0,0.109,139.112,5949.0,1.224,1.043,0.05,5.14
EPIC 212499991 b,1.6,3.19,,,,4982.79,0.757541,0.912,,4.28
Kepler-227 c,3.04,9.48,443.0,0.29,10.186,5854.0,1.091,0.954,0.1,1.85
Kepler-887 b,1.84,4.04,785.0,0.15431,109.842,6194.0,1.29,1.19,0.08,3.56
GJ 3138 c,1.88,4.18,,0.057,13.9,3717.0,0.5,0.681,-0.3,3.46
TOI-2842 b,12.84549188,117.59651059,1471.0,0.0475,781.8,5910.0,1.265,1.135,0.233,0.304
TOI-2977 b,13.15934334,533.95172376,1544.0,0.03386,947.8,5691.0,1.073,0.936,0.013,1.28
TOI-2583 A b,14.4595851,79.45710175,1456.0,0.0571,750.9,5936.0,1.477,1.215,0.158,0.144
Kepler-1503 b,2.27,5.77,321.0,0.3771,5.636,5069.0,0.74,0.77,-0.19,2.71
Kepler-1781 b,2.38091029,6.26,1003.0,0.0574,239.11,5568.0,0.957,1.053,0.44,2.55
TOI-3023 b,16.43236571,197.05361234,1596.0,0.0505,1084.0,5760.0,1.668,1.12,0.085,0.245
Kepler-198 d,1.53,2.96,1562.0,0.02342,1444.516,5636.0,0.93,0.97,0.04,4.54
TOI-2133 b,2.37,6.21,798.0,0.041,81.1072,4250.0,0.62,0.644,-0.01,2.56
LHS 1903 c,2.046,4.55,559.0,0.05387,16.2,3664.0,0.539,0.538,-0.11,2.91
HIP 948 b,12.1,6547.2651842,,15.037,,4497.0,0.688488,0.71,,20.3
Kepler-1204 b,3.05,9.53,448.0,0.3877,7.021,5825.0,1.03,1.03,0.06,1.85
TOI-2587 A b,12.07207221,69.28659273,1445.0,0.0635,728.0,5760.0,1.726,1.15,0.13,0.216
Kepler-251 e,2.77,8.1,360.0,0.404,3.548,5526.0,0.89,0.891,-0.06,2.09
Kepler-547 b,4.0,15.1,768.0,0.058,87.713,4828.0,0.73,0.78,0.01,1.3
Kepler-1828 b,2.11598626,5.13,799.0,0.0924,96.27,5806.0,0.899,0.996,-0.04,2.98
Kepler-1328 b,0.98,0.904,1214.0,0.052,545.672,5780.0,0.99,1.0,0.0,5.28
Kepler-874 b,3.94,14.7,560.0,0.2234,31.624,6020.0,1.13,1.09,0.03,1.32
Kepler-32 b,2.2,1303.0,514.0,0.05,22.025,3900.0,0.53,0.58,0.0,0.46
Kepler-1150 b,1.02,1.04,1432.0,0.0382,153.741,4754.0,0.72,0.76,0.01,5.39
ZTF J1230-2655 b,13.78704626,7024.0077947,,,,10000.0,0.0123,0.646,,
TOI-3912 b,14.28024141,129.03833324,1512.0,0.0463,872.2,5725.0,1.392,1.088,0.187,0.243
K2-104 b,1.79,3.86,798.0,0.0242,62.1,3712.0,0.48,0.51,0.18,3.7
HD 65216 b,13.6,411.58985,,1.301,,5612.0,0.88,0.874,-0.1685,0.899
HD 65216 c,13.4,645.1949,,5.75,,5612.0,0.88,0.874,-0.1685,1.47
Kepler-1151 b,2.22,5.56,485.0,0.3197,4.86,5470.0,0.85,0.88,-0.11,2.79
TOI-2818 b,15.27784069,225.65816897,1376.0,0.0493,598.0,5721.0,1.229,0.977,-0.02,0.34
HIP 65407 c,13.9,249.17872,,0.316,,5460.0,0.952252,0.93,0.25,0.51
Kepler-124 c,1.75,3.71,560.0,0.1,30.716,4984.0,0.636,0.706,-0.46,3.8
Kepler-999 b,2.34,6.08,1355.0,0.06918,740.173,6237.0,1.65,1.29,0.05,2.61
Oph 11 b,12.3,4449.62,2175.0,243.0,,2375.0,0.232692,0.016,,13.1
K2-11 b,7.55,44.4,734.0,0.2257,9.84,5433.0,5.15,1.35,-0.12,0.567
HD 38283 b,14.0,127.132,,1.02,,5981.0,1.49,1.37,-0.18,0.255
Kepler-518 b,2.11,5.1,839.0,0.07996,133.317,5842.0,0.88,0.96,-0.23,2.98
Kepler-265 d,2.49,6.76,554.0,0.236,18.941,5835.0,1.103,0.97,-0.11,2.41
HD 188015 b,13.6,476.72,,1.203,,5746.0,1.125296,1.09,0.289,1.04
DMPP-1 d,2.02,4.72,1632.0,0.04467,,6196.0,1.26,1.21,,3.15
Kepler-24 e,2.78,26.2118,792.0,0.138,81.506,5897.0,1.289,1.046,-0.0708,0.31
TOI-3807 b,18.49481816,330.54154328,1646.0,0.0421,1230.0,5772.0,1.468,1.181,0.278,0.289
TOI-4463 A b,13.26022417,252.35575516,1395.0,0.04036,633.0,5640.0,1.062,1.056,0.25,0.595
Kepler-797 b,2.17,5.35,605.0,0.181,90.1,5680.0,0.95,0.96,-0.02,2.88
HD 11755 b,12.8,1789.3829,,1.09,,4312.0,20.58,0.72,-0.74,4.69
KOI-351 b,1.31,2.27,1062.0,0.074,316.442,6080.0,1.2,1.2,-0.12,5.55
Kepler-1793 b,3.79037518,13.8,713.0,0.0787,61.24,5191.0,0.764,0.85,-0.06,1.39
Kepler-309 c,2.51,6.85,204.0,0.401,2.142,4713.0,0.721,0.816,0.27,2.38
HD 40307 c,,1868.51320475,696.0,0.0799,,4956.0,0.716684,0.77,-0.31,
HD 7199 b,,3639.13526015,,1.36,,5371.0,0.97,0.77,0.32,
GJ 251 c,1.8,3.88,216.0,0.196,0.404,3342.0,0.36,0.35,0.07,3.66
K2-200 b,1.3643987,2.43,,,,5233.0,0.791736,0.860208,-0.04,5.26
Kepler-922 b,1.42,2.6,1876.0,0.01795,2142.634,5671.0,0.93,0.95,-0.05,4.99
Kepler-1780 b,3.60600667,12.7,340.0,0.4276,3.14,5403.0,0.868,0.868,0.0,1.49
Kepler-509 b,2.49,6.76,584.0,0.23702,28.481,6060.0,1.2,1.1,0.01,2.41
GJ 649 b,10.8,81.99972901,,1.112,,3734.0,0.5,0.51,-0.15,0.358
Kepler-813 b,2.14,5.22,817.0,0.1439,56.04,5743.0,0.93,0.95,-0.13,2.93
HD 222582 b,12.6,2660.2371,,1.34,,5790.0,1.13,1.12,0.01,7.31
Kepler-1551 b,2.66,7.56,722.0,0.1772,60.421,6136.0,1.22,1.14,0.01,2.21
Kepler-1352 b,0.89,0.64,1701.0,0.02883,1892.586,6118.0,1.16,1.11,0.0,4.99
Kepler-1422 b,2.02,4.74,833.0,0.1499,156.9,6194.0,1.23,1.15,0.0,3.16
GJ 849 c,13.8,314.65012293,,4.95,,3467.0,0.45,0.45,0.09,0.658
EPIC 206042996 b,1.7,3.53,,,,4114.0,0.5,0.565,0.006,3.95
HD 49674 b,6.2,31.783,,0.06,,5602.0,1.02,1.03,0.32,0.733
Kepler-26 d,1.07,1.24,652.0,0.039,31.79,4486.0,0.571,0.593,-0.21,5.56
Kepler-229 d,3.85,14.2,439.0,0.22,6.162,5120.0,0.728,0.808,0.06,1.37
Kepler-320 c,1.37,2.45,1002.0,0.142,101.619,6435.0,1.108,1.072,-0.1228,5.24
Kepler-926 b,2.31,5.95,524.0,0.2739,17.883,5806.0,1.01,1.01,0.03,2.65
Kepler-106 e,2.56,11.17,531.0,0.24006,20.294,5858.0,1.04,1.0,-0.12,3.1
Kepler-402 b,1.22,1.98,1311.0,0.051,619.844,6090.0,1.264,1.072,-0.08,5.99
Kepler-1202 b,2.94,8.96,547.0,0.179,23.876,5834.0,1.04,1.03,0.06,1.94
TOI-942 c,4.67,37.0,,0.08598,,4969.0,0.894,0.822,-0.221,
Kepler-1474 b,2.16,5.31,561.0,0.2108,21.392,5870.0,1.04,1.04,0.04,2.9
Kepler-128 c,1.521,3.38,843.0,0.16517,130.979,6072.0,1.659,1.184,-0.03,5.237935
Kepler-1734 b,3.08851092,9.74,985.0,0.0714,222.91,6061.0,0.97,1.05,-0.1,1.82
Kepler-671 b,2.69,7.7,1012.0,0.0503,331.438,5624.0,0.95,0.97,0.08,2.17
Kepler-186 c,1.25,2.1,464.0,0.0451,13.98,3788.0,0.472,0.478,-0.28,5.91
Kepler-339 b,1.42,2.6,1023.0,0.055,159.945,5631.0,0.802,0.87,0.033,4.99
TOI-942 b,3.89,16.0,1120.0,0.04866,261.858,4969.0,0.894,0.822,-0.221,
HD 80883 b,12.8,1748.0562385,,6.462,,5177.91,0.814842,0.88,-0.2638,4.58
Kepler-777 b,1.47,2.76,569.0,0.0519,33.953,4043.0,0.56,0.58,-0.17,4.77
Kepler-83 c,2.36,2.03,362.0,0.11796,5.9,4082.0,0.61,0.66,-0.2,0.38
CoRoT-27 b,11.287,3302.11,1500.0,0.0476,,5900.0,1.08,1.05,-0.1,12.6
Kepler-1206 b,1.64,3.33,1314.0,0.0201,588.021,4877.0,0.75,0.8,0.07,4.15
HD 125595 b,,3531.07360177,,0.08,,4691.0,0.74,0.29,0.08,
HD 179079 b,,4195.3349724,,0.1214,,5646.0,1.63,1.14,0.24,
Kepler-1602 b,1.34,2.36,1159.0,0.09744,124.507,6296.0,1.36,1.22,0.02,5.39
OGLE-TR-56 b,15.278,441.77,2212.0,0.02383,,6050.0,1.363,1.228,0.25,0.68
K2-169 b,1.27328671,2.16,,,,5548.0,0.919053,0.986144,0.26,5.75
Kepler-370 b,1.59,3.15,1040.0,0.054,361.514,5852.0,0.9,0.982,0.1323,4.31
Kepler-1762 b,2.76022913,8.05,714.0,0.204,61.49,6572.0,1.238,1.298,0.07,2.1
Kepler-511 c,4.20964327,16.5,742.0,0.17177,101.6,5866.0,1.417,0.958,-0.2,1.22
KOI-1843.03,0.61,8.0,1654.0,0.005,,3584.0,0.45,0.46,0.0,
K2-416 b,2.66,1652.7077164,447.0,0.088,,3746.0,0.554,0.548,,
TOI-4791 b,12.44196858,734.18362017,1472.0,0.0555,783.2,6058.0,1.409,1.242,0.207,2.09
Kepler-369 b,1.13,1.51,687.0,0.03,40.295,3591.0,0.471,0.5,-0.09,5.75
Kepler-778 b,1.68,3.46,977.0,0.0453,216.568,5102.0,0.77,0.81,-0.09,4.01
tau Cet g,1.18,1.75,,0.133,,5310.0,0.83,0.783,-0.52,5.85
tau Cet h,1.19,1.83,,0.243,,5310.0,0.83,0.783,-0.52,5.97
tau Cet f,1.81,3.93,,1.334,,5310.0,0.83,0.783,-0.52,3.64
WASP-80 b,11.197791,170.99254,825.0,0.0344,72.442,4143.0,0.586,0.577,-0.13,0.717
Kepler-878 b,1.93,4.38,501.0,0.165,27.009,5044.0,0.77,0.81,-0.03,3.35
K2-72 e,1.29,2.21,,0.106,1.2,3360.47,0.330989,0.271365,,5.66
HD 25171 b,13.9,290.81445,,2.971,,6125.0,1.23,1.076,-0.12,0.595
TOI-6707 b,5.72673066,27.8,1509.43,,1226.7862,6289.49,1.58202,1.14,-0.0801,0.813
HD 155918 c,12.8,1878.04805696,,13.183,,5771.84,1.01906,1.03,-0.6616,4.92
Kepler-1508 b,1.33,2.33,967.0,0.1629,116.145,6158.0,1.22,1.14,0.01,5.44
Kepler-156 b,2.3,5.9,867.0,0.054,135.077,5094.0,0.807,0.864,0.2535,2.66
HD 15906 b,2.24,5.65,668.0,0.09,33.14,4757.0,0.762,0.79,0.02,2.76
Kepler-1356 b,1.53,2.96,1714.0,0.0136,1966.057,5106.0,0.78,0.82,-0.02,4.54
Kepler-1012 b,1.29,2.21,934.0,0.06066,191.811,5556.0,0.91,0.95,0.05,5.66
Kepler-154 f,1.5,2.86,838.0,0.08832,139.884,5769.0,0.98,0.98,-0.04,4.66
Kepler-1234 b,2.81,8.3,625.0,0.096,40.12,4967.0,0.76,0.8,0.01,2.06
HD 34445 e,4.26,16.8,,0.2687,,5836.0,1.38,1.07,0.14,1.19
Kepler-384 c,1.13,1.51,531.0,0.236,40.099,5577.0,0.882,0.882,-0.29,5.75
Kepler-1153 b,1.73,3.64,1343.0,0.0277,761.808,5470.0,0.88,0.91,0.03,3.86
TOI-778 b,15.4,878.0,1561.0,0.06,734.672,6643.0,1.71,1.4,0.0,1.3
Kepler-1271 b,1.48,2.79,1484.0,0.04233,975.181,6143.0,1.23,1.13,-0.01,4.73
Kepler-182 c,3.43,11.6,729.0,0.157,88.852,6250.0,1.146,1.114,0.072,1.58
HIP 48714 b,5.11,22.9,,0.112,,4015.5,0.595456,0.58,,0.943
HATS-23 b,20.84874,467.2101,1654.0,0.03397,994.8004,5780.0,1.199,1.121,0.28,0.29
K2-152 b,2.29,5.86,337.0,0.1716,2.9,4044.0,0.61,0.63,0.12,2.68
Kepler-1626 b,2.02,4.74,1352.0,0.0537,1328.654,6826.0,1.85,1.51,0.04,3.16
HD 97048 b,13.3,794.575,,130.0,,10000.0,2.25,2.4,,1.86
HD 4308 b,4.12,15.8915,,0.12,,5686.0,1.02,0.93,-0.35,1.25
Kepler-580 b,2.57,7.13,558.0,0.0683,24.063,4298.0,0.64,0.67,-0.06,2.31
HD 217786 c,2.61,7.31005336,,0.038,,5966.0,1.27,1.14,-0.135,2.26
Kepler-219 b,2.95,9.01,1307.0,0.057,456.732,5786.0,1.491,1.164,0.36,1.93
Kepler-1941 b,2.64976949,7.51,666.0,0.2054,46.53,6404.0,1.142,1.175,-0.06,2.22
K2-254 b,1.63,3.29,791.0,0.0448,,4629.0,0.67,0.71,-0.14,4.17
Kepler-294 b,1.77,3.78,1087.0,0.048,329.801,5913.0,0.976,0.947,0.11,3.75
Kepler-296 b,1.61,3.22,495.0,0.079,6.5,3740.0,0.48,0.498,-0.08,3.0
HD 64114 b,4.41,17.8,,0.246,,5676.0,0.882858,0.95,,1.14
Kepler-1947 b,1.0101666,1.01,1298.0,0.07375,229.4,6040.0,1.686,0.984,-0.44,5.38
HD 108236 c,2.071,4.94,932.0,0.062,162.1675,5660.0,0.877,0.869,-0.28,3.06
HD 151450 b,6.94,38.45723725,,0.16,,6091.98,1.17184,1.14,,0.632
Kepler-546 b,7.0,39.1,1258.0,0.0502,690.13,5967.0,1.15,1.11,0.14,0.626
K2-6 b,2.5,6.8,615.0,0.1898,28.6,5850.0,0.96,0.97,-0.14,2.39
Kepler-497 b,6.04,30.4,1210.0,0.0457,1129.272,5834.0,1.11,1.09,0.24,0.758
Kepler-971 b,2.13,5.18,1087.0,0.08679,82.766,5431.0,0.85,0.88,-0.06,2.95
Kepler-452 b,1.63,3.29,265.0,1.046,1.1,5757.0,1.11,1.037,0.21,4.17
Kepler-553 b,4.74139884,116.00736855,1089.0,0.04766,235.0,5191.0,0.902,0.889,0.152,
Kepler-1791 b,3.12103321,9.91,1021.0,0.0761,257.14,5887.0,1.177,0.985,-0.06,1.79
Kepler-399 d,1.89,4.23,486.0,0.261,5.57,5502.0,0.68,0.902,0.14,3.44
Kepler-1355 b,1.46,2.73,1448.0,0.0224,944.873,5352.0,0.83,0.88,-0.04,4.82
Kepler-83 b,2.83,2.94,460.0,0.07295,15.412,4082.0,0.61,0.66,-0.2,0.83
Kepler-1827 b,1.85644292,4.1,1329.0,0.04647,1113.4,5423.0,1.404,0.915,0.08,3.52
Kepler-1886 b,2.58158428,7.18,580.0,0.16,26.68,5745.0,0.837,0.928,-0.2,2.29
Kepler-1467 b,3.3,10.9,411.0,0.2388,7.917,5332.0,0.82,0.86,-0.07,1.67
Kepler-204 b,2.53,6.94,828.0,0.117,79.703,5812.0,1.238,1.038,0.07,2.35
HIP 5158 b,13.6,451.0,,0.89,,4962.0,0.75,0.78,0.1,0.985
Kepler-1311 c,1.22,1.98,1671.0,0.03753,2144.553,5748.0,1.4,1.05,0.09,5.99
Kepler-366 c,1.79,3.86,848.0,0.11,286.6,6209.0,1.048,1.088,-0.06,3.7
HD 136118 b,12.3,4164.18778851,,2.327,,6097.0,1.67754,1.18,-0.05,12.3
Kepler-283 b,2.13,5.18,488.0,0.082,16.26,4351.0,0.566,0.596,-0.17,2.95
GJ 357 b,1.2,1.84,518.0,0.036,12.6,3505.0,0.337,0.342,-0.12,5.6
Kepler-185 c,2.02,4.74,530.0,0.139,16.029,5208.0,0.806,0.763,-0.14,3.16
Kepler-1285 b,0.97,0.871,874.0,0.12758,181.591,6170.0,1.28,1.2,0.16,5.24
TOI-470 b,4.34,17.4,660.0,0.119,44.7551,5190.0,0.831,0.87,0.1,1.17
Kepler-1003 b,1.78,3.82,1157.0,0.04333,814.925,6109.0,1.17,1.11,0.01,3.72
Kepler-213 b,1.62,3.26,1326.0,0.036,833.469,5696.0,1.195,1.07,0.15,4.21
Kepler-112 b,2.36,6.17,809.0,0.076,123.818,5544.0,0.841,0.782,-0.5221,2.58
TOI-7333 b,2.09469416,5.04,755.0,,53.9635,4586.87,0.666066,0.721,,3.01
Kepler-1038 c,1.4162338,2.59,784.0,0.0692,89.24,5159.0,0.821,0.868,0.16,5.01
HD 109271 c,5.27,24.154,,0.196,,5783.0,1.294595,1.047,0.1,0.907
Kepler-26 e,2.41,6.39,276.0,0.22,1.753,4486.0,0.571,0.593,-0.21,2.51
Kepler-1731 b,2.93295657,8.92,486.0,0.1399,13.3,4859.0,0.72,0.781,0.0,1.94
TOI-622 b,9.2362001,96.30200732,1388.0,0.0708,602.0,6400.0,1.415,1.313,0.09,0.507
Kepler-169 b,1.13,1.51,962.0,0.04,195.221,4997.0,0.763,0.825,0.17,5.75
Kepler-239 b,2.33,6.04,616.0,0.095,34.746,4914.0,0.763,0.757,0.17,2.62
Kepler-1812 b,2.3249424,6.01,1034.0,0.0765,270.34,6174.0,1.103,1.162,0.1,2.63
Kepler-738 b,2.5,6.8,530.0,0.1552,27.644,5327.0,0.82,0.86,-0.09,2.39
Kepler-1778 b,3.01665969,9.36,942.0,0.0956,186.14,6310.0,1.095,1.143,-0.06,1.87
Kepler-1005 b,1.5,2.86,1026.0,0.06717,301.329,5782.0,1.06,1.0,0.02,4.66
Kepler-617 b,1.32,2.3,750.0,0.0219,100.295,3712.0,0.48,0.51,-0.07,5.5
Kepler-371 c,1.78,3.82,443.0,0.313,17.063,5666.0,0.992,0.876,-0.1975,3.72
Kepler-211 b,1.26,2.13,954.0,0.048,158.188,5123.0,0.816,0.867,0.151,5.85
HD 25912 b,6.9,38.13940884,,0.242,,5920.58,0.995896,1.08,0.12,0.638
TOI-4010 b,3.02,11.0,1441.0,0.0229,714.0,4960.0,0.83,0.88,0.37,2.2
TOI-2641 b,18.10250383,122.6817651,1387.0,0.0607,602.0,6100.0,1.336,1.16,-0.15,0.092
HD 284149 AB b,12.0,8352.53053596,2395.0,431.16,,6035.0,1.36,1.13,,26.6
Kepler-925 b,2.34,6.08,394.0,0.1805,5.833,4673.0,0.72,0.77,0.12,2.61
Kepler-54 c,1.23,0.7,395.0,0.0809,3.07,3705.0,0.5,0.51,-0.27,2.376368
HD 210193 b,14.3,153.1,,1.487,,5790.0,1.05971,1.04,0.13,0.288
TOI-1235 b,1.69,6.69,775.0,0.03845,60.3,3997.0,0.619,0.63,0.33,7.25
TOI-4010 e,13.3,692.0,174.0,1.57,0.15,4960.0,0.83,0.88,0.37,1.62
Kepler-801 b,2.0,4.66,419.0,0.0795,14.442,4435.0,0.63,0.67,-0.17,3.2
Kepler-750 c,1.62,3.26,1537.0,0.05009,778.592,6160.0,1.23,1.15,0.03,4.21
HR 8799 b,13.0,2000.0,1200.0,68.0,,7204.58,1.49338,1.5,-0.47,5.0
LHS 3844 b,1.286,2.37,816.0,0.00624,73.67,3080.0,0.189,0.151,0.22,6.15
Kepler-117 b,8.059,29.875,984.0,0.1445,157.541,6150.0,1.606,1.129,-0.04,0.3
Kepler-1724 b,2.83677238,8.43,999.0,0.0683,234.98,6092.0,0.943,1.016,-0.22,2.03
GJ 180 d,2.66,7.56,,0.309,,3371.0,0.413049,0.43,,2.21
Kepler-34 b,8.564,69.92,,1.0896,,5913.0,1.1618,1.0479,-0.07,0.613
MOA-2011-BLG-291L b,4.43,18.0,,0.69,,,,0.15,,1.14
OGLE-2019-BLG-0468L b,13.1,1090.15143601,,3.29,,,,0.92,,2.66
OGLE-2019-BLG-0960L b,1.39,2.5,,1.9,,,,0.5,,5.12
KMT-2024-BLG-0404L c,4.33,17.3,,,,,,0.09,,1.17
OGLE-2017-BLG-1375L b,12.4,3585.0,,3.04,,,,0.81,,10.3
Kepler-126 c,1.58,1.27942148,790.0,0.162,112.128,6239.0,1.358,1.108,-0.16,1.695536
Kepler-1455 b,2.16,5.31,298.0,0.2149,1.533,4075.0,0.6,0.62,-0.02,2.9
Kepler-998 b,2.32,5.99,1020.0,0.0626,409.917,6058.0,1.18,1.12,0.07,2.64
eps CrB b,12.7,2129.461,,1.3,,4406.0,21.0,1.7,-0.094,5.71
GJ 685 b,2.95,9.0,,0.1344,,3816.0,0.54,0.55,-0.15,1.93
TOI-4010 c,5.93,20.31,907.0,0.058,112.0,4960.0,0.83,0.88,0.37,0.5
Kepler-733 b,2.82,8.35,595.0,0.1483,24.507,5418.0,0.86,0.9,0.01,2.05
KMT-2017-BLG-1057L b,5.19,23.5,,2.36,,,,0.57,,0.924
Kepler-1451 b,3.35,11.2,523.0,0.2101,18.751,5782.0,0.99,1.0,0.01,1.64
Kepler-108 c,8.18,50.9,426.0,0.721,7.8,5854.0,2.192,1.247,0.3261,0.511
KMT-2019-BLG-1339L b,13.7,397.0,,2.15,,,,0.48,,0.848
Kepler-397 b,2.46,6.62,539.0,0.144,20.01,5307.0,0.767,0.844,-0.24,2.44
OGLE-2003-BLG-235L b,13.2,830.0,,4.3,,,,0.63,,1.98
OGLE-2012-BLG-0358L b,13.4,588.0,,0.87,,,,0.022,,1.34
OGLE-2015-BLG-1609L b,10.4,76.27881768,,,,,,0.17,,0.373
KMT-2021-BLG-1077L c,10.6,79.45710175,,0.93,,,,0.14,,0.367
HD 11964 b,14.1,198.0,,3.16,,5303.0,2.00971,0.91,0.1,0.388
HD 132406 b,12.8,1887.90073758,,1.98,,5766.0,1.34,0.973,0.1293,4.95
DMPP-3 A b,1.44,2.67,854.0,0.05958,,5138.0,0.91,0.9,0.18,4.91
DMPP-2 b,14.2,171.48,1000.0,0.06638,,6500.0,1.78,1.41,,0.329
Kepler-52 d,1.95,88.8775,332.0,0.182,2.945,4263.0,0.556,0.577,0.0,18.0
Kepler-756 b,1.12,1.46,1741.0,0.0219,2174.33,5282.0,0.79,0.82,-0.19,5.71
Kepler-1286 b,2.15,5.27,888.0,0.0991,151.77,5753.0,0.98,1.0,0.03,2.91
OGLE-2019-BLG-1492L b,6.79,37.1,,2.7,,,,0.68,,0.651
Kepler-132 c,1.28,2.18,1069.0,0.068,271.0,6003.0,1.178,0.929,-0.2159,5.71
OGLE-2016-BLG-0263L b,13.0,1300.0,,5.4,,,,0.13,,3.25
OGLE-2017-BLG-0364L b,10.3,75.8,,3.79,,,,0.49,,0.381
UKIRT-2017-BLG-001L b,13.7,407.0,,4.18,,,,0.81,,0.87
OGLE-2018-BLG-1126L b,4.41,17.79839079,,3.23,,,,0.69,,1.14
KMT-2019-BLG-0298L b,13.4,575.26941667,,5.67,,,,0.7,,1.31
Kepler-1430 b,1.18,1.76,969.0,0.0304,208.54,4796.0,0.72,0.77,-0.03,5.89
Kepler-924 b,3.07,9.64,610.0,0.31318,19.997,6167.0,1.23,1.14,0.01,1.83
K2-73 b,2.58,9.2,968.0,0.07619,209.0,5867.0,1.058,1.02,0.04,2.8
pi Men c,2.0189,3.63,1169.8,0.06839,309.0,5998.0,1.17,1.07,0.09,2.8
HIP 38594 b,2.77,8.1,,0.256,,4086.3,0.626646,0.61,,2.09
Kepler-1903 b,2.28642395,5.85,769.0,0.1321,82.56,6347.0,0.996,1.053,-0.34,2.69
Kepler-1453 b,2.67,7.61,503.0,0.262,11.889,5665.0,0.94,0.97,0.01,2.2
G 264-012 c,1.76,3.75,387.0,0.0525,3.87,3326.0,0.305,0.297,0.1,3.78
HD 128311 b,13.5,562.24127,,1.084,,4965.0,0.76,0.828,0.08,1.26
MOA-2016-BLG-526L b,3.97,14.93793513,,2.07,,,,0.37,,1.31
OGLE-2018-BLG-1269L b,14.1,210.0,,4.51,,,,1.11,,0.412
KMT-2018-BLG-0087L b,10.1,73.10053361,,0.87,,,,0.1,,0.39
Kepler-535 b,2.36,6.17,1247.0,0.06011,601.891,6123.0,1.27,1.18,0.13,2.58
OGLE-2007-BLG-368L b,4.72,20.0,,2.8,,,,0.64,,1.05
OGLE-2018-BLG-0799L b,10.9,82.63538582,,1.28,,,,0.093,,0.351
MOA-2010-BLG-328L b,2.99,9.2,,0.92,,,,0.11,,1.89
MOA-2012-BLG-006L b,12.6,2700.0,,10.2,,,,0.49,,7.42
OGLE-2018-BLG-1011L b,13.5,570.0,,1.8,,,,0.18,,1.27
KMT-2018-BLG-0748L b,9.01,60.0,,0.62,,,,0.087,,0.451
Kepler-1763 b,1.14651332,1.59,1822.0,0.0257,2597.27,5897.0,1.259,1.026,0.02,5.8
BD+20 594 b,2.57807,22.2481,546.0,0.241,,5766.0,1.08,1.67,-0.15,7.89
HD 147873 b,12.8,1633.6462,,0.522,,5972.0,2.29,1.38,0.03,4.28
Kepler-1061 b,1.98,4.58,1332.0,0.0388,788.501,6067.0,1.07,1.09,-0.03,3.24
Kepler-1539 b,2.7,7.75,301.0,0.4765,1.572,5176.0,0.8,0.84,-0.01,2.16
GJ 3942 b,2.57,7.14,590.0,0.0608,,3867.0,0.61,0.63,-0.04,2.31
Kepler-235 d,2.05,4.86,401.0,0.122,4.03,4255.0,0.554,0.581,-0.51,3.1
OGLE-2017-BLG-1806L b,2.15,5.27,,1.75,,,,0.38,,2.91
Kepler-1530 d,3.27870115,10.8,972.0,0.08276,69.2,5678.0,1.303,1.015,0.2,1.68
Kepler-661 b,3.07,9.64,678.0,0.0585,45.528,4483.0,0.67,0.7,-0.05,1.83
MOA-2011-BLG-028L b,5.99,30.0,,4.14,,,,0.75,,0.767
MOA-2013-BLG-605L b,1.62,3.24,,0.93,,,,0.024,,4.19
OGLE-2012-BLG-0406L b,13.2,868.0,,3.45,,,,0.44,,2.07
Kepler-1076 b,0.8,0.437,770.0,0.0611,83.18,4868.0,0.74,0.79,-0.01,4.69
OGLE-2018-BLG-0383L b,2.41,6.4,,1.8,,,,0.1,,2.51
Kepler-1258 b,0.86,0.566,2335.0,0.01824,2775.0,5839.0,0.99,0.99,-0.07,4.89
Kepler-87 c,6.14,6.4,403.0,0.676,4.656,5600.0,1.82,1.1,-0.17,0.152
HD 147018 c,12.7,2080.0,,1.922,,5441.0,0.937948,0.927,0.1,5.58
Kepler-1896 b,3.09935997,9.8,536.0,0.2529,19.5,6122.0,0.996,1.07,-0.1,1.81
Kepler-1681 b,2.55321772,7.05,442.0,0.32,5.33,5756.4,0.759,0.893,0.1064,2.33
GJ 2126 b,13.6,413.1769291,,0.71,,4159.0,0.728,0.65,0.6,0.903
HD 1605 b,13.8,296.85322,,1.492,,4915.0,3.49,1.33,0.22,0.621
Kepler-1171 b,2.56,7.08,2700.0,0.0284,10171.005,7044.0,1.95,1.58,-0.01,2.32
Kepler-336 d,2.37,6.21,749.0,0.154,74.36,5867.0,1.304,1.09,0.337,2.56
CoRoT-16 b,13.11,170.032,,0.0618,,5650.0,1.19,1.098,0.19,0.44
KMT-2018-BLG-0030L b,13.6,460.85119015,,4.39,,,,0.51,,1.01
KMT-2022-BLG-1013L b,12.1,98.52680617,,1.38,,,,0.18,,0.306
alf Tau b,12.7,2056.3601,,1.46,,4055.0,45.1,1.13,-0.27,5.52
Kepler-1031 b,0.87,0.59,2024.0,0.0218,3973.86,6011.0,1.12,1.09,0.03,4.92
mu Leo b,13.3,762.8,,1.1,,4538.2,11.4,1.5,0.36,1.78
HD 60292 b,12.7,2065.895,,1.5,,4348.0,27.0,1.7,-0.17,5.54
HD 39194 c,2.65,7.49,,0.1083,,5205.0,0.783742,0.86,-0.61,2.21
Kepler-1533 b,3.46,11.8,330.0,0.93416,4.786,6431.0,1.51,1.31,0.03,1.57
TOI-2373 b,10.42435205,2955.8041851,860.0,0.112,69.8726,5651.0,1.102,1.041,0.3,14.4
Kepler-61 b,2.15,5.27,273.0,0.24861,1.69,4017.0,0.62,0.635,0.03,2.91
Kepler-120 c,1.53,2.96,455.0,0.088,16.625,4096.0,0.534,0.654,-0.12,4.54
Kepler-1403 b,2.14,5.22,1238.0,0.064,699.644,6060.0,1.15,1.11,0.03,2.93
TOI-1994 b,13.67495645,7024.0077947,2290.0,0.0613,1910.26,7700.0,2.3,1.86,-0.01,15.0
TOI-2524 b,11.2089807,203.41018048,1100.0,0.073,210.609,5831.0,1.119,1.007,0.06,0.79
KMT-2022-BLG-1790L b,13.5,549.84314411,,5.25,,,,0.58,,1.23
HD 108874 c,13.8,314.64,,2.659,,5551.0,1.05,0.95,0.19,0.658
HD 41004 A b,13.2,807.25,,,,5310.0,0.85,0.95,0.23,1.93
Kepler-118 c,7.68,45.7,564.0,0.141,21.409,5274.0,1.094,0.811,0.18,0.554
Kepler-822 b,1.77,3.78,1239.0,0.04078,535.188,5928.0,1.08,1.06,0.04,3.75
Kepler-608 b,3.64,12.9,1069.0,0.0685,270.162,5820.0,1.01,1.0,-0.02,1.47
HD 181720 b,14.0,127.132,,1.85,,5736.0,1.5,1.03,-0.62,0.255
Kepler-388 c,0.86,0.566,515.0,0.093,16.64,4498.0,0.586,0.635,0.0,4.89
Kepler-900 b,2.08,4.98,716.0,0.0679,54.109,4836.0,0.73,0.78,-0.01,3.04
Kepler-666 b,2.4,6.35,1133.0,0.0542,575.644,5887.0,1.05,1.03,0.01,2.52
HIP 91258 b,13.7,346.4347,,0.06,,5519.0,0.89,0.97,0.23,0.74
K2-22 b,2.3,444.962,2100.0,0.009,114.0,3879.0,0.58,0.595292,0.032,
Kepler-1606 b,2.07,4.94,324.0,0.6421,1.29,5422.0,0.86,0.9,0.01,3.06
HD 4917 b,13.5,513.29545,,1.167,,4802.0,5.01,1.32,0.18,1.15
MOA-2012-BLG-505L b,2.48,6.7,,0.9,,,,0.1,,2.41
KMT-2019-BLG-1715L b,13.2,813.64072192,,3.32,,,,0.61,,1.94
KMT-2021-BLG-2609L b,3.17,10.17050902,,2.3,,,,0.2,,1.75
Kepler-1946 b,2.48812698,6.75,1143.0,0.0394,403.53,5505.0,0.873,0.887,-0.04,2.41
HD 142022 A b,12.9,1433.40611557,,2.93,,5421.0,1.04,0.9,0.19,3.67
2MASS J03590986+2009361 b,12.2,5720.911326,2369.0,572.0,,2943.0,0.289776,0.264996,,17.3
GJ 896 A b,13.3,718.29219982,,0.63965,,3345.0,0.394682,0.43599,,1.68
Kepler-1461 b,2.03,4.78,451.0,0.1715,8.88,4919.0,0.74,0.79,-0.04,3.14
HD 168009 b,3.05,9.53485221,,0.1192,,5778.33,1.209505,0.986073,0.0183,1.85
Kepler-361 c,2.52,6.9,568.0,0.3,33.948,6169.0,1.343,1.191,0.04,2.37
HD 98736 b,13.3,740.5439,,1.864,,5271.0,0.93,0.92,0.36,1.73
HD 34445 b,13.9,260.6206,,2.07,,5879.0,1.38,1.14,0.18,0.533
KMT-2021-BLG-0322L b,12.7,2034.1018048,,,,,,0.62,,5.46
OGLE-2014-BLG-0221L b,12.9,1382.55357045,,3.76,,,,0.69,,3.54
KMT-2016-BLG-2142L b,12.2,4923.0,,0.83,,,,0.073,,14.9
KMT-2024-BLG-1044L b,2.7,7.75,,,,,,0.069,,2.16
Kepler-340 b,2.53,6.94,1092.0,0.134,274.318,6620.0,1.85,1.65,0.06,2.35
BD+48 738 b,13.9,289.2253,,1.0,,4414.0,11.0,0.74,-0.2,0.592
Kepler-1307 b,2.47,6.66,768.0,0.1369,41.185,5884.0,1.08,1.06,0.06,2.43
Kepler-326 c,1.4,17.4,889.0,0.051,303.62,5105.0,0.801,0.91,0.2385,34.8
WASP-5 b,12.184,502.15,1706.0,0.0267,1559.4762,5700.0,1.029,0.96,0.09,1.64
HD 48265 b,12.6,2351.9302118,,1.814,,5733.0,1.901,1.312,0.3,6.46
WASP-100 b,14.90797,400.4658,2190.0,0.04574,5502.8822,6900.0,1.57,0.77,-0.03,0.53
OGLE-2014-BLG-0319L b,14.1,181.16219199,,3.49,,,,0.52,,0.355
KMT-2019-BLG-0371L b,12.6,2447.2787339,,0.79,,,,0.09,,6.72
Kepler-132 b,1.21,1.92,1082.0,0.067,284.8,6003.0,1.178,0.929,-0.2159,5.96
OGLE-2017-BLG-1237L b,13.0,1207.7479466,,2.53,,,,0.46,,3.02
MOA-bin-29 b,14.1,190.0,,0.48,,,,0.03,,0.372
2MASS J21252752-8138278 b,12.4,3813.940884,1616.0,7493.0,,3592.0,0.672832,0.643977,,11.0
Kepler-707 b,1.33,2.33,1160.0,0.0325,336.673,5099.0,0.76,0.8,-0.12,5.44
Kepler-262 b,1.36,2.42,734.0,0.108,50.169,5841.0,0.881,0.816,-0.3382,5.29
Kepler-265 c,2.63,7.41,755.0,0.127,65.359,5835.0,1.103,0.97,-0.11,2.24
HD 18143 b,3.28,10.80616584,,0.088,,5078.0,0.87,0.85,0.28,1.68
Kepler-1572 b,0.94,0.779,1293.0,0.05838,583.523,5618.0,0.95,0.97,0.08,5.15
Kepler-352 c,1.24,2.07,591.0,0.118,26.373,5212.0,0.781,0.798,-0.11,5.97
Kepler-278 c,3.268,34.9,492.0,0.287,54.3,4965.0,2.861,1.227,0.22,5.5
WASP-157 b,11.19,182.43442,1193.0,0.0499,,5772.0,1.1,1.06,0.25,0.64
KMT-2023-BLG-0469L b,7.04,39.41072247,,2.31,,,,0.47,,0.621
KMT-2016-BLG-2364L b,13.0,1250.0,,2.63,,,,0.5,,3.13
KMT-2018-BLG-1988L b,2.22,5.56,,3.09,,,,0.47,,2.79
Kepler-400 c,1.49,2.83,755.0,0.134,76.86,5886.0,1.145,1.08,0.0844,4.7
Kepler-1683 b,1.87477762,4.17,669.0,0.1182,47.32,5429.0,0.900327,0.95,0.16,3.48
Kepler-1634 b,3.19,10.3,282.0,1.0525,0.544,5474.0,0.89,0.92,0.02,1.74
Kepler-122 b,2.34,6.08,1159.0,0.064,448.102,6050.0,1.216,0.982,-0.08,2.61
BD+60 1417 b,14.68376472,4767.426105,1303.0,1662.0,,4993.0,0.797,1.0,,8.27
Kepler-271 d,0.66,0.219,954.0,0.05554,189.343,5555.0,0.87,0.9,-0.13,4.19
OGLE-2017-BLG-1275L b,12.8,1875.1876013,,2.09,,,,0.63,,4.91
GJ 273 c,1.06,1.18,,0.036467,6.66,3382.0,0.293,0.29,0.09,5.44
KMT-2021-BLG-0748L b,14.3,143.02278315,,2.43,,,,0.36,,0.269
Kepler-446 c,1.11,1.41,520.0,0.0283,6.705,3359.0,0.24,0.22,-0.3,5.67
KMT-2023-BLG-1642L b,13.8,343.25467956,,1.41,,,,0.17,,0.718
MOA-2010-BLG-117L b,14.2,170.0,,2.42,,,,0.58,,0.326
HD 22532 b,13.4,673.79622284,,1.9,,5038.0,5.69,1.57,-0.19,1.54
Kepler-235 c,1.28,2.18,555.0,0.065,14.2,4255.0,0.554,0.581,-0.51,5.71
HD 2039 b,12.7,1999.1507,,2.2,,5945.0,1.19,1.23,0.3,5.36
Kepler-697 b,4.13,16.0,1151.0,0.0471,472.236,5513.0,0.88,0.92,-0.01,1.25
Kepler-99 b,1.48,6.15,810.0,0.05071,108.042,4782.0,0.73,0.79,0.18,10.9
Kepler-1835 b,3.53387773,12.2,808.0,0.0997,100.96,5903.0,0.961,0.922,-0.26,1.52
Kepler-1555 b,1.61,3.22,959.0,0.0805,483.262,5866.0,1.06,1.04,0.03,4.24
Kepler-783 c,2.33153725,6.04,840.0,0.06903,113.3,5411.49,0.872088,0.94,-0.03,2.62
HD 38529 c,12.5,3299.05886466,,3.226,,5697.0,2.857838,0.98,0.51,9.28
KMT-2018-BLG-1990L b,12.9,111.0,,0.763,,,,0.094,,0.284
K2-247 c,2.19,5.43,688.0,0.0615,,4667.0,0.69,0.74,-0.08,2.84
TOI-904 b,2.426,6.46,429.43,0.056,8.3169,3770.2,0.527,0.557,0.022,2.49
TOI-904 c,2.167,5.34,217.26,0.312,0.5449,3770.2,0.527,0.557,0.022,2.88
OGLE-2014-BLG-1722L b,8.59,55.3,,1.5,,,,0.4,,0.479
KMT-2016-BLG-1820L b,12.9,1450.0,,1.08,,,,0.039,,3.71
PSR B1620-26 b,13.3,794.575,,23.0,,,,1.35,,1.86
OGLE-2007-BLG-349L AB c,10.7,80.0,,2.59,,,,0.41,,0.359
Kepler-1851 b,3.90012032,14.5,776.0,0.1016,85.78,5982.0,0.879,0.967,-0.28,1.34
Kepler-1104 b,1.23,2.04,1321.0,0.06321,813.524,6417.0,1.41,1.3,0.13,6.02
Kepler-1901 b,1.47418907,2.77,1132.0,0.0453,389.41,5696.0,0.921,1.022,0.14,4.75
Kepler-860 b,3.24,10.6,1050.0,0.058,233.621,5836.0,1.06,1.04,0.09,1.71
LHS 1140 b,1.73,5.6,226.0,0.0946,0.43,3096.0,0.2159,0.1844,-0.15,5.9
LHS 1140 c,1.272,1.91,422.0,0.027,5.3,3096.0,0.2159,0.1844,-0.15,5.1
Kepler-1604 b,1.41,2.57,2023.0,0.01406,1391.4,4976.0,0.76,0.81,0.02,5.04
Kepler-804 b,1.94,4.42,779.0,0.11287,83.427,5817.0,1.05,1.01,0.0,3.33
HD 39194 d,2.12,5.16,,0.1949,,5205.0,0.783742,0.86,-0.61,2.98
KMT-2021-BLG-1554L b,6.9,38.13940884,,0.72,,,,0.08,,0.638
Kepler-203 d,1.44,33.9,855.0,0.1,121.816,5821.0,1.114,1.06,0.08,62.4
KMT-2021-BLG-1303L b,13.6,120.77479466,,2.89,,,,0.57,,0.264
Kepler-1221 b,1.88,4.19,632.0,0.0906,37.81,5194.0,0.82,0.87,0.09,3.47
Kepler-920 c,3.8,13.8,364.0,0.4029,3.986,5403.0,0.85,0.89,0.0,1.38
Kepler-750 b,3.07,9.64,1163.0,0.08742,255.74,6160.0,1.23,1.15,0.03,1.83
Kepler-955 b,3.13,9.96,664.0,0.1083,33.091,5350.0,0.84,0.89,0.02,1.78
TOI-2529 b,11.54525012,743.71847238,636.0,0.327,70.9731,5802.0,1.7,1.11,0.1,2.66
Kepler-1943 b,1.54869189,3.02,1098.0,0.05975,724.2,6032.0,0.973,1.055,-0.06,4.47
KMT-2021-BLG-1770L b,12.1,6674.396547,,0.9,,,,0.13,,20.7
OGLE-2011-BLG-0265L b,13.9,280.0,,1.89,,,,0.211,,0.573
OGLE-2018-BLG-0740L b,12.9,1500.0,,5.0,,5912.0,,1.0,-0.24,3.84
KMT-2017-BLG-2509L b,13.4,664.26137063,,2.14,,,,0.46,,1.52
Kepler-651 b,2.37,6.21,574.0,0.14078,27.223,5522.0,0.87,0.92,-0.04,2.56
OGLE-2018-BLG-0932L b,13.9,282.86728223,,1.75,,,,0.72,,0.579
OGLE-2014-BLG-0124L b,14.1,206.58846455,,3.48,,,,0.9,,0.405
HD 331093 b,13.6,476.7426105,,1.44,,5544.0,1.1112,1.03,0.17,1.04
Kepler-1879 b,2.06512018,4.92,987.0,0.0957,242.6,5865.0,1.388,1.023,0.0,3.07
TOI-815 b,2.94,7.6,686.0,0.0903,36.9,4869.0,0.77,0.776,-0.09,1.64
OGLE-TR-182 b,12.666,320.995,1550.0,0.051,,5924.0,1.14,1.14,0.37,0.41
Kepler-364 c,2.15,5.27,568.0,0.312,22.234,6108.0,1.284,1.076,-0.031,2.91
Kepler-828 b,1.51,2.89,1848.0,0.01228,1835.159,5039.0,0.77,0.81,-0.02,4.61
Kepler-229 b,2.2,5.48,823.0,0.062,76.217,5120.0,0.728,0.808,0.06,2.83
Kepler-1689 b,0.94678642,0.799,879.0,0.0784,149.3,5731.43,0.996208,1.023,-0.1455,5.17
OGLE-2018-BLG-0567L b,12.3,101.70509024,,2.72,,,,0.25,,0.3
OGLE-2019-BLG-1053L b,1.38,2.48,,3.4,,,,0.61,,5.19
Kepler-29 b,2.55,5.0,777.0,0.08482,55.9,5378.0,0.732,0.761,-0.44,1.65
OGLE-2019-BLG-0468L c,12.5,3248.20631954,,2.77,,,,0.92,,9.14
KMT-2021-BLG-1898L b,14.0,232.01473711,,1.9,,,,0.48,,0.465
KMT-2024-BLG-0404L b,11.9,8657.64580668,,0.85,,,,0.09,,28.2
KMT-2019-BLG-1042L b,9.05,60.38739733,,1.7,,,,0.3,,0.448
MOA-2016-BLG-227L b,13.2,890.0,,1.39,,,,0.29,,2.13
HD 179949 b,13.9,291.12,,0.0443,,6168.0,1.266865,1.21,0.137,0.596
Kepler-629 b,1.38,2.48,816.0,0.07107,103.147,5444.0,0.84,0.93,0.01,5.19
Kepler-1384 b,1.94,4.42,608.0,0.1126,32.23,4919.0,0.74,0.78,-0.06,3.33
Kepler-847 b,1.18,1.76,1054.0,0.0315,292.31,4940.0,0.77,0.83,0.15,5.89
NGTS-27 b,15.64773706,188.47224535,1783.0,0.0446,1680.0,5700.0,1.77,1.07,0.0,0.266
Kepler-1262 b,1.82,3.97,949.0,0.083,142.545,5771.0,0.98,0.99,-0.02,3.62
Kepler-764 b,1.64,3.33,875.0,0.0724,160.457,5557.0,0.89,0.92,-0.06,4.15
Kepler-782 b,3.21,10.4,350.0,0.54494,3.987,5867.0,1.01,0.98,-0.14,1.73
Kepler-824 b,1.87,4.16,1231.0,0.055,454.604,6035.0,1.22,1.15,0.14,3.5
HD 60532 b,13.8,336.8998,,0.77,,6245.0,2.57,1.5,-0.26,0.704
HD 60532 c,13.3,797.7533,,1.6,,6245.0,2.57,1.5,-0.26,1.86
Kepler-743 b,1.21,1.92,1101.0,0.04166,397.252,5486.0,0.85,0.94,0.01,5.96
Kepler-821 b,1.31,2.27,1215.0,0.029,496.82,5191.0,0.8,0.84,-0.03,5.55
TOI-4633 c,3.2,123.0,268.57,0.847,1.56,5800.0,1.05,1.1,0.2379,
TOI-776 c,2.047,6.9,420.0,0.1001,4.9,3725.0,0.547,0.542,-0.21,4.4
Kepler-749 b,3.1,9.8,454.0,0.1054,24.631,5009.0,0.75,0.79,-0.11,1.81
Kepler-820 b,6.09,30.8,554.0,0.56004,16.228,6260.0,1.36,1.23,0.09,0.749
OGLE-2015-BLG-0051L b,14.0,230.0,,0.73,,,,0.1,,0.461
Kepler-56 d,12.8,1784.0,,2.16,,4819.44,4.21799,1.29,0.3631,4.67
Kepler-755 b,1.76,3.75,1331.0,0.02156,889.888,5043.0,0.77,0.82,-0.01,3.78
Kepler-816 b,10.24,74.5,668.0,0.0895,50.563,5286.0,0.85,0.9,0.16,0.381
Kepler-791 b,3.05,9.53,939.0,0.1256,140.057,6383.0,1.47,1.3,0.06,1.85
Kepler-793 b,1.37,2.45,1177.0,0.0491,617.407,5745.0,0.97,0.98,0.0,5.24
OGLE-2012-BLG-0950L b,6.56,35.0,,2.6,,,,0.57,,0.681
HD 42618 b,3.89,14.4,337.0,0.554,3.16,5727.0,0.999,1.015,-0.09,1.34
Kepler-757 b,1.36,2.42,1734.0,0.019,3345.453,6014.0,1.13,1.08,0.02,5.29
Kepler-759 b,2.27,5.77,533.0,0.2329,19.02,5860.0,1.04,1.04,0.06,2.71
Kepler-815 b,4.11,15.8,1374.0,0.09473,979.136,5028.0,3.42,1.25,-0.03,1.25
Kepler-790 b,2.18,5.39,634.0,0.101,38.274,5208.0,0.8,0.84,-0.05,2.86
Kepler-787 b,1.28,2.18,1115.0,0.0159,493.553,4248.0,0.62,0.65,-0.09,5.71
TYC 3667-1280-1 b,12.8,1716.282,1350.0,0.21,,5130.0,6.26,1.87,-0.08,4.5
Kepler-26 b,2.78,5.12,431.0,0.08551,7.6,3914.0,0.512,0.544,-0.13,1.26
Kepler-760 b,3.06,9.59,748.0,0.08087,84.406,5322.0,0.85,0.89,0.08,1.84
Kepler-502 b,4.77,20.4,1217.0,0.0535,859.509,6125.0,1.22,1.15,0.05,1.03
Kepler-812 b,3.55,12.3,1163.0,0.1024,421.917,6761.0,1.71,1.45,0.02,1.51
Kepler-811 b,2.7,7.75,730.0,0.15911,78.59,5747.0,1.24,1.01,0.05,2.16
Kepler-484 b,2.28,5.82,766.0,0.09036,90.629,5668.0,0.87,0.96,-0.1,2.7
Kepler-26 c,2.72,6.2,385.0,0.10725,4.82,3914.0,0.512,0.544,-0.13,1.61
Kepler-474 b,3.06,9.59,1115.0,0.06092,671.064,5785.0,1.08,0.99,-0.01,1.84
Kepler-768 b,1.79,3.86,618.0,0.092,40.589,5108.0,0.78,0.82,-0.03,3.7
Kepler-810 b,1.93,4.38,1105.0,0.055,350.597,5803.0,1.04,1.03,0.1,3.35
Kepler-827 b,5.63,27.0,574.0,0.2742,23.602,5602.0,0.91,0.93,-0.06,0.831
Kepler-458 c,4.2,16.4,798.0,0.17012,279.787,6117.21,2.21562,1.15,0.1436,1.22
Kepler-307 c,2.2,3.64,739.0,0.10896,44.0,5367.0,0.814,0.907,0.19,1.74
Kepler-500 b,2.58,7.18,909.0,0.08361,193.68,5813.0,1.03,1.02,0.03,2.3
Kepler-806 b,1.14,1.55,1089.0,0.07684,413.603,5770.0,1.16,0.99,0.0,5.75
Kepler-831 b,1.27,2.15,992.0,0.05984,266.249,5732.0,0.97,0.99,0.02,5.77
Kepler-779 b,0.92,0.721,425.0,0.0533,15.028,3804.0,0.44,0.46,-0.43,5.09
Kepler-803 b,3.79,13.8,543.0,0.26721,20.882,5919.0,1.12,1.05,0.02,1.39
Kepler-802 b,3.54,12.3,489.0,0.2265,13.508,5507.0,0.9,0.93,0.06,1.52
Kepler-830 b,1.7,3.53,907.0,0.1033,160.18,6037.0,1.11,1.07,-0.02,3.95
Kepler-829 b,2.11,5.1,857.0,0.0678,247.47,5698.0,0.97,0.98,0.03,2.98
Kepler-477 b,2.07,4.94,649.0,0.0911,38.71,5240.0,0.79,0.87,-0.04,3.06
Kepler-505 b,2.6,7.27,314.0,0.1445,3.641,3931.0,0.53,0.55,-0.19,2.27
Kepler-499 b,2.17,5.35,844.0,0.0598,148.456,5312.0,0.83,0.87,0.0,2.88
HD 141399 b,14.3,143.34133,,0.415,,5600.0,1.387236,1.07,0.35,0.269
HD 141399 c,13.6,422.7139,,0.689,,5600.0,1.387236,1.07,0.35,0.923
Kepler-745 b,2.16,5.31,931.0,0.0915,286.026,5849.0,1.04,1.04,0.06,2.9
Kepler-848 b,1.7,3.53,1086.0,0.07586,794.778,5695.0,1.2,1.01,0.15,3.95
Kepler-794 b,2.11,5.1,952.0,0.10036,299.97,5839.0,1.38,1.19,0.34,2.98
Kepler-796 b,1.3,2.24,1109.0,0.07317,962.264,5475.0,1.09,0.93,0.09,5.6
HD 141399 e,14.1,209.7678,,5.0,,5600.0,1.387236,1.07,0.35,0.411
HD 108236 e,3.083,9.71,636.0,0.1367,35.0031,5660.0,0.877,0.869,-0.28,1.82
TOI-1233.01,2.539,6.98,708.0,0.1074,53.8795,5660.0,0.877,0.869,-0.28,2.34
2MASS J01033563-5515561 AB b,12.3,4131.79,,84.0,,,,0.19,,12.2
TOI-451 b,1.84,4.7,1474.0,0.0274,786.0,5490.0,0.85,0.93,0.02,4.1
Kepler-753 b,1.91,4.31,641.0,0.054,41.674,4346.0,0.65,0.68,-0.03,3.4
Kepler-752 b,2.81,8.3,632.0,0.1353,45.278,5373.0,0.83,0.87,-0.08,2.06
Kepler-846 b,2.48,6.71,624.0,0.1399,35.276,5579.0,0.91,0.94,0.0,2.42
Kepler-845 b,2.04,4.82,1361.0,0.01668,772.498,4913.0,0.75,0.79,0.01,3.12
Kepler-771 b,1.82,3.97,890.0,0.0843,339.296,5906.0,1.05,1.03,0.01,3.62
Kepler-773 b,1.43,2.63,1160.0,0.04682,490.707,5850.0,1.01,1.04,0.05,4.94
Kepler-844 b,1.68,3.46,713.0,0.0298,89.652,4128.0,0.57,0.59,-0.24,4.01
Kepler-843 b,2.59,7.22,1523.0,0.0313,890.333,5830.0,1.03,1.02,0.05,2.28
TOI-663 d,1.92,5.2,482.0,0.0576,12.9,3681.0,0.512,0.514,0.07,4.0
Kepler-767 b,6.64,35.7,366.0,0.5874,9.365,5694.0,0.94,0.96,-0.05,0.67
Kepler-774 b,3.17,10.2,1422.0,0.1082,451.177,6403.0,2.42,1.57,0.04,1.76
Kepler-841 b,5.23,23.8,416.0,0.479,1.648,5324.0,0.81,0.85,-0.09,0.914
Kepler-842 b,1.6,3.19,1252.0,0.0204,588.95,4848.0,0.73,0.78,-0.02,4.28
Kepler-839 b,2.57,7.13,626.0,0.2316,46.303,6058.0,1.31,1.22,0.29,2.31
HD 133131 A b,13.6,451.3186,,1.44,,5799.0,0.955014,0.95,-0.306,0.986
Kepler-770 b,2.3,5.9,1171.0,0.1694,27.736,5598.0,0.92,0.94,-0.01,2.66
Kepler-769 b,2.92,8.85,1037.0,0.0778,241.128,6186.0,1.28,1.19,0.06,1.95
HD 133131 B b,13.3,794.575,,6.15,,5805.0,0.989538,0.93,-0.281,1.86
TOI-5082.01,2.54811,7.03,1164.91,0.051204842,254.588,5670.0,0.93,0.99665,0.09,2.33
Kepler-744 b,1.62,3.26,750.0,0.09735,62.955,5594.0,0.93,0.94,0.0,4.21
Kepler-765 b,2.43,6.48,641.0,0.1754,48.947,5901.0,1.06,1.05,0.04,2.48
Kepler-834 b,2.02,4.74,378.0,0.0862,11.845,4554.0,0.66,0.7,-0.13,3.16
Kepler-832 b,2.06,4.9,965.0,0.075,256.828,5596.0,0.9,0.92,-0.08,3.08
TOI-4527.01,0.9086617,0.689,1362.93,0.008332353,571.5072,3702.0,0.485948,0.483901,,5.05
Kepler-912 b,2.8,8.25,1218.0,0.0339,519.95,5998.0,1.11,1.07,0.02,2.07
Kepler-1017 b,1.99,4.62,831.0,0.07196,119.603,5473.0,0.87,0.93,0.04,3.22
Kepler-980 b,2.67,7.61,845.0,0.09993,170.137,5935.0,1.06,1.05,0.01,2.2
Kepler-983 b,2.36,6.17,485.0,0.3148,30.997,6052.0,1.08,1.13,0.12,2.58
Kepler-870 b,2.78,8.15,691.0,0.1539,54.869,5857.0,1.02,1.01,-0.01,2.08
Kepler-869 b,3.61,12.7,494.0,0.2244,17.234,5664.0,0.95,0.97,0.02,1.48
Kepler-913 b,2.06,4.9,1129.0,0.1009,58.9,4687.0,0.61,0.63,-0.52,3.08
Kepler-910 b,0.82,0.477,1752.0,0.03752,2108.073,6230.0,1.5,1.26,0.12,4.75
Kepler-964 b,2.12,5.14,652.0,0.1073,43.916,5427.0,0.84,0.93,0.03,2.96
Kepler-866 b,1.63,3.29,996.0,0.0331,196.127,4751.0,0.71,0.75,-0.07,4.17
Kepler-915 b,1.5,2.86,1319.0,0.05655,844.751,6173.0,1.38,1.21,0.08,4.66
Kepler-914 b,1.38,2.48,1192.0,0.05454,568.378,5877.0,1.15,1.1,0.22,5.19
Kepler-1051 b,3.4,11.5,850.0,0.18395,87.457,6675.0,1.73,1.43,0.04,1.61
Kepler-1058 b,2.72,7.85,239.0,0.3679,0.77,4644.0,0.69,0.73,-0.06,2.14
Kepler-863 b,2.9,8.75,718.0,0.122,117.828,5678.0,0.95,0.96,-0.03,1.97
Kepler-923 b,1.38,2.48,1104.0,0.07592,390.636,5988.0,1.26,1.11,0.07,5.19
Kepler-916 b,1.76,3.75,503.0,0.1885,14.683,5248.0,0.81,0.85,-0.05,3.78
Kepler-950 b,8.98,59.6,360.0,0.3982,3.97,5857.0,1.02,1.02,0.02,0.452
Kepler-1029 b,1.26,2.13,790.0,0.047,92.16,5030.0,0.77,0.82,0.01,5.85
Kepler-958 b,2.06,4.9,749.0,0.08631,73.59,5421.0,0.86,0.91,0.01,3.08
Kepler-861 b,2.28,5.82,966.0,0.0463,197.29,5047.0,0.78,0.82,0.01,2.7
Kepler-862 b,2.21,5.52,1097.0,0.039,547.293,5333.0,0.84,0.88,0.04,2.81
Kepler-927 b,1.72,3.61,906.0,0.0866,129.534,5743.0,0.99,0.99,0.03,3.9
Kepler-962 b,1.97,4.54,689.0,0.09874,53.823,5478.0,0.86,0.93,0.01,3.26
TOI-1855 b,18.49481816,360.09958513,1701.0,0.02398,852.162,5359.0,1.041,0.987,0.399,0.31
Kepler-930 b,2.13,5.18,561.0,0.34593,16.851,6335.0,1.4,1.25,0.04,2.95
Kepler-929 b,1.11,1.41,2362.0,0.01982,8159.933,5869.0,1.02,1.01,-0.04,5.67
Kepler-965 b,3.38,11.4,393.0,0.50998,4.98,5886.0,1.15,1.05,0.03,1.62
Kepler-979 b,2.72,7.85,792.0,0.0753,77.841,5310.0,0.83,0.87,-0.02,2.14
Kepler-932 b,1.37,2.45,1276.0,0.02876,562.217,5331.0,0.84,0.87,-0.01,5.24
Kepler-931 b,1.33,2.33,744.0,0.0719,72.44,5241.0,0.81,0.86,-0.01,5.44
Kepler-1006 b,1.54,2.99,791.0,0.1464,153.493,5328.0,0.74,0.78,-0.4,4.5
Kepler-990 b,2.6,7.27,903.0,0.08595,108.3,5948.0,1.08,1.05,0.01,2.27
Kepler-892 b,2.81,8.3,556.0,0.1015,18.196,4747.0,0.72,0.75,-0.04,2.06
Kepler-895 b,1.54,2.99,771.0,0.0328,106.585,4315.0,0.61,0.65,-0.16,4.5
Kepler-507 b,1.3,5.69692195,1407.0,0.04781,877.327,6113.0,1.32,1.16,0.06,14.828486
Kepler-1027 b,0.89,0.64,1268.0,0.02911,1162.51,5436.0,0.82,0.91,-0.06,4.99
Kepler-982 b,2.25,5.69,955.0,0.1277,185.203,6139.0,1.29,1.16,0.05,2.74
Kepler-897 b,2.39,6.3,855.0,0.077,354.221,5839.0,1.04,1.03,0.04,2.54
Kepler-898 b,1.49,2.83,616.0,0.0545,37.11,4223.0,0.62,0.65,-0.06,4.7
Kepler-938 b,2.22,5.56,544.0,0.2689,8.57,5533.0,0.89,0.92,-0.03,2.79
Kepler-986 b,2.36,6.17,465.0,0.29131,10.857,5642.0,0.98,0.96,0.04,2.58
Kepler-978 b,2.99,9.22,546.0,0.2726,20.99,6002.0,1.09,1.07,-0.01,1.9
Kepler-960 b,2.29,5.86,1391.0,0.03807,129.223,4755.0,0.72,0.77,0.02,2.68
Kepler-976 b,3.96,14.9,324.0,0.4217,2.661,5232.0,0.83,0.87,0.07,1.32
Kepler-899 b,2.68,7.65,640.0,0.1392,62.198,5595.0,0.91,0.93,-0.06,2.18
Kepler-1015 b,3.55,12.3,1040.0,0.1345,172.112,6769.0,1.81,1.49,0.06,1.51
Kepler-1002 b,1.71,3.57,1453.0,0.0564,981.68,6144.0,1.57,1.22,0.04,3.92
Kepler-889 b,1.09,1.32,1328.0,0.04975,954.588,5961.0,1.25,1.14,0.19,5.6
Kepler-903 b,2.01,4.7,842.0,0.09081,274.845,5682.0,0.97,0.98,0.05,3.18
Kepler-904 b,1.77,3.78,1332.0,0.0417,875.419,6160.0,1.25,1.16,0.05,3.75
Kepler-918 b,1.74,3.68,1052.0,0.0569,258.702,6028.0,1.14,1.11,0.06,3.84
Kepler-920 b,2.42,6.44,907.0,0.065,153.138,5403.0,0.85,0.89,0.0,2.5
Kepler-961 b,2.55,7.04,642.0,0.12585,40.4,5582.0,0.9,0.96,0.05,2.33
Kepler-972 b,4.65,19.5,1060.0,0.0734,266.514,6146.0,1.22,1.15,0.04,1.07
Kepler-886 b,1.52,2.92,1111.0,0.06428,231.432,6098.0,1.16,1.1,-0.01,4.57
Kepler-885 b,2.5,6.8,830.0,0.14403,124.646,6187.0,1.35,1.21,0.11,2.39
Kepler-906 b,2.11,5.1,537.0,0.22363,21.987,6035.0,1.02,1.06,-0.09,2.98
Kepler-466 c,1.25,2.1,1206.0,0.04658,410.4,5927.0,1.05,1.04,-0.01,5.91
Kepler-921 b,2.87,8.6,492.0,0.2716,15.007,5663.0,0.91,0.93,-0.12,2.0
Kepler-943 b,5.93,29.5,455.0,0.2559,10.16,5612.0,0.91,0.93,-0.07,0.777
Kepler-946 b,1.93,4.38,857.0,0.1002,124.072,5665.0,0.93,0.94,-0.09,3.35
Kepler-1014 b,2.39,6.3,614.0,0.121,33.479,5388.0,0.84,0.88,-0.06,2.54
Kepler-852 b,2.54,6.99,565.0,0.27967,92.131,6100.0,1.16,1.19,0.22,2.34
Kepler-884 b,1.23,2.04,964.0,0.06116,139.5,5715.0,0.94,1.0,0.05,6.02
Kepler-529 c,2.0,4.66,891.0,0.1075,149.42,6087.0,1.14,1.07,-0.1,3.2
Kepler-944 b,2.63,7.41,459.0,0.2288,20.174,5409.0,0.83,0.86,-0.11,2.24
Kepler-942 b,2.13,5.18,379.0,0.22737,4.957,4861.0,0.75,0.81,0.09,2.95
Kepler-1010 b,2.32,5.99,477.0,0.193,10.17,5253.0,0.82,0.86,-0.01,2.64
Kepler-882 b,1.23,2.04,903.0,0.04741,259.029,5476.0,0.87,0.9,-0.03,6.02
Kepler-255 d,1.32,2.3,1710.0,0.0192,1686.09,5431.0,0.86,0.9,0.02,5.5
Kepler-758 c,1.69,3.5,1372.0,0.05768,1211.822,6228.0,1.42,1.16,-0.1,3.98
Kepler-1034 b,2.26,5.73,675.0,0.0965,36.787,5198.0,0.8,0.83,-0.06,2.73
Kepler-1013 b,2.15,5.27,766.0,0.137,16.101,4954.0,0.76,0.81,0.04,2.91
Kepler-1054 b,2.63,7.41,1177.0,0.05542,760.524,6209.0,1.34,1.22,0.09,2.24
Kepler-760 c,1.48,2.79,1139.0,0.03489,453.648,5322.0,0.85,0.89,0.08,4.73
Kepler-271 c,0.95,0.809,850.0,0.06993,119.631,5555.0,0.87,0.9,-0.13,5.18
Kepler-967 b,2.35,6.12,638.0,0.1027,39.1,5178.0,0.8,0.84,-0.03,2.59
Kepler-995 b,2.7,7.75,517.0,0.1701,11.92,5206.0,0.8,0.83,-0.07,2.16
TOI-2368 b,10.83908434,206.58846455,1000.0,0.05649,162.7267,5360.0,0.846,0.897,0.1,0.88
Kepler-1033 b,2.51,6.85,914.0,0.0761,159.422,5547.0,0.92,0.94,0.06,2.38
Kepler-876 b,1.43,2.63,923.0,0.0549,152.746,5060.0,0.77,0.81,-0.03,4.94
Kepler-875 b,2.9,8.75,569.0,0.1771,41.431,5958.0,1.11,1.06,0.03,1.97
Kepler-732 c,1.27,2.15,893.0,0.0143,199.846,3631.0,0.46,0.49,-0.01,5.77
Kepler-1060 b,2.38,6.26,484.0,0.2495,17.416,5797.0,0.99,0.99,-0.03,2.55
Kepler-1008 b,1.28,2.18,627.0,0.09755,35.408,5066.0,0.78,0.81,-0.01,5.71
Kepler-1055 b,1.23,2.04,1304.0,0.0335,647.256,5723.0,0.94,0.98,-0.02,6.02
Kepler-1045 b,2.69,7.7,512.0,0.1616,19.127,5301.0,0.82,0.86,-0.03,2.17
Kepler-872 b,1.99,4.62,1230.0,0.0362,553.056,5902.0,1.08,1.05,0.04,3.22
Kepler-1071 b,2.38,6.26,814.0,0.0629,45.12,5215.0,0.81,0.86,0.01,2.55
Kepler-1139 b,1.19,1.81,1693.0,0.01664,1717.276,5550.0,0.91,0.94,0.05,5.9
Kepler-1180 b,1.99,4.62,765.0,0.1246,175.855,6077.0,1.14,1.09,0.0,3.22
Kepler-991 b,2.54,6.99,260.0,0.3104,1.371,4392.0,0.61,0.64,-0.25,2.34
Kepler-1141 b,0.82,0.477,1471.0,0.03496,1146.953,5791.0,1.07,1.01,0.04,4.75
Kepler-1140 b,2.77,8.1,500.0,0.1478,13.051,4850.0,0.73,0.76,-0.08,2.09
Kepler-1183 b,2.82,8.35,555.0,0.1793,61.663,5765.0,0.99,1.0,0.04,2.05
Kepler-1192 b,2.36,6.17,600.0,0.1693,34.742,5438.0,0.83,0.86,-0.16,2.58
Kepler-1028 b,1.33,2.33,1217.0,0.0354,519.636,5522.0,0.87,0.9,-0.09,5.44
Kepler-1004 b,6.28,32.5,1661.0,0.06791,1610.087,4972.0,3.39,1.11,-0.04,0.721
Kepler-1072 b,1.58,3.12,1849.0,0.02742,2944.0,6199.0,1.32,1.2,0.07,4.35
TOI-3919 b,12.31866979,1233.17421916,1198.0,0.0795,184.322,6100.0,1.319,1.208,0.175,3.63
Kepler-1065 b,3.73,13.4,1092.0,0.0455,419.91,5635.0,0.93,0.94,-0.01,1.42
Kepler-1077 b,2.77,8.1,576.0,0.2101,26.928,5816.0,1.02,1.02,0.03,2.09
Kepler-1194 b,1.51,2.89,676.0,0.1212,49.35,5590.0,0.92,0.94,0.0,4.61
Kepler-1197 b,1.25,2.1,1011.0,0.02869,267.142,4708.0,0.72,0.78,0.06,5.91
Kepler-1146 b,1.23,2.04,1019.0,0.0325,227.962,4692.0,0.7,0.74,-0.06,6.02
Kepler-1144 b,1.99,4.62,811.0,0.1291,62.061,5753.0,0.96,0.98,-0.03,3.22
Kepler-1079 b,1.63,3.29,887.0,0.1092,195.353,5758.0,1.36,1.08,0.21,4.17
Kepler-1066 b,2.36,6.17,1290.0,0.0298,710.019,5762.0,0.98,0.98,-0.03,2.58
Kepler-1198 b,1.47,2.76,830.0,0.0732,108.069,5517.0,0.9,0.93,0.03,4.77
Kepler-1199 b,1.15,1.6,931.0,0.11309,131.7,5889.0,1.17,0.94,-0.27,5.78
Kepler-968 b,2.0,4.66,745.0,0.0389,103.909,4598.0,0.7,0.76,0.13,3.2
Kepler-1047 b,2.09,5.02,503.0,0.29871,28.851,5754.0,1.13,1.08,0.29,3.02
Kepler-1148 b,1.69,3.5,1397.0,0.0188,815.407,5054.0,0.77,0.81,-0.02,3.98
Kepler-1147 b,2.61,7.32,872.0,0.0961,206.563,5941.0,1.14,1.09,0.11,2.26
Kepler-1081 b,1.01,1.01,972.0,0.04662,225.216,5345.0,0.84,0.88,0.01,5.39
Kepler-1062 b,1.76,3.75,583.0,0.0748,33.76,4597.0,0.7,0.75,0.11,3.78
Kepler-1063 b,1.49,2.83,931.0,0.1176,54.93,5945.0,1.14,1.09,0.09,4.7
Kepler-1064 b,1.55,3.02,570.0,0.1183,24.87,5153.0,0.79,0.85,0.0,4.46
Kepler-1084 b,1.11,1.41,1737.0,0.0324,1766.593,6113.0,1.28,1.12,-0.02,5.67
Kepler-1087 b,0.61,0.165,2161.0,0.01554,3496.493,5589.0,0.94,0.96,0.01,3.99
Kepler-1207 b,1.62,3.26,802.0,0.1156,352.508,5909.0,1.06,1.06,0.05,4.21
Kepler-1209 b,1.51,2.89,755.0,0.17515,63.246,6210.0,1.38,1.23,0.12,4.61
Kepler-1114 b,1.35,2.39,631.0,0.11056,39.321,5374.0,0.83,0.87,-0.08,5.34
Kepler-1115 b,1.7,3.53,1381.0,0.2134,516.101,8480.0,1.73,1.6,-0.51,3.95
Kepler-1154 b,2.34,6.08,1314.0,0.0631,652.966,6327.0,1.43,1.26,0.04,2.61
Kepler-1089 b,1.83,4.01,584.0,0.0497,26.266,3753.0,0.49,0.52,-0.09,3.6
Kepler-1216 b,1.39,2.51,1191.0,0.0519,415.553,5743.0,0.98,0.99,0.03,5.14
Kepler-1215 b,1.22,1.98,1046.0,0.0528,253.964,5616.0,0.93,0.95,0.01,5.99
Kepler-1117 b,1.11,1.41,938.0,0.05485,194.976,5612.0,0.93,0.95,0.03,5.67
Kepler-1156 b,1.32,2.3,787.0,0.09704,83.014,5778.0,1.0,1.0,0.02,5.5
Kepler-1092 b,2.07,4.94,508.0,0.2996,17.016,5862.0,1.0,0.99,-0.09,3.06
Kepler-1093 b,1.95,4.46,776.0,0.17543,98.8,6166.0,1.2,1.13,-0.01,3.31
Kepler-1210 b,1.7,3.53,856.0,0.0753,152.047,5568.0,0.92,0.94,0.04,3.95
Kepler-1212 b,2.14,5.22,795.0,0.1082,142.096,6051.0,1.15,1.1,0.03,2.93
Kepler-1120 b,1.38,2.48,1027.0,0.0369,206.874,4904.0,0.74,0.78,-0.04,5.19
Kepler-1159 b,2.37,6.21,677.0,0.1603,80.984,6217.0,1.28,1.19,0.04,2.56
Kepler-1160 b,2.14,5.22,839.0,0.0755,93.308,5519.0,0.89,0.92,0.01,2.93
Kepler-1096 b,1.24,2.07,794.0,0.034,124.866,4306.0,0.63,0.66,-0.1,5.97
Kepler-1094 b,3.18,10.2,480.0,0.3625,10.336,6112.0,1.21,1.14,0.06,1.74
Kepler-1214 b,2.36,6.17,591.0,0.128,23.18,5130.0,0.8,0.85,0.05,2.58
Kepler-1122 b,2.04,4.82,526.0,0.2315,23.263,5544.0,0.89,0.92,-0.03,3.12
Kepler-1124 b,1.28,2.18,621.0,0.0305,50.777,3658.0,0.34,0.35,-0.59,5.71
Kepler-1161 b,2.13,5.18,485.0,0.0784,26.229,4253.0,0.57,0.59,-0.35,2.95
Kepler-1097 b,3.26,10.7,267.0,0.5791,1.3,5211.0,0.79,0.82,-0.11,1.7
Kepler-1098 b,1.3,2.24,1319.0,0.0358,995.67,5794.0,0.99,0.99,-0.02,5.6
Kepler-1046 b,1.71,3.57,786.0,0.11858,101.4,5913.0,1.04,1.04,0.0,3.92
TOI-4153 b,16.11851425,365.50266805,1669.0,0.06311,1212.0072,6860.0,1.605,1.572,0.317,0.477
Kepler-1125 b,1.84,4.04,778.0,0.1348,41.04,5683.0,0.94,0.95,-0.09,3.56
Kepler-1166 b,1.69,3.5,486.0,0.1975,14.188,5446.0,0.86,0.9,-0.02,3.98
Kepler-1164 b,1.12,1.46,936.0,0.04635,181.205,5183.0,0.79,0.85,-0.03,5.71
Kepler-1102 b,2.66,7.56,546.0,0.2731,22.981,5724.0,0.94,0.96,-0.08,2.21
Kepler-1100 b,1.75,3.71,1000.0,0.06745,238.508,6247.0,1.34,1.21,0.05,3.8
Kepler-1000 b,4.76,20.3,473.0,0.5326,18.0,6453.0,1.51,1.4,0.35,1.03
Kepler-1127 b,1.96,4.5,994.0,0.0556,160.765,5664.0,0.95,0.97,0.04,3.28
Kepler-1128 b,3.65,12.9,424.0,0.302,6.451,5543.0,0.91,0.94,0.04,1.46
Kepler-1073 b,2.3,5.9,905.0,0.0805,128.55,5792.0,1.0,1.0,0.0,2.66
Kepler-1169 b,0.94,0.779,1125.0,0.06931,348.046,6191.0,1.23,1.24,0.26,5.15
Kepler-1106 b,1.65,3.36,2199.0,0.0239,2399.974,6104.0,1.17,1.11,0.0,4.11
Kepler-1037 b,1.28,2.18,1650.0,0.0198,1015.434,5105.0,0.78,0.82,-0.03,5.71
Kepler-1131 b,1.59,3.15,1159.0,0.0459,453.142,5851.0,1.04,1.03,0.05,4.31
Kepler-1132 b,2.35,6.12,384.0,0.2881,4.547,5298.0,0.83,0.87,-0.01,2.59
Kepler-480 b,2.78,8.15,1312.0,0.06024,764.078,6322.0,1.34,1.25,0.11,2.08
Kepler-1108 b,1.46,2.73,1063.0,0.0511,206.414,5406.0,0.84,0.88,-0.09,4.82
Kepler-1109 b,2.19,5.43,787.0,0.2466,11.382,5893.0,1.06,1.05,0.04,2.84
Kepler-994 b,1.6,3.19,957.0,0.0177,243.984,3934.0,0.54,0.56,-0.13,4.28
Kepler-1133 b,1.97,4.54,703.0,0.0983,55.758,5569.0,0.9,0.93,-0.02,3.26
Kepler-1172 b,3.2,10.3,675.0,0.168,26.356,5558.0,0.89,0.92,-0.04,1.73
Kepler-1173 b,0.89,0.64,1650.0,0.0156,1462.098,5252.0,0.82,0.86,0.0,4.99
Kepler-1111 b,2.0,4.66,938.0,0.0872,118.52,6077.0,1.15,1.1,0.02,3.2
Kepler-1049 b,0.95,0.809,625.0,0.0349,50.427,3864.0,0.49,0.51,-0.33,5.18
Kepler-1135 b,1.85,4.08,451.0,0.3436,25.76,5656.0,0.94,0.96,0.02,3.54
Kepler-478 b,2.71,7.8,640.0,0.1032,39.56,5210.0,0.8,0.85,-0.03,2.15
Kepler-1175 b,2.99,9.22,515.0,0.2181,12.938,5453.0,0.86,0.9,-0.04,1.9
Kepler-1174 b,1.59,3.15,1156.0,0.0732,641.814,5936.0,1.04,1.04,-0.04,4.31
Kepler-508 b,1.64,3.33,710.0,0.17274,60.372,6025.0,1.25,1.16,0.18,4.15
Kepler-954 b,2.32,5.99,545.0,0.1202,21.531,4990.0,0.76,0.82,0.02,2.64
Kepler-1050 b,1.6,3.19,1039.0,0.12353,62.025,6010.0,1.13,1.09,0.03,4.28
Kepler-1136 b,1.64,3.33,922.0,0.0299,150.055,4512.0,0.68,0.72,0.03,4.15
Kepler-1177 b,1.9,4.27,377.0,0.4301,11.862,5712.0,0.97,0.98,0.02,3.42
Kepler-1075 b,1.42,2.6,818.0,0.0208,143.968,3959.0,0.54,0.56,-0.17,4.99
Kepler-1186 b,2.23,5.6,724.0,0.1281,85.385,5635.0,0.93,0.95,0.0,2.77
Kepler-1188 b,2.08,4.98,775.0,0.135,165.573,5913.0,1.06,1.04,0.0,3.04
Kepler-1001 b,3.15,10.1,693.0,0.11147,40.853,5491.0,0.88,0.9,-0.03,1.78
Kepler-1277 b,1.6,3.19,496.0,0.21857,12.11,5578.0,0.92,0.94,-0.01,4.28
Kepler-1276 b,1.19,1.81,886.0,0.10863,139.77,6188.0,1.21,1.14,-0.02,5.9
Kepler-1323 b,1.52,2.92,2291.0,0.01911,5067.603,6169.0,1.4,1.18,0.02,4.57
Kepler-1322 b,1.61,3.22,1666.0,0.0183,2651.424,5488.0,0.87,0.9,-0.07,4.24
Kepler-1368 b,1.65,3.36,2085.0,0.0153,4849.257,5906.0,1.08,1.07,0.1,4.11
Kepler-1236 b,2.14,5.22,480.0,0.1803,13.571,5337.0,0.82,0.86,-0.09,2.93
Kepler-1280 b,1.87,4.16,757.0,0.33982,35.293,6227.0,1.32,1.2,0.04,3.5
Kepler-1279 b,1.75,3.71,738.0,0.1785,190.851,6221.0,1.33,1.21,0.06,3.8
Kepler-1281 b,1.64,3.33,1123.0,0.0415,375.55,5353.0,0.83,0.87,-0.04,4.15
Kepler-1327 b,1.8,3.89,831.0,0.11151,79.9,5885.0,1.03,1.02,-0.03,3.67
Kepler-1325 b,2.86,8.55,564.0,0.2004,18.153,5550.0,0.91,0.93,0.01,2.01
Kepler-1372 b,1.27,2.15,1655.0,0.024,2176.358,5677.0,0.97,0.98,0.05,5.77
Kepler-1239 b,2.9,8.75,1183.0,0.0625,462.91,6564.0,1.57,1.4,0.22,1.97
Kepler-1283 b,1.91,4.31,764.0,0.1062,80.34,6175.0,1.25,1.16,0.04,3.4
Kepler-1330 b,1.65,3.36,879.0,0.0889,322.399,5608.0,0.94,0.97,0.08,4.11
Kepler-1373 b,1.16,1.65,1887.0,0.02598,8385.9,6299.0,1.33,1.22,0.03,5.81
Kepler-1374 b,2.29,5.86,737.0,0.0918,59.789,5323.0,0.81,0.85,-0.13,2.68
Kepler-1287 b,1.54,2.99,796.0,0.0976,78.156,5715.0,0.94,0.96,-0.05,4.5
Kepler-1333 b,2.81,8.3,428.0,0.4382,3.298,5628.0,0.92,0.94,-0.04,2.06
Kepler-1332 b,1.37,2.45,728.0,0.09915,77.559,5581.0,0.9,0.95,0.0,5.24
Kepler-528 b,2.08,4.98,708.0,0.14219,68.971,5807.0,1.06,1.01,0.02,3.04
Kepler-1376 b,1.05,1.16,1042.0,0.0598,278.902,5659.0,0.97,0.98,0.07,5.51
Kepler-1289 b,1.52,2.92,1113.0,0.0785,223.442,6080.0,1.17,1.1,0.02,4.57
Kepler-1335 b,1.45,2.7,809.0,0.0615,80.741,4903.0,0.74,0.77,-0.07,4.87
Kepler-1334 b,2.29,5.86,710.0,0.1229,78.355,5614.0,0.91,0.94,-0.03,2.68
Kepler-1377 b,1.25,2.1,1873.0,0.0153,2909.21,5218.0,0.82,0.86,0.05,5.91
Kepler-1378 b,2.2,5.48,525.0,0.0885,14.867,4407.0,0.67,0.7,0.03,2.83
Kepler-1247 b,2.33,6.04,676.0,0.1091,41.472,5303.0,0.82,0.86,-0.05,2.62
Kepler-520 b,1.66,3.39,711.0,0.14628,59.77,6112.0,1.09,1.1,-0.03,4.07
Kepler-1291 b,1.66,3.39,739.0,0.0779,62.823,5216.0,0.8,0.84,-0.04,4.07
Kepler-1292 b,1.82,3.97,1195.0,0.0443,521.101,5556.0,0.93,0.95,0.08,3.62
Kepler-1337 b,2.41,6.39,437.0,0.1441,9.183,4523.0,0.67,0.7,-0.09,2.51
Kepler-1381 b,2.25,5.69,649.0,0.1728,29.701,5747.0,0.94,0.96,-0.1,2.74
Kepler-1248 b,1.18,1.76,1035.0,0.0806,271.25,6149.0,1.21,1.21,0.24,5.89
Kepler-1251 b,1.84,4.04,487.0,0.2478,13.78,5545.0,0.89,0.92,-0.04,3.56
Kepler-1293 b,0.97,0.871,1183.0,0.06763,929.122,6241.0,1.28,1.18,0.0,5.24
Kepler-1341 b,2.99,9.22,241.0,0.47267,1.141,4662.0,0.72,0.79,0.19,1.9
Kepler-1342 b,1.66,3.39,1283.0,0.0313,559.275,5527.0,0.9,0.93,0.03,4.07
Kepler-1388 b,2.59,7.22,434.0,0.0882,17.674,4098.0,0.61,0.63,0.02,2.28
Kepler-1252 b,1.67,3.43,665.0,0.1078,57.579,5949.0,1.09,1.06,0.03,4.05
Kepler-1253 b,1.33,2.33,501.0,0.31444,21.624,5850.0,1.1,0.97,-0.14,5.44
Kepler-1295 b,1.55,3.02,1029.0,0.0464,279.941,5486.0,0.89,0.92,0.04,4.46
Kepler-1344 b,1.84,4.04,1219.0,0.05501,425.169,5981.0,1.13,1.09,0.06,3.56
Kepler-1343 b,1.93,4.38,1294.0,0.0449,1021.904,5759.0,0.93,0.95,-0.16,3.35
Kepler-1379 b,1.3,2.24,1564.0,0.0171,1600.049,5188.0,0.79,0.83,-0.04,5.6
Kepler-1382 b,1.88,4.19,959.0,0.14023,198.471,6161.0,1.72,1.36,0.3,3.47
Kepler-1256 b,1.49,2.83,933.0,0.10733,211.549,6129.0,1.36,1.17,0.05,4.7
Kepler-1254 b,1.55,3.02,660.0,0.0833,33.978,4985.0,0.75,0.78,-0.1,4.46
Kepler-1347 b,1.03,1.08,617.0,0.104,34.32,5193.0,0.79,0.82,-0.11,5.43
Kepler-1346 b,1.58,3.12,1236.0,0.044,545.575,6133.0,1.21,1.14,0.04,4.35
Kepler-1386 b,1.24,2.07,1011.0,0.068,196.533,5733.0,1.03,1.02,0.11,5.97
Kepler-1259 b,1.43,2.63,1681.0,0.0141,2460.582,5053.0,0.77,0.8,-0.07,4.94
Kepler-1257 b,1.52,2.92,1252.0,0.0376,546.908,5502.0,0.87,0.9,-0.09,4.57
Kepler-616 c,3.41,11.5,413.0,0.4024,6.86,5753.0,0.97,0.98,-0.02,1.59
Kepler-1300 b,1.37,2.45,954.0,0.16005,149.409,6130.0,1.79,1.29,0.05,5.24
Kepler-1350 b,2.52,6.9,535.0,0.0413,27.176,3827.0,0.53,0.55,-0.06,2.37
Kepler-1351 b,0.65,0.208,1212.0,0.0156,421.965,4439.0,0.67,0.7,-0.03,4.16
Kepler-516 b,5.74,27.9,1095.0,0.1992,174.58,7099.0,2.02,1.62,0.01,0.811
Kepler-1217 b,1.99,4.62,1542.0,0.0326,1302.948,5905.0,1.08,1.06,0.07,3.22
Kepler-1218 b,1.44,2.67,684.0,0.15698,84.83,5986.0,1.1,1.06,-0.02,4.91
Kepler-1261 b,2.26,5.73,396.0,0.239,4.744,5006.0,0.77,0.82,0.03,2.73
Kepler-1263 b,1.14,1.55,907.0,0.0499,144.813,5213.0,0.8,0.84,-0.03,5.75
Kepler-1303 b,1.42,2.6,891.0,0.0751,182.375,5771.0,1.0,1.01,0.04,4.99
Kepler-1305 b,1.88,4.19,733.0,0.1109,103.51,5701.0,0.96,0.97,0.01,3.47
Kepler-521 b,3.18,10.2,803.0,0.17116,160.612,6406.0,1.46,1.34,0.25,1.74
Kepler-1219 b,2.12,5.14,1159.0,0.14146,430.691,5944.0,1.94,1.25,0.05,2.96
Kepler-1220 b,1.52,2.92,899.0,0.0734,177.842,5842.0,0.99,1.0,-0.04,4.57
Kepler-1264 b,1.18,1.76,1677.0,0.01839,2367.804,5791.0,0.98,0.99,-0.02,5.89
Kepler-1265 b,1.35,2.39,732.0,0.0612,58.15,4630.0,0.69,0.71,-0.1,5.34
Kepler-1223 b,1.22,1.98,557.0,0.1186,20.51,4870.0,0.75,0.8,0.04,5.99
Kepler-1224 b,1.33,2.33,872.0,0.11625,132.663,6155.0,1.22,1.18,0.14,5.44
Kepler-1268 b,2.03,4.78,627.0,0.2383,40.652,5904.0,1.09,1.06,0.05,3.14
Kepler-1266 b,2.58,7.18,489.0,0.16431,10.313,5044.0,0.76,0.8,-0.07,2.3
Kepler-1309 b,2.37,6.21,491.0,0.1679,13.77,5235.0,0.8,0.85,-0.03,2.56
Kepler-517 b,2.67,7.61,467.0,0.28682,10.555,5690.0,0.98,0.95,-0.06,2.2
Kepler-1358 b,1.12,1.46,827.0,0.0656,98.834,5181.0,0.79,0.82,-0.08,5.71
Kepler-1359 b,2.83,8.4,369.0,0.26657,2.451,4709.0,0.72,0.78,0.11,2.04
Kepler-1225 b,1.82,3.97,1453.0,0.0771,324.282,6140.0,1.19,1.13,0.01,3.62
Kepler-1270 b,3.32,11.0,1598.0,0.07045,1217.395,5047.0,3.38,1.28,-0.02,1.65
Kepler-1314 b,5.11,22.9,625.0,0.0504,36.05,4188.0,0.59,0.6,-0.22,0.943
Kepler-1362 b,2.6,7.27,248.0,0.4626,1.011,4857.0,0.74,0.8,0.06,2.27
Kepler-1363 b,1.25,2.1,988.0,0.0363,191.919,4839.0,0.72,0.76,-0.09,5.91
Kepler-1227 b,2.29,5.86,369.0,0.38555,4.179,5747.0,0.95,0.97,-0.04,2.68
Kepler-1228 b,1.54,2.99,1757.0,0.01186,1598.664,5063.0,0.74,0.78,-0.18,4.5
Kepler-1316 b,3.54,12.3,446.0,0.39765,10.714,5884.0,1.12,1.04,0.03,1.52
Kepler-1318 b,3.11,9.85,202.0,0.6085,0.492,4598.0,0.7,0.73,-0.01,1.8
Kepler-1364 b,2.15,5.27,1299.0,0.1284,672.06,6805.0,1.79,1.49,0.04,2.91
Kepler-1366 b,1.43,2.63,783.0,0.0273,134.981,4070.0,0.6,0.62,-0.02,4.94
Kepler-1231 b,1.42,2.6,870.0,0.0914,117.515,5778.0,1.0,1.01,0.06,4.99
Kepler-523 b,1.96,4.5,884.0,0.06159,149.135,5515.0,0.86,0.93,-0.03,3.28
Kepler-1274 b,1.42,2.6,1384.0,0.08161,975.81,6179.0,2.17,1.45,0.11,4.99
Kepler-1367 b,0.92,0.721,998.0,0.0236,225.233,4106.0,0.6,0.62,-0.06,5.09
Kepler-1235 b,0.79,0.418,985.0,0.04836,265.325,5541.0,0.9,0.93,0.01,4.66
Kepler-1424 b,1.16,1.65,629.0,0.19068,58.6,5838.0,1.07,1.02,0.01,5.81
Kepler-1426 b,1.56,3.05,797.0,0.1187,95.22,5831.0,1.02,1.02,0.03,4.41
Kepler-556 b,2.24,5.65,766.0,0.09833,81.641,5740.0,0.98,1.0,0.03,2.76
Kepler-1586 b,1.52,2.92,1013.0,0.12208,105.771,6681.0,1.75,1.45,0.06,4.57
Kepler-770 d,1.4,2.54,1941.0,0.0616,209.752,5598.0,0.92,0.94,-0.01,5.09
Kepler-783 b,0.78,0.399,991.0,0.04958,229.104,5521.0,0.89,0.93,0.01,4.62
Kepler-1427 b,1.1,1.37,1844.0,0.0197,2730.51,5793.0,1.01,1.01,0.06,5.66
Kepler-1428 b,1.64,3.33,1049.0,0.11051,817.579,6184.0,1.36,1.28,0.35,4.15
Kepler-541 b,3.36,11.2,1673.0,0.06447,1452.904,6166.0,2.06,1.41,0.07,1.62
Kepler-1165 b,1.55,3.02,946.0,0.0914,464.773,6080.0,1.18,1.13,0.05,4.46
Kepler-1553 b,1.15,1.6,926.0,0.0481,166.106,5288.0,0.81,0.85,-0.09,5.78
Kepler-1588 b,0.76,0.363,925.0,0.07419,359.79,5817.0,0.99,0.96,-0.14,4.54
Kepler-1589 b,1.09,1.32,2102.0,0.0205,5228.785,6166.0,1.25,1.18,0.08,5.6
Kepler-1432 b,2.22,5.56,709.0,0.1696,119.237,6031.0,1.13,1.09,0.02,2.79
Kepler-1556 b,1.96,4.5,797.0,0.0829,92.138,5608.0,0.95,0.97,0.08,3.28
Kepler-1590 b,1.14,1.55,1020.0,0.07116,171.478,6053.0,1.16,1.11,0.03,5.75
Kepler-398 d,0.88,0.615,636.0,0.0618,40.831,4557.0,0.67,0.72,-0.06,4.96
Kepler-1321 c,2.4,6.35,697.0,0.0267,115.909,4094.0,0.53,0.54,-0.45,2.52
Kepler-1433 b,1.56,3.05,1226.0,0.0516,535.42,6097.0,1.19,1.14,0.07,4.41
Kepler-1557 b,1.53,2.96,1287.0,0.049,645.543,6099.0,1.17,1.11,0.02,4.54
Kepler-1178 b,1.07,1.24,378.0,0.1596,23.237,4990.0,0.75,0.8,-0.05,5.56
Kepler-1592 b,1.54,2.99,1202.0,0.04,1918.34,6213.0,1.28,1.18,0.04,4.5
Kepler-1365 c,0.8,0.437,1137.0,0.05701,864.037,5770.0,1.05,1.0,0.03,4.69
Kepler-1370 c,1.27,2.15,1075.0,0.08084,503.722,6202.0,1.29,1.19,0.05,5.77
Kepler-1336 c,1.71,3.57,1260.0,0.06272,662.713,5512.0,1.3,0.94,0.05,3.92
Kepler-1558 b,0.68,0.244,1019.0,0.04278,189.886,5101.0,0.79,0.83,0.0,4.26
Kepler-1594 b,1.06,1.2,1360.0,0.0396,672.414,5946.0,1.08,1.06,0.03,5.54
Kepler-1595 b,1.23,2.04,980.0,0.051,185.568,5203.0,0.8,0.84,-0.02,6.02
Kepler-1388 c,2.26,5.73,566.0,0.0519,51.044,4098.0,0.61,0.63,0.02,2.73
Kepler-1439 b,1.46,2.73,420.0,0.0594,9.081,3578.0,0.43,0.46,-0.03,4.82
Kepler-1438 b,0.94,0.779,1490.0,0.0346,561.12,5530.0,0.96,0.97,0.2,5.15
Kepler-1440 b,1.26,2.13,597.0,0.23431,44.728,5698.0,0.96,0.98,0.04,5.85
Kepler-576 b,3.27,10.7,541.0,0.179,16.817,5672.0,0.97,0.99,0.09,1.68
Kepler-1596 b,1.9,4.27,471.0,0.3237,33.378,5706.0,0.92,0.95,-0.11,3.42
Kepler-577 b,2.55,7.04,314.0,0.1348,5.688,4984.0,0.73,0.78,-0.14,2.33
Kepler-1393 b,0.8,0.437,1249.0,0.0337,574.37,5697.0,0.92,0.95,-0.09,4.69
Kepler-1394 b,1.39,2.51,1947.0,0.05474,2023.005,6481.0,2.55,1.64,0.06,5.14
Kepler-1441 b,1.31,2.27,682.0,0.2346,33.046,5802.0,1.0,1.0,0.01,5.55
Kepler-511 b,6.35,33.1,332.0,0.85672,4.208,5770.0,1.2,1.0,0.01,0.71
Kepler-1563 b,0.75,0.347,1134.0,0.0442,390.57,5765.0,0.99,1.0,0.02,4.52
Kepler-1564 b,1.47,2.76,635.0,0.1327,41.514,5528.0,0.9,0.93,0.03,4.77
Kepler-1603 b,1.29,2.21,1522.0,0.0351,1269.46,6241.0,1.31,1.21,0.07,5.66
Kepler-1395 b,0.8,0.437,1311.0,0.04974,730.531,6138.0,1.23,1.17,0.12,4.69
Kepler-1565 b,1.19,1.81,1234.0,0.0241,510.566,4940.0,0.73,0.76,-0.16,5.9
Kepler-1567 b,2.73,7.9,330.0,0.552,2.723,5655.0,0.93,0.95,-0.03,2.13
Kepler-1598 b,0.95,0.809,1236.0,0.05207,308.46,5940.0,1.09,1.07,0.04,5.18
Kepler-1599 b,1.62,3.26,407.0,0.4823,8.196,5767.0,0.99,0.99,0.02,4.21
Kepler-1399 b,1.25,2.1,1610.0,0.0276,1707.252,5735.0,0.96,0.97,-0.03,5.91
Kepler-684 b,3.36,11.2,812.0,0.064,102.87,5493.0,0.86,0.89,-0.11,1.62
Kepler-605 c,0.86,0.566,1278.0,0.03336,513.03,5462.0,0.88,0.91,0.02,4.89
Kepler-1569 b,1.68,3.46,1222.0,0.06669,495.652,6319.0,1.4,1.25,0.06,4.01
Kepler-687 b,3.52,12.2,518.0,0.1326,15.648,4841.0,0.73,0.77,-0.04,1.54
Kepler-1597 b,1.06,1.2,1497.0,0.04136,1431.311,6377.0,1.39,1.25,0.02,5.54
Kepler-1402 b,0.76,0.363,1789.0,0.0322,2491.119,5416.0,0.87,0.9,0.03,4.54
Kepler-610 c,3.3,10.9,318.0,0.5594,2.297,5943.0,1.13,1.1,0.12,1.67
Kepler-1571 b,1.52,2.92,1476.0,0.04287,757.132,6297.0,1.39,1.23,0.04,4.57
Kepler-1389 b,1.77,3.78,300.0,0.38249,1.871,5078.0,0.74,0.81,-0.14,3.75
Kepler-1405 b,3.96,14.9,565.0,0.1778,33.802,5925.0,1.07,1.05,0.03,1.32
Kepler-1406 b,1.1,1.37,854.0,0.0987,125.89,5892.0,1.12,1.05,0.04,5.66
Kepler-625 c,1.05,1.16,1048.0,0.05379,932.132,5789.0,0.96,1.04,0.1,5.51
Kepler-217 d,1.32,2.3,1574.0,0.0534,2099.752,6341.0,1.76,1.37,0.09,5.5
Kepler-1573 b,1.2,1.87,1379.0,0.0364,1343.114,5808.0,1.0,1.01,0.02,5.95
Kepler-1574 b,1.29,2.21,1003.0,0.0743,289.778,5892.0,1.08,1.06,0.08,5.66
Kepler-758 d,2.12,5.14,843.0,0.1527,173.171,6228.0,1.42,1.16,-0.1,2.96
Kepler-533 b,3.38,11.4,423.0,0.16704,8.769,4758.0,0.72,0.78,0.01,1.62
Kepler-1407 b,2.25,5.69,826.0,0.1502,78.667,6010.0,1.15,1.1,0.05,2.74
Kepler-653 c,0.78,0.399,2078.0,0.01855,3743.275,5665.0,1.19,1.02,0.23,4.62
Kepler-1541 b,1.16,1.65,1048.0,0.07555,75.56,5282.0,0.81,0.86,-0.04,5.81
Kepler-1245 c,1.44,2.67,1190.0,0.0372,328.984,5306.0,0.83,0.86,-0.01,4.91
Kepler-1050 c,1.48,2.79,935.0,0.15264,40.644,6010.0,1.13,1.09,0.03,4.73
Kepler-534 b,2.24,5.65,721.0,0.1272,63.95,5884.0,0.98,1.05,0.01,2.76
Kepler-1412 b,0.83,0.498,1397.0,0.04608,1087.781,5880.0,1.27,1.06,0.04,4.79
Kepler-1413 b,1.82,3.97,661.0,0.1066,42.825,5196.0,0.8,0.84,-0.05,3.62
Kepler-1542 b,0.76,0.363,1160.0,0.04765,518.437,5564.0,0.99,0.94,0.06,4.54
TOI-5301 b,13.09208946,1182.32167404,1648.0,0.073,429.794,6240.0,2.19,1.483,0.03,2.88
Kepler-536 b,3.1,9.8,1877.0,0.02835,892.812,5524.0,0.89,0.92,0.0,1.81
Kepler-1414 b,1.23,2.04,1033.0,0.0426,209.464,4951.0,0.75,0.8,-0.02,6.02
Kepler-1415 b,1.29,2.21,1846.0,0.01416,2138.079,5267.0,0.84,0.89,0.12,5.66
Kepler-1545 b,2.7,7.75,274.0,0.5442,1.408,5201.0,0.8,0.84,-0.06,2.16
Kepler-1254 d,1.31,2.27,794.0,0.0575,71.31,4985.0,0.75,0.78,-0.1,5.55
Kepler-555 b,2.83,8.4,664.0,0.1201,129.374,5894.0,1.04,1.03,0.0,2.04
Kepler-245 e,1.75,1806.36,998.0,0.04053,240.151,5174.0,0.8,0.86,0.05,902.0
Kepler-1417 b,1.0,0.972,695.0,0.14062,114.332,5839.0,1.02,1.02,0.02,5.34
Kepler-1418 b,1.66,3.39,419.0,0.131,7.29,4770.0,0.72,0.77,0.0,4.07
Kepler-1548 b,2.64,7.46,350.0,0.4679,1.933,5706.0,0.97,0.99,0.05,2.23
Kepler-1579 b,0.84,0.52,1139.0,0.014,396.64,4584.0,0.7,0.75,0.11,4.82
Kepler-903 c,2.53,6.94,462.0,0.30249,24.791,5682.0,0.97,0.98,0.05,2.35
Kepler-1419 b,2.86,8.55,510.0,0.2391,21.243,5796.0,1.01,1.01,0.04,2.01
Kepler-1154 c,2.36,6.17,1117.0,0.0875,339.573,6327.0,1.43,1.26,0.04,2.58
Kepler-1583 b,0.6,0.156,788.0,0.08307,124.307,5645.0,0.91,0.94,-0.07,3.97
Kepler-1582 b,1.49,2.83,354.0,0.0316,2.5,3208.0,0.3,0.28,0.48,4.7
Kepler-1584 b,1.61,3.22,886.0,0.1168,162.544,6069.0,1.13,1.1,0.0,4.24
Kepler-1469 b,2.8,8.25,551.0,0.1466,24.901,5507.0,0.89,0.92,0.02,2.07
Kepler-633 b,1.63,3.29,1021.0,0.08185,454.5,5899.0,1.15,1.02,-0.05,4.17
Kepler-1511 b,1.68,3.46,903.0,0.1753,228.219,6064.0,1.29,1.17,0.14,4.01
Kepler-1525 b,0.91,0.693,1343.0,0.03557,715.106,5748.0,1.04,1.07,0.27,5.05
Kepler-1617 b,1.2,1.87,736.0,0.17707,64.689,6167.0,1.22,1.15,0.01,5.95
Kepler-1470 b,1.07,1.24,574.0,0.116,23.918,4961.0,0.76,0.8,-0.01,5.56
Kepler-132 e,1.18,1.76,414.0,0.43927,6.1,6023.0,1.1,1.03,-0.13,5.89
Kepler-695 b,9.21,62.3,1021.0,0.0374,499.064,5181.0,0.8,0.84,-0.01,0.438
Kepler-704 b,2.61,7.32,1121.0,0.047,514.124,5616.0,0.96,0.97,0.09,2.26
Kepler-1527 b,4.77,20.4,450.0,0.6276,7.813,6224.0,1.32,1.21,0.07,1.03
Kepler-1618 b,1.26,2.13,1267.0,0.07109,903.908,6620.0,1.65,1.41,0.04,5.85
Kepler-630 b,3.18,10.2,343.0,0.56201,5.568,5829.0,1.04,1.02,0.03,1.74
Kepler-1472 b,1.9,4.27,613.0,0.2322,57.079,6159.0,1.25,1.16,0.03,3.42
Kepler-622 b,2.13,5.18,446.0,0.0978,12.486,4201.0,0.61,0.64,-0.09,2.95
Kepler-967 c,3.65,12.9,258.0,0.6253,1.05,5178.0,0.8,0.84,-0.03,1.46
Kepler-154 e,1.5,2.86,1140.0,0.04766,480.405,5769.0,0.98,0.98,-0.04,4.66
Kepler-1529 b,2.1,5.06,817.0,0.0525,115.765,5048.0,0.77,0.81,-0.03,3.0
Kepler-1090 b,2.25,5.69,297.0,0.63323,1.825,5321.0,0.82,0.86,-0.04,2.74
Kepler-1619 b,0.76,0.363,797.0,0.15413,74.635,5852.0,1.0,1.0,-0.07,4.54
Kepler-1477 b,1.18,1.76,674.0,0.0911,78.163,5100.0,0.78,0.81,-0.06,5.89
Kepler-598 b,1.5,2.86,1050.0,0.04487,265.407,5307.0,0.86,0.87,0.02,4.66
Kepler-1530 b,1.64,3.33,1484.0,0.03553,353.561,5477.0,0.88,0.92,0.03,4.15
Kepler-1530 c,1.65,3.36,1167.0,0.05744,135.179,5477.0,0.88,0.92,0.03,4.11
Kepler-692 b,3.11,9.85,639.0,0.1495,28.504,5440.0,0.86,0.9,-0.01,1.8
Kepler-1622 b,1.47,2.76,922.0,0.10136,236.005,6436.0,1.5,1.31,0.04,4.77
Kepler-1479 b,1.83,4.01,746.0,0.11341,98.574,5796.0,0.98,0.99,-0.02,3.6
Kepler-1480 b,1.67,3.43,721.0,0.1525,16.317,5156.0,0.81,0.85,0.07,4.05
Kepler-969 c,0.99,0.937,1270.0,0.0265,564.581,5214.0,0.82,0.92,0.22,5.31
Kepler-990 c,1.53,2.96,2386.0,0.01232,5272.4,5948.0,1.08,1.05,0.01,4.54
Kepler-1093 c,1.96,4.5,508.0,0.41037,18.1,6166.0,1.2,1.13,-0.01,3.28
Kepler-1531 b,1.11,1.41,2537.0,0.02204,4457.2,6260.0,1.27,1.16,-0.03,5.67
Kepler-631 b,2.9,8.75,828.0,0.14017,94.137,6185.0,1.33,1.24,0.23,1.97
Kepler-1623 b,1.31,2.27,1000.0,0.0518,243.08,5772.0,1.0,1.0,0.04,5.55
Kepler-1481 b,1.23,2.04,797.0,0.059,71.94,4908.0,0.75,0.8,0.04,6.02
Kepler-1483 b,1.52,2.92,1131.0,0.0958,265.018,6337.0,1.4,1.25,0.04,4.57
Kepler-636 b,4.45,18.1,614.0,0.1185,67.509,5203.0,0.8,0.85,-0.02,1.13
Kepler-489 b,7.72,46.1,538.0,0.12109,20.618,5014.0,0.76,0.82,0.0,0.551
Kepler-1016 c,3.68,13.1,407.0,0.43519,7.071,5821.0,1.0,0.99,-0.03,1.44
Kepler-705 b,2.11,5.1,265.0,0.232,0.729,3722.0,0.51,0.53,0.07,2.98
Kepler-1536 b,3.14,10.0,166.0,0.8507,0.193,4434.0,0.67,0.71,0.05,1.77
Kepler-632 b,2.21,5.52,500.0,0.1885,14.72,5322.0,0.84,0.91,0.11,2.81
Kepler-545 b,2.69,7.7,806.0,0.11248,101.143,5882.0,1.07,1.04,0.03,2.17
Kepler-1486 b,2.32,5.99,538.0,0.2846,22.372,5965.0,1.12,1.08,0.06,2.64
Kepler-342 e,0.88,0.615,1897.0,0.02909,3111.322,6366.0,1.34,1.26,0.12,4.96
Kepler-582 b,3.68,13.1,603.0,0.1254,25.056,5564.0,0.91,0.93,0.01,1.44
Kepler-1409 b,1.04,1.12,1733.0,0.01553,1552.133,5160.0,0.79,0.83,-0.03,5.47
Kepler-1444 b,2.18,5.39,581.0,0.20906,25.942,5810.0,1.05,1.03,0.06,2.86
Kepler-581 b,2.63,7.41,521.0,0.2259,12.39,5772.0,1.0,1.0,0.03,2.24
Kepler-1516 b,1.75,3.71,967.0,0.0718,615.253,5904.0,1.07,1.04,0.03,3.8
Kepler-600 b,2.9,8.75,528.0,0.1536,20.182,5279.0,0.81,0.84,-0.09,1.97
Kepler-1537 b,1.18,1.76,1800.0,0.0245,713.168,5079.0,0.77,0.81,-0.08,5.89
Kepler-1447 b,2.9,8.75,522.0,0.2836,10.349,5722.0,0.95,0.97,-0.03,1.97
Kepler-1488 b,1.86,4.12,650.0,0.24153,73.335,5820.0,1.31,1.05,0.06,3.52
WASP-156 b,6.02802815,41.8,934.5,0.0458,150.0,4987.0,0.8268,0.8712,0.305,1.05
Kepler-1538 b,2.82,8.35,346.0,0.6095,1.989,5837.0,1.03,1.03,0.02,2.05
Kepler-1448 b,1.61,3.22,811.0,0.1058,86.645,5774.0,0.93,0.95,-0.16,4.24
Kepler-1493 b,1.41,2.57,874.0,0.1197,137.91,5863.0,1.29,1.06,0.06,5.04
Kepler-1519 b,7.06,39.6,342.0,0.7655,3.944,5644.0,0.91,0.94,-0.07,0.618
Kepler-688 b,9.76,68.7,1005.0,0.046,458.912,5715.0,0.96,0.98,0.02,0.406
Kepler-1450 b,1.71,3.57,308.0,0.2401,3.078,4524.0,0.68,0.71,-0.02,3.92
Kepler-1494 b,3.07,9.64,415.0,0.3982,9.113,5659.0,0.94,0.96,0.01,1.83
Kepler-1495 b,2.94,8.96,443.0,0.3677,9.1,5831.0,1.04,1.03,0.06,1.94
Kepler-1520 b,5.77,28.1,1437.0,0.0129,1134.386,4677.0,0.71,0.76,0.04,0.804
Kepler-637 b,4.75,20.2,1002.0,0.16619,63.805,6096.0,2.56,1.64,0.38,1.04
Kepler-1607 b,0.92,0.721,913.0,0.11978,449.632,6116.0,1.21,1.14,0.05,5.09
Kepler-1496 b,2.22,5.56,535.0,0.3211,18.383,6182.0,1.27,1.18,0.05,2.79
Kepler-937 c,2.67,7.61,377.0,0.5545,6.93,6095.0,1.22,1.15,0.08,2.2
Kepler-1065 c,1.6,3.19,1256.0,0.0344,734.619,5635.0,0.93,0.94,-0.01,4.28
Kepler-1067 b,0.8,0.437,1872.0,0.0164,2761.757,5592.0,0.93,0.95,0.03,4.69
Kepler-578 b,2.0,4.66,1774.0,0.0266,496.898,5334.0,0.83,0.87,-0.03,3.2
Kepler-689 b,2.89,8.7,536.0,0.1449,35.337,5518.0,0.88,0.91,-0.01,1.98
Kepler-1460 b,1.96,4.5,391.0,0.1614,5.469,4422.0,0.67,0.7,-0.02,3.28
Kepler-1498 b,1.33,2.33,564.0,0.2528,9.86,5256.0,0.81,0.86,-0.01,5.44
Kepler-1073 c,1.64,3.33,1169.0,0.0483,357.082,5792.0,1.0,1.0,0.0,4.15
Kepler-701 b,2.84,8.45,777.0,0.0895,75.623,5343.0,0.84,0.88,0.0,2.03
Kepler-1611 b,0.81,0.457,1243.0,0.0586,146.22,5605.0,0.93,0.94,0.01,4.73
Kepler-624 b,2.31,5.95,852.0,0.11638,130.757,6117.0,1.18,1.1,-0.06,2.65
Kepler-1462 b,3.82,14.0,390.0,0.3094,4.704,5756.0,1.0,1.0,0.06,1.38
Kepler-1500 b,1.2,1.87,928.0,0.1236,131.818,5845.0,1.0,1.0,-0.05,5.95
Kepler-1522 b,1.73,3.64,1374.0,0.0288,1513.457,5706.0,0.93,0.96,-0.07,3.86
Kepler-625 b,1.99,4.62,852.0,0.08137,407.833,5789.0,0.96,1.04,0.1,3.22
Kepler-1612 b,1.03,1.08,1030.0,0.0482,269.248,5643.0,0.94,0.96,0.03,5.43
Kepler-1464 b,1.66,3.39,564.0,0.20066,89.473,5828.0,1.01,1.02,0.03,4.07
Kepler-1464 c,1.0,0.972,1023.0,0.06101,968.555,5828.0,1.01,1.02,0.03,5.34
Kepler-1504 b,2.13,5.18,485.0,0.3704,25.17,5393.0,0.81,0.85,-0.17,2.95
Kepler-1505 b,0.93,0.749,525.0,0.18298,36.121,5686.0,0.86,0.93,-0.18,5.12
Kepler-1523 b,1.58,3.12,1676.0,0.01867,2218.145,5708.0,0.96,0.97,0.0,4.35
Kepler-1085 b,7.22,41.2,313.0,0.73361,2.055,6000.0,1.14,1.11,0.08,0.602
Kepler-1613 b,2.08,4.98,1926.0,0.02755,6797.623,6005.0,1.12,1.08,0.01,3.04
Kepler-1614 b,1.49,2.83,981.0,0.0471,276.373,5121.0,0.76,0.79,-0.17,4.7
Kepler-1468 b,1.73,3.64,1093.0,0.0817,481.352,5893.0,1.05,1.04,0.03,3.86
Kepler-1507 b,0.84,0.52,630.0,0.11946,30.476,5410.0,0.85,0.89,-0.03,4.82
Kepler-1509 b,1.85,4.08,667.0,0.1707,83.081,5780.0,0.99,1.0,0.03,3.54
Kepler-1086 c,2.94,8.96,211.0,0.503,0.519,4350.0,0.66,0.7,0.06,1.94
Kepler-1524 b,3.54,12.3,438.0,0.3392,8.443,6179.0,1.25,1.17,0.04,1.52
Kepler-1616 b,1.02,1.04,1337.0,0.07318,724.861,6266.0,1.34,1.21,0.02,5.39
Kepler-1645 b,1.78,3.82,754.0,0.1285,138.538,5812.0,1.02,1.02,0.04,3.72
Kepler-741 b,2.97,9.11,1051.0,0.0744,461.993,6129.0,1.24,1.16,0.07,1.91
Kepler-564 b,4.63,19.4,1129.0,0.0484,389.404,5626.0,0.92,0.95,-0.01,1.07
Kepler-594 b,2.18,5.39,678.0,0.1089,59.396,5485.0,0.87,0.91,-0.03,2.86
Kepler-154 d,3.84,14.1,657.0,0.14354,53.002,5769.0,0.98,0.98,-0.04,1.37
Kepler-642 b,2.9,8.75,1810.0,0.05631,719.373,6570.0,1.66,1.4,0.06,1.97
Kepler-643 b,10.16,321.0083,963.0,0.13485,211.711,4908.0,2.52,1.0,0.13,1.68
Kepler-726 b,3.26,10.7,543.0,0.1406,25.296,5452.0,0.85,0.88,-0.09,1.7
Kepler-1143 c,3.6,12.6,234.0,0.6477,0.568,5053.0,0.77,0.81,-0.06,1.48
Kepler-148 d,8.68,56.3,413.0,0.2607,6.532,5172.0,0.81,0.86,0.07,0.473
Kepler-673 b,6.54,34.8,1023.0,0.0455,253.456,5355.0,0.84,0.88,0.0,0.684
Kepler-674 b,1.69,3.5,822.0,0.028,146.511,4192.0,0.57,0.6,-0.27,3.98
Kepler-712 b,3.41,11.5,521.0,0.13615,15.801,5148.0,0.78,0.84,-0.03,1.59
Kepler-1628 b,6.43,33.8,240.0,0.2952,0.79,3724.0,0.52,0.55,0.17,0.699
Kepler-1388 e,2.46,6.62,299.0,0.1861,3.97,4098.0,0.61,0.63,0.02,2.44
Kepler-655 b,2.71,7.8,588.0,0.25697,28.767,6170.0,1.24,1.15,0.0,2.15
Kepler-565 b,3.64,12.9,1063.0,0.0501,301.46,5735.0,0.95,0.98,-0.02,1.47
Kepler-676 b,3.04,9.48,396.0,0.0798,8.241,3701.0,0.49,0.51,-0.02,1.85
Kepler-675 b,2.44,6.53,1070.0,0.0325,308.547,4945.0,0.75,0.79,-0.05,2.47
Kepler-1630 b,2.19,5.43,182.0,1.1218,0.26,4736.0,0.63,0.66,-0.46,2.84
Kepler-1482 b,1.01,1.01,678.0,0.09968,86.499,5381.0,0.84,0.88,-0.04,5.39
Kepler-587 b,2.23,5.6,764.0,0.0952,70.965,5549.0,0.89,0.92,-0.05,2.77
Kepler-657 b,3.52,12.2,616.0,0.17337,62.2,5808.0,1.01,1.01,0.03,1.54
Kepler-483 b,3.21,10.4,755.0,0.19471,61.495,6346.0,1.47,1.28,0.09,1.73
Kepler-572 b,2.58,7.18,553.0,0.1192,26.889,5212.0,0.79,0.83,-0.1,2.3
Kepler-714 b,9.67,67.6,986.0,0.0832,484.006,5995.0,1.12,1.09,0.04,0.411
Kepler-623 b,3.01,9.32,825.0,0.0854,77.098,5443.0,0.86,0.9,-0.03,1.88
Kepler-658 b,1.63,3.29,871.0,0.0188,223.745,4103.0,0.6,0.63,-0.04,4.17
Kepler-680 b,2.42,6.44,1147.0,0.0469,706.62,5890.0,1.11,1.08,0.13,2.5
Kepler-1633 b,1.58,3.12,925.0,0.3875,26.258,6256.0,1.32,1.2,0.02,4.35
Kepler-605 b,1.44,2.67,1133.0,0.04244,316.718,5462.0,0.88,0.91,0.02,4.91
Kepler-727 b,2.53,6.94,964.0,0.0546,176.685,5441.0,0.86,0.89,-0.01,2.35
Kepler-588 b,2.63,7.41,1176.0,0.052,718.075,5835.0,1.0,1.01,0.0,2.24
Kepler-589 b,2.27,5.77,656.0,0.1196,32.142,5296.0,0.83,0.88,0.01,2.71
Kepler-573 b,2.79,8.2,646.0,0.14527,46.44,5746.0,1.02,0.99,0.02,2.07
Kepler-596 b,3.46,11.8,725.0,0.15161,82.302,6267.0,1.32,1.21,0.03,1.57
Kepler-715 b,3.75,13.5,876.0,0.0933,181.408,5871.0,1.04,1.04,0.02,1.41
Kepler-716 b,2.9,8.75,720.0,0.08628,42.493,5099.0,0.78,0.83,0.0,1.97
Kepler-1185 b,1.33,2.33,355.0,0.4297,9.31,5622.0,0.87,0.96,-0.04,5.44
Kepler-660 b,2.57,7.13,649.0,0.0759,44.09,4779.0,0.71,0.75,-0.07,2.31
Kepler-496 b,2.32,5.99,747.0,0.0747,62.926,5293.0,0.82,0.86,-0.03,2.64
HD 63935 c,3.06451296,11.1,619.59,0.148,36.7,5513.0,0.9598,0.9406,0.107,2.11
Kepler-1636 b,3.23,10.5,248.0,1.12191,1.217,5797.0,1.02,1.01,0.03,1.71
Kepler-561 b,6.96,38.7,446.0,0.29256,7.565,5646.0,0.94,0.96,0.02,0.631
Kepler-728 b,3.34,11.1,982.0,0.0625,484.51,5660.0,0.93,0.95,-0.03,1.64
Kepler-566 b,2.15,5.27,526.0,0.1247,16.879,5132.0,0.79,0.83,-0.01,2.91
Kepler-550 b,4.42,17.9,760.0,0.0747,77.258,5322.0,0.83,0.87,-0.02,1.14
Kepler-574 b,2.39,6.3,858.0,0.0723,120.47,5612.0,0.91,0.95,-0.01,2.54
Kepler-585 b,2.83,8.4,1178.0,0.03841,489.149,5593.0,0.93,0.96,0.03,2.04
Kepler-611 b,1.65,3.36,1513.0,0.0351,1825.301,5761.0,1.01,1.01,0.06,4.11
Kepler-729 b,3.58,12.5,1273.0,0.0432,1089.549,5633.0,0.91,0.94,-0.05,1.5
Kepler-662 b,2.18,5.39,530.0,0.1408,23.824,4897.0,0.74,0.79,-0.03,2.86
Kepler-551 b,2.73,7.9,483.0,0.0893,14.386,4286.0,0.63,0.65,-0.09,2.13
OGLE-2012-BLG-0724L b,14.3,150.0,,1.6,,,,0.29,,0.282
Kepler-1638 b,1.87,4.16,304.0,0.745,2.76,5710.0,0.95,0.97,-0.01,3.5
Kepler-586 b,2.79,8.2,1365.0,0.0331,705.051,5575.0,0.92,0.94,0.0,2.07
HIP 97166 c,2.75,8.0,642.0,0.124,,5216.0,0.8418,0.9342,0.248,2.11
TOI-1601 b,14.19902343,387.0,1493.97,0.069,1071.42,5982.0,2.195,1.5055,0.343,0.74
TOI-1444 b,1.41792246,3.58,2130.02,0.0116,5028.6263,5460.0,0.9105,0.9513,0.146,6.84
Kepler-618 b,2.6,7.27,1296.0,0.0449,677.569,5860.0,1.08,1.05,0.08,2.27
Kepler-601 b,1.9,4.27,833.0,0.05494,110.619,5160.0,0.79,0.85,-0.02,3.42
Kepler-645 b,2.1,5.06,1730.0,0.04541,1364.762,6170.0,1.21,1.13,-0.01,3.0
Kepler-719 b,8.52,54.5,998.0,0.0556,234.28,5777.0,0.98,0.99,-0.02,0.484
Kepler-612 b,2.84,8.45,1046.0,0.0452,997.089,5693.0,0.96,0.98,0.04,2.03
Kepler-590 b,4.02,15.2,1056.0,0.0647,782.415,6000.0,1.15,1.1,0.07,1.29
Kepler-552 b,3.95,14.8,1103.0,0.0612,358.994,5863.0,1.04,1.03,0.01,1.32
Kepler-1454 b,1.88,4.19,492.0,0.2447,9.08,5448.0,0.86,0.9,-0.02,3.47
Kepler-460 c,5.52,26.1,389.0,0.75318,7.4,6146.0,1.26,1.17,0.06,0.853
Kepler-646 b,1.99,4.62,632.0,0.11251,38.229,5634.0,0.91,0.93,-0.07,3.22
Kepler-735 b,2.95,9.01,657.0,0.0965,32.679,5107.0,0.8,0.85,0.07,1.93
Kepler-591 b,3.39,11.4,436.0,0.3554,5.615,5677.0,0.94,0.97,0.01,1.61
TOI-1842 b,12.3485023,89.4,1199.55,0.1,354.639,6039.0,2.032,1.4643,0.332,0.26
HIP 97166 b,2.4801338,19.1,701.66,0.091,9.0686,5216.0,0.8418,0.9342,0.248,6.86
Kepler-602 b,2.09,5.02,852.0,0.1224,128.783,6062.0,1.13,1.08,-0.02,3.02
Kepler-721 b,2.64,7.46,850.0,0.0583,138.751,5075.0,0.78,0.82,-0.01,2.23
Kepler-722 b,2.63,7.41,1182.0,0.0514,414.601,5863.0,1.05,1.03,0.02,2.24
Kepler-568 b,2.26,5.73,429.0,0.0794,8.37,3768.0,0.53,0.55,0.11,2.73
Kepler-569 b,3.16,10.1,526.0,0.19784,19.314,5616.0,0.93,0.95,0.01,1.76
TOI-1296 b,14.11645916,95.3,1414.84,0.051,1078.5987,5567.0,1.7031,1.1576,0.405,0.19
TOI-1298 b,9.65807033,99.0,1278.0,0.057,732.0077,5752.0,1.4536,1.2187,0.397,0.6
Kepler-615 b,1.74,3.68,620.0,0.085,19.18,4655.0,0.69,0.73,-0.07,3.84
Kepler-593 b,2.87,8.6,706.0,0.1508,61.02,5967.0,1.1,1.08,0.04,2.0
Kepler-592 b,2.39,6.3,1367.0,0.0397,935.827,5913.0,1.04,1.04,-0.03,2.54
Kepler-709 b,2.92,8.85,613.0,0.1173,28.216,5071.0,0.77,0.8,-0.08,1.95
Kepler-1625 b,6.06,30.6,350.0,0.87762,3.3,5677.0,0.94,0.96,0.01,0.756
Kepler-1642 b,3.2,10.3,895.0,0.1016,39.915,5355.0,0.84,0.88,-0.01,1.73
Kepler-1642 c,2.66,7.56,1095.0,0.0678,89.632,5355.0,0.84,0.88,-0.01,2.21
Kepler-652 b,2.49,6.76,974.0,0.04958,211.884,5490.0,0.88,0.97,0.17,2.41
Kepler-737 b,1.96,4.5,298.0,0.1422,2.297,3813.0,0.48,0.51,-0.24,3.28
Kepler-669 b,4.83,20.8,1243.0,0.0529,826.765,6038.0,1.2,1.15,0.14,1.01
Kepler-558 b,2.37,6.21,498.0,0.1759,15.227,5242.0,0.81,0.85,-0.06,2.56
Kepler-609 b,3.35,11.2,932.0,0.0682,258.059,5971.0,1.14,1.09,0.06,1.64
Kepler-724 b,3.29,10.8,1155.0,0.0433,339.401,5437.0,0.86,0.9,-0.02,1.67
Kepler-1646 b,1.23,2.04,365.0,0.0295,4.2,3299.0,0.26,0.24,0.04,6.02
Kepler-710 b,1.88,4.19,1174.0,0.0524,710.872,5611.0,0.91,0.94,-0.04,3.47
K2-88 b,1.23,2.04,,0.0345,7.8,3537.0,0.256,0.258,,6.02
K2-89 b,0.615,0.17,,0.01462,78.0,3691.0,0.318,0.347,,4.02
K2-116 b,0.69,0.257,,0.048,78.6,4348.35,0.6694,0.694512,0.01,4.3
K2-102 b,1.3,2.24,,,,4695.0,0.71,0.77,0.14,5.6
K2-5 b,1.91,4.31,565.0,0.0532,24.1,3930.0,0.57,0.61,-0.33,3.4
K2-5 c,2.26,5.73,456.0,0.0818,10.2,3930.0,0.57,0.61,-0.33,2.73
K2-91 b,1.1,1.37,,0.0164,46.0,3622.0,0.284,0.292,,5.66
K2-72 c,1.16,1.65,,0.078,2.2,3360.47,0.330989,0.271365,,5.81
K2-16 b,2.02,4.74,658.0,0.0667,44.5,4742.0,0.66,0.68,-0.33,3.16
K2-16 c,2.54,6.99,485.0,0.1229,13.1,4742.0,0.66,0.68,-0.33,2.34
Kepler-223 e,4.6,4.8,751.0,0.14481,119.882,5803.0,1.72,1.125,0.1,0.28
Kepler-223 b,2.99,7.4,1042.0,0.07525,444.053,5803.0,1.72,1.125,0.1,1.54
Kepler-223 d,5.24,8.0,827.0,0.11956,175.951,5803.0,1.72,1.125,0.1,0.31
K2-81 b,1.97,4.54,,0.059,62.9,4674.13,0.634663,0.745273,,3.26
TOI-1451 b,2.61143902,15.2,723.33,0.127,53.0216,5801.0,1.0162,1.0022,0.019,4.67
TOI-2267 d,1.77,3.78,422.0,0.0145,5.3,3022.0,0.13,0.0989,0.164,3.75
KMT-2024-BLG-2005L b,8.18,50.85254512,,1.12,,,,0.12,,0.511
NGC 2682 YBP 1194 b,12.3,101.7056,,,,5780.0,0.99,1.01,0.023,0.3
NGC 2682 YBP 1514 b,14.0,127.132,,,,5725.0,0.89,0.96,0.03,0.255
Kepler-80 d,1.53,6.75,722.0,0.0372,164.625,4540.0,0.678,0.73,0.04,7.04
GJ 1148 b,11.9,96.7,,0.166,,3287.0,0.358519,0.344045,0.1596,0.315
K2-90 c,1.3,2.24,,0.035,80.8,4421.98,0.634754,0.704613,-0.225,5.6
GJ 1148 c,9.71,68.06,,0.912,,3287.0,0.358519,0.344045,0.1596,0.409
TOI-1753 b,2.47852533,16.6,1005.43,0.059,237.996,5621.0,0.9715,0.9483,0.026,5.95
HD 17674 b,13.9,276.5121,,1.42,,5904.0,1.18,0.98,-0.16,0.566
HD 42012 b,13.5,508.528,,1.67,,5405.0,0.82,0.83,-0.09,1.14
TOI-1776 b,1.21612741,1.4,1269.21,0.0378,560.3349,5785.0,0.9356,0.9196,-0.193,4.13
OGLE-2012-BLG-0026L b,7.72,46.1,,4.0,,,,1.06,,0.551
Kepler-80 c,2.74,6.74,495.0,0.0792,36.482,4540.0,0.678,0.73,0.04,1.22
HD 6061 b,2.42763557,10.0,1075.31,0.06,339.1,5934.0,1.0072,1.0269,-0.05,3.82
OGLE-2012-BLG-0026L c,13.9,270.0,,4.8,,,,1.06,,0.552
TOI-1443 b,2.30381001,30.0,520.66,0.147,16.8576,5224.0,0.7511,0.7663,-0.294,14.0
HD 59686 A b,12.7,2199.3836,,1.086,,4658.0,13.2,1.9,0.15,5.9
KIC 7917485 b,12.4,3750.394,,,,7067.0,2.009938,1.63,-0.02,10.8
OGLE-2013-BLG-1721L b,14.1,200.0,,2.6,,,,0.46,,0.392
HD 34445 c,8.42,53.5,,0.7181,,5836.0,1.38,1.07,0.14,0.492
TOI-329 b,4.94057819,40.4,1213.02,0.0638,576.8749,5614.0,1.5326,1.0678,0.205,1.84
TOI-2518 b,2.26838675,5.77,1095.0,,239.133,5751.2,0.993374,1.11,,2.72
K2-46 b,2.05,4.86,889.0,0.13821,119.0,6256.0,1.29,0.96,-0.32,3.1
K2-42 b,2.15,5.27,,0.0617,44.1,4613.0,0.643,0.702,,2.91
HD 25463 c,1.36354953,4.3,1585.57,0.0443,1413.5,6353.0,1.4182,1.251,-0.018,9.09
HD 37124 c,14.1,207.22516,,1.71,,5698.64,0.949168,0.85,-0.44,0.406
HD 87646 b,12.4,3941.092,,0.117,,5770.0,1.55,1.12,-0.17,11.4
HD 34445 g,13.6,120.6,,6.36,,5836.0,1.38,1.07,0.14,0.263
Wolf 1061 c,1.66,3.41,,0.089,1.3,3342.0,0.307,0.294,-0.09,4.1
K2-47 b,1.89,4.23,,0.1779,10.7,5054.0,0.76,0.75,-0.224,3.44
K2-48 b,2.24,5.65,,0.1344,15.3,4899.0,0.73,0.77,-0.19,2.76
MXB 1658-298 b,12.0,7532.571,,1.613,,,,1.98,,24.0
K2-290 b,3.06,10.9,1230.0,0.0923,,6302.0,1.511,1.194,-0.06,4.1
TOI-1279 b,2.66146528,10.6,759.0,0.085,74.7359,5457.0,0.8426,0.8784,-0.079,3.05
NGC 2682 Sand 978 b,13.3,692.8694,,,,4200.0,21.017414,1.37,-0.02,1.62
GJ 3293 b,5.19,23.54,,0.14339,1.07,3466.0,0.404,0.42,0.02,0.925
K2-50 b,1.59,3.15,,0.0705,18.8,4326.0,0.546,0.611,-0.1132,4.31
K2-49 b,1.93,4.38,,0.0309,59.0,4175.0,0.45,0.51,,3.35
HD 219134 d,1.61,16.17,410.5,0.237,4.72,4699.0,0.778,0.81,0.11,
HD 219134 g,3.28,10.80622,,0.3753,,4913.0,0.77,0.794,0.08,1.68
TOI-270 b,1.28,1.48,600.0,0.03197,131.7935,3506.0,0.38,0.386,-0.17,3.89
HD 15337 b,1.77,6.519,1001.0,0.05245,404.5595,5131.0,0.855,0.829,0.03,6.458
HAT-P-67 b,23.9872187,143.02278315,1903.0,0.06505,2029.17,6640.0,2.62,1.73,0.14,0.061
Kepler-1652 b,1.6,3.19,268.0,0.1654,0.81,3638.0,0.382,0.404,-0.3,4.28
GJ 3293 c,4.87,21.09,,0.36175,0.17,3466.0,0.404,0.42,0.02,1.0
K2-58 d,1.71,3.57,,0.1517,24.6,5413.0,0.86,0.89,0.11,3.92
K2-59 c,2.3,5.9,,0.0905,38.3,5055.0,0.731,0.774,,2.66
HD 9174 b,13.7,352.7913,,2.2,,5577.0,1.67,1.03,0.39,0.754
K2-63 c,3.9,14.5,,0.189,139.0,6771.0,1.63,1.4,,1.34
K2-63 b,3.22,10.5,,0.1627,188.0,6771.0,1.63,1.4,,1.73
CoRoT-32 b,6.38913,47.6745,938.0,0.071,132.26,5970.0,0.79,1.08,0.0,1.1
HD 221585 b,13.5,511.7063,,2.306,,5620.0,1.850575,1.19,0.29,1.14
Kepler-539 c,13.3,762.792,253.0,2.42,,5820.0,0.952,1.048,-0.01,1.78
K2-64 b,2.07,4.94,,0.0619,98.0,5312.0,0.726,0.741,,3.06
K2-68 b,1.58,3.12,,0.0708,41.0,4746.0,0.675,0.73,-0.21,4.35
K2-21 b,1.84,4.04,500.0,0.076,10.0,4222.06,0.646783,0.676023,-0.11,2.7
Kepler-1647 b,11.8739,483.0,,2.7205,,6210.0,1.7903,1.2207,-0.14,1.59
K2-70 b,2.89,8.7,,0.1112,62.0,5622.0,0.93,0.94,0.06,1.98
K2-71 b,2.15,5.27,,0.0559,13.4,4006.0,0.426,0.477,,2.91
K2-118 b,2.54,6.99,,0.245,4.3,4726.29,0.734626,0.756446,0.129,2.34
TOI-1669 b,14.1,191.0,,1.27,,5497.0,1.0561,0.9867,0.274,0.374
TOI-2379 b,11.72459381,1830.69162432,624.0,0.05263,25.3,3707.0,0.622,0.645,0.501,6.21
TOI-2384 b,11.48920522,624.85064816,889.7,0.02793,104.3,3943.0,0.6113,0.635,0.332,2.26
TOI-1011 b,1.45,4.04,1364.0,,575.597,5475.0,0.92,0.91,0.03,7.28
K2-74 b,2.31,5.95,,0.1402,59.1,6060.0,0.98,0.96,-0.21,2.65
K2-75 b,2.67,7.61,,0.081,430.0,5995.0,1.56,1.16,0.3,2.2
K2-125 b,2.18,5.39,,0.121,2.0,3654.47,0.402049,0.494727,,2.86
TOI-2485 b,12.1393261,766.60211768,1134.0,0.1093,275.6,6016.4,1.72,1.163,0.097,2.36
TOI-2420 b,15.02003414,294.62693329,1571.6,0.0684,1017.0,5707.0,2.369,1.158,,0.477
K2-83 b,1.244,2.08,,0.03014,41.5,3910.0,0.424,0.484,,5.94
K2-130 b,1.25,2.1,,0.032,136.4,4356.47,0.744261,0.69563,-0.24,5.91
TOI-421 c,5.09,14.1,635.0,0.117,34.32,5291.0,0.866,0.833,-0.044,0.589957
MOA-2010-BLG-353L b,11.1,86.0,,1.72,,,,0.18,,0.346
K2-84 b,2.41,6.39,,0.0665,178.0,5652.0,0.93,0.95,0.278,2.51
K2-84 c,2.03,4.78,,0.1768,25.3,5652.0,0.93,0.95,0.278,3.14
K2-35 b,1.32,2.3,979.0,0.031,211.0,4402.71,0.619575,0.701968,0.04,5.5
HD 86950 b,13.0,1144.188,,2.72,,4805.0,8.8,1.66,0.04,2.86
K2-33 b,5.04,1175.971,850.0,0.0409,,3540.0,1.05,0.56,,
K2-161 b,6.11721229,31.1,,,,4972.0,2.568173,0.986876,-0.03,0.747
K2-160 b,3.17824034,10.2,,,,5649.0,0.913754,0.982829,0.07,1.75
HD 215152 d,,770.41605857,,0.08799,,4935.0,0.73,0.77,-0.1,
TOI-1173 b,9.19,27.4,868.0,0.0696,132.0,5350.0,0.934,0.911,0.139,0.195
TOI-270 c,2.33,6.2,489.0,0.04526,47.0639,3506.0,0.38,0.386,-0.17,2.7
TOI-270 d,2.0,4.2,383.0,0.0721,9.2135,3506.0,0.38,0.386,-0.17,2.9
HD 103197 b,5.83,28.6047,,0.25,,5250.0,0.88,0.8,0.22,0.793
HD 109246 b,13.9,273.3338,,0.33,,5844.0,1.07,1.2,0.1,0.559
OGLE-2016-BLG-1195L b,1.11,1.43,,1.16,,,,0.078,,5.75
Kepler-1650 b,0.96,0.84,602.0,0.0167,54.562,3410.0,0.334,0.326,-0.11,5.22
HD 183579 b,3.49,20.4,752.0,0.1322,58.1,5784.0,0.96,0.996,-0.038,2.65
Kepler-1654 b,9.180171,158.915,206.0,2.026,0.3,5597.0,1.179,1.011,-0.088,1.2
HD 121504 b,13.6,479.9233,,0.33,,6027.0,1.07,1.62,0.15,1.05
TOI-1824 b,2.7438269,16.0,528.67,0.151,14.6287,5165.0,0.8123,0.8801,0.124,4.24
BD+03 2562 b,12.7,2034.112,,1.3,,4095.0,32.35,1.14,-0.71,5.46
K2-186 b,3.17207779,10.2,,,,5784.0,0.98083,1.018617,0.06,1.76
K2-190 c,1.09308317,1.34,,,,5631.0,0.912206,0.904597,-0.19,5.64
TOI-712 c,2.701,7.76,369.9,0.2447,3.08,4622.0,0.674,0.732,-0.02,2.16
K2-231 b,2.5,6.8,,,,5695.0,0.95,1.01,0.14,2.39
HD 134987 b,13.5,511.7063,,0.81,,5736.0,1.22,1.1,0.28,1.14
HD 137388 b,9.32,63.566,,0.89,,5181.0,0.88,0.68,0.19,0.431
HD 177565 b,4.0,15.1,,0.246,,5627.0,0.971489,1.0,0.0812,1.3
K2-195 c,2.57581891,7.16,,,,5712.0,0.906367,0.963364,-0.09,2.3
K2-201 b,1.40006712,2.54,,,,5507.0,0.878161,0.956055,0.13,5.09
TOI-2768 b,2.63,7.41,855.0,0.027,89.0458,4008.0,0.657,0.63,,2.24
TOI-5319 b,2.83,8.4,695.0,0.0506,38.7885,3580.0,0.485,0.5,,2.04
OGLE-2017-BLG-1522L b,14.0,240.0,,0.59,,,,0.045,,0.481
HD 13931 b,13.2,889.9195396,,5.15,,5867.0,1.25,1.3,0.05,2.13
HD 142245 b,13.1,975.7381,,2.78,,4922.0,4.63,3.5,0.17,2.39
HIP 65426 b,16.8135,2860.47,1500.0,92.0,,8840.0,1.77,1.96,,3.31
Ross 128 b,1.11,1.4,301.0,0.0496,1.38,3192.0,0.1967,0.168,-0.02,5.63
K2-201 c,3.28568401,10.8,,,,5507.0,0.878161,0.956055,0.13,1.67
K2-202 b,2.30165603,5.91,,,,5491.0,0.910685,0.971461,0.27,2.66
K2-321 b,2.05124347,4.86,830.0,0.02839,68.5516,3750.0,0.595,0.578,0.148,3.09
GJ 486 b,1.289,2.77,696.3,0.01714,39.2,3317.0,0.3243,0.312,-0.15,6.66
HD 142415 b,13.5,530.7761,,1.06,,5940.0,1.04,1.07,0.13,1.19
HD 111591 b,12.9,1398.452,,2.5,,4884.0,8.03,1.94,0.07,3.58
OGLE-2016-BLG-1190L b,12.3,4253.0,,2.17,,,,0.88,,12.6
K2-206 b,2.79522879,8.22,,,,5043.0,0.758046,0.789481,-0.14,2.07
K2-207 b,2.60585269,7.3,,,,5522.0,0.928158,0.941851,0.11,2.27
TOI-6651 b,5.09,61.0,1493.0,0.0633,817.0,5940.0,1.721,1.323,0.225,2.52
HD 16141 b,10.9,82.6358,,0.36,,5757.0,1.48,1.11,0.13,0.351
HD 162020 b,12.5,3127.4472,650.0,0.08,,4723.0,0.75,0.42,-0.1,8.8
OGLE-2016-BLG-0613L AB b,13.0,1330.0,,6.4,,,,0.72,,3.33
CoRoT-9 b,11.948794,266.9772,420.0,0.4021,,5625.0,0.96,0.96,-0.01,0.86
K2-209 b,0.86850263,0.586,,,,4720.0,0.712365,0.74479,-0.06,4.92
16 Cyg B b,13.5,565.7374,,1.66,,5750.0,1.13,1.08,0.06,1.26
Kepler-80 g,1.13,0.065,418.0,,,4540.0,0.678,0.83,0.04,0.31
K2-218 b,2.56948149,7.13,,,,5757.0,1.008231,1.047488,0.25,2.31
K2-219 b,1.34762583,2.38,,,,5753.0,1.189232,1.021545,0.13,5.34
HD 215152 b,,565.41673605,,0.057638,,4935.0,0.73,0.77,-0.1,
K2-219 c,1.43839723,2.66,,,,5753.0,1.189232,1.021545,0.13,4.91
K2-219 d,2.57634456,7.16,,,,5753.0,1.189232,1.021545,0.13,2.3
GJ 86 b,12.9,1404.8086,,0.11,,5182.0,0.77,0.93,-0.22,3.6
TOI-6002 b,1.65,3.36,321.4,0.05722,1.6823,3229.0,0.2432,0.2101,-0.18,4.11
GJ 3138 b,1.18,1.78,,0.0197,118.1,3717.0,0.5,0.681,-0.3,5.95
HD 7924 c,,1762.67634522,583.6,0.1134,28.35,5075.0,0.7821,0.832,-0.15,
BD-06 1339 c,8.38,53.0,,0.435,,4324.0,0.686355,0.7,-0.14,0.495
HIP 65891 b,12.8,1871.37366042,,2.794,,5000.0,8.93,2.49,0.16,4.9
K2-227 b,1.66551298,3.41,,,,5673.0,0.890666,0.950811,-0.1,4.06
K2-80 d,2.55211506,7.04,,,,5377.0,0.841458,0.913111,0.07,2.33
K2-260 b,18.41635529,546.66486004,2090.0,0.04392,2520.03,6860.0,1.755,1.637,0.334,0.48
K2-261 b,9.26982704,68.96876432,1036.0,0.1086,180.0,5490.0,1.663,1.107,0.372,0.473
TOI-1883 b,5.65,27.2,524.92,0.0468,17.9436,3477.0,0.494,0.492,,0.829
GJ 3323 b,1.23,2.02,,0.03282,2.58,3159.0,0.119,0.164,-0.27,5.96
GJ 3138 d,3.23,10.5,,0.698,0.1,3717.0,0.5,0.681,-0.3,1.71
GJ 3323 c,1.32,2.31,,0.1264,0.17,3159.0,0.119,0.164,-0.27,5.52
TOI-1230.01,3.23968384,10.6,688.61,,53.1389,5696.0,1.15281,1.14,,1.71
Kepler-289 c,11.23,157.18,394.0,0.50155,4.882,5990.0,1.0,1.08,0.05,0.66
K2-170 c,1.8017647,3.9,,,,5748.0,0.981614,0.963657,-0.11,3.66
K2-164 b,3.24925008,10.6,,,,5791.0,2.196069,1.180894,-0.23,1.7
GJ 273 b,1.51,2.89,,0.091101,1.06,3382.0,0.293,0.29,0.09,4.61
HD 238914 b,12.8,1906.98,,5.7,,4769.0,12.73,1.47,-0.25,5.0
K2-170 b,1.41817537,2.6,,,,5748.0,0.981614,0.963657,-0.11,5.01
K2-171 b,2.68657205,7.69,,,,5250.0,1.717458,0.891587,-0.09,2.18
K2-77 b,2.4996027,603.877,806.0,0.0753,58.0,5160.0,0.792,0.847,0.13,
K2-180 b,2.46597575,11.41003981,797.5,0.0756,48.3,5365.0,0.719,0.735,-0.578,4.16
GJ 3293 e,1.63,3.28,,0.08208,3.34,3466.0,0.404,0.42,0.02,4.16
GJ 3293 d,2.67,7.6,,0.19394,0.59,3466.0,0.404,0.42,0.02,2.19
TYC 3318-01333-1 b,13.1,1086.9786,,1.414,,4776.0,5.9,1.19,-0.06,2.66
K2-172 b,1.66608079,3.42,,,,5569.0,0.868889,0.934356,-0.06,4.06
K2-172 c,3.20569097,10.4,,,,5569.0,0.868889,0.934356,-0.06,1.73
HD 101581 c,0.99,0.937,747.0,0.0573,52.0,4675.0,0.63,0.653,-0.343,5.31
K2-182 b,2.71257333,20.97667486,965.8,0.05174,146.9,5128.0,0.789,0.823,0.022,5.7
K2-97 b,13.45077684,174.48779544,1566.0,0.0854,114.149,4673.0,4.14,1.17,0.328,0.392
K2-148 d,1.64,3.33,,0.0774,16.8,4079.0,0.632,0.65,-0.11,4.15
K2-148 b,1.33,2.33,,0.0454,48.8,4079.0,0.632,0.65,-0.11,5.44
K2-191 b,1.57889322,3.12,,,,5176.0,0.839696,0.900994,0.31,4.36
HD 102117 b,8.47,54.0311,,0.15,,5655.0,1.23,1.06,0.28,0.489
Kepler-150 f,3.64,12.9,,1.24,,5528.0,0.905339,0.97,0.12,1.47
K2-98 b,5.06645928,34.00763955,1185.0,0.0986,339.0,6260.0,1.518,1.246,-0.044,1.4
K2-114 b,10.59248676,638.83509807,701.4,0.0944,40.0,4899.0,0.832,0.863,0.42,2.96
HD 40307 g,2.56,7.1,255.0,0.6,,4956.0,0.716684,0.77,-0.31,2.33
HIP 57274 b,,3359.44626199,,0.07,,4510.0,0.78,0.29,0.01,
K2-179 b,2.51267885,6.86,,,,5015.0,0.768067,0.824345,0.03,2.38
HD 102195 b,14.2,130.3103,,0.05,,5301.0,0.82,0.76,0.04,0.25
HD 102329 b,12.6,2593.4928,,1.81,,4745.0,9.82,3.21,0.05,7.12
K2-277 b,2.18575124,7.4,1049.0,0.0664,195.0,5680.0,0.973,0.974,0.078,4.0
IRAS 04125+2902 b,10.73820351,80.8,854.0,0.077,41.4199,4080.0,1.45,0.7,,0.359
K2-246 b,3.49,12.0,977.0,0.0602,,5610.0,0.94,0.87,-0.19,1.55
HD 240237 b,12.2,5050.3187,,1.92,,3926.0,71.23,8.76,-0.25,15.3
HD 2638 b,14.3,133.4886,,0.04,,5186.0,0.94,0.77,0.13,0.251
K2-247 b,2.12,5.14,979.0,0.0304,,4667.0,0.69,0.74,-0.08,2.96
HD 290327 b,13.3,772.3269,,3.43,,5505.0,0.95,0.84,-0.14,1.8
HD 31253 b,14.1,197.0546,,1.26,,6130.0,1.75,1.7,0.17,0.386
TOI-406.01,2.08,6.57,368.0,0.0809,3.0,3392.0,0.41,0.408,-0.02,4.1
HD 77338 b,4.12,15.9,,0.06,,5341.0,0.97,1.37,0.32,1.25
K2-249 b,2.79,8.2,1061.0,0.1151,,6504.0,1.57,1.32,0.04,2.07
K2-248 b,2.57,7.13,886.0,0.0699,,5528.0,0.92,0.88,-0.1,2.31
K2-251 b,2.35,6.12,437.0,0.0694,,3717.0,0.49,0.52,-0.04,2.59
K2-252 b,1.74,3.68,639.0,0.1041,,5152.0,0.82,0.79,-0.09,3.84
GJ 143 b,2.61,22.7,422.0,0.1915,7.0423,4640.0,0.695,0.73,0.003,7.0
K2-254 c,2.19,5.43,551.0,0.0923,,4629.0,0.67,0.71,-0.14,2.84
HD 5891 b,12.6,2425.0429,,0.64,,4673.0,10.64,1.93,-0.37,6.66
HD 6434 b,14.2,155.7367,,0.14,,5769.0,1.12,1.1,-0.55,0.299
K2-239 c,1.0,0.972,427.0,0.0576,,3420.0,0.36,0.4,-0.1,5.34
K2-257 b,0.83,0.498,789.0,0.0216,,3725.0,0.5,0.52,-0.03,4.79
K2-258 b,3.0,9.27,831.0,0.149,,6351.0,1.31,1.21,0.01,1.89
IC 4651 9122 b,12.7,2002.329,,2.038,,4740.1,10.267424,2.1,0.12,5.37
K2-240 c,1.8,3.89,389.0,0.1159,,3810.0,0.54,0.58,-0.1,3.67
K2-240 b,2.0,4.66,586.0,0.0513,,3810.0,0.54,0.58,-0.1,3.2
OGLE-2017-BLG-0482L b,2.95,9.0,,1.8,,,,0.2,,1.93
Kepler-289 e,2.94,17.4,286.0,0.9342,1.58,5990.0,0.985,1.061,-0.0098,2.92
HD 75289 b,14.2,155.7367,1260.0,0.05,,6117.0,1.23,1.29,0.26,0.299
HD 76700 b,9.6,66.7443,,0.05,,5644.0,1.37,0.99,0.31,0.415
TOI-2285 b,1.77,19.5,358.0,0.1363,3.91,3491.0,0.464,0.454,-0.05,
HD 222155 b,13.4,581.62598481,,5.14,,5701.0,1.85,1.21,-0.18,1.33
OGLE-2014-BLG-1722L c,11.0,83.7,,1.7,,,,0.4,,0.346
K2-244 b,1.75,3.71,638.0,0.1418,,5677.0,0.92,0.86,-0.29,3.8
K2-158 b,2.64,7.46,794.0,0.0887,,5503.0,0.95,0.92,0.07,2.23
TOI-7041 b,11.43316031,114.41822652,882.37,,143.259,4700.0,4.1,1.07,0.25,0.421
HD 89307 b,13.4,642.01338214,,3.27,,5955.0,1.1,1.27,-0.13,1.47
HD 96127 b,12.1,6661.7168,,1.42,,3943.0,51.1,10.94,-0.24,20.7
K2-159 b,2.26,5.73,684.0,0.1013,,5425.0,0.83,0.9,-0.07,2.73
HD 1690 b,12.5,2793.7257,,1.36,,4374.0,21.66,1.86,-0.27,7.86
TOI-1803 c,4.29,8.0,588.0,0.097,22.0,4687.0,0.715,0.756,0.014,0.419035
TOI-1803 b,2.99,10.32,747.0,0.06,58.0,4687.0,0.715,0.756,0.014,2.15031
K2-166 b,2.19,5.43,1140.0,0.0858,,5960.0,1.61,1.16,0.09,2.84
HD 171028 b,13.2,832.7146,,1.32,,5671.0,2.47,1.53,-0.48,1.99
HD 17092 b,12.5,3219.6179,,1.31,,4326.0,13.58,6.73,0.18,9.06
HAT-P-11 b,4.36,25.0,838.0,0.05258,100.77,4653.0,0.683,0.811,0.31,1.172
HAT-P-11 c,13.2,851.78013076,,4.1,,4653.0,0.683,0.811,0.31,2.04
HR 858 c,1.979,3.8,1309.0,0.0687,512.0,6354.0,1.258,1.204,0.025,2.9
K2-224 c,2.41,6.39,764.0,0.0886,,5620.0,0.84,0.91,-0.19,2.51
TOI-2328 b,9.97599282,50.85254512,842.0,0.127,20.0982,5525.0,0.9,0.95,0.09,0.29
HD 285507 b,13.8,311.4734,,0.06,,4503.0,0.69,0.82,0.13,0.651
K2-230 b,1.96,4.5,1529.0,0.0409,,5945.0,1.39,1.11,0.1,3.28
K2-229 c,2.03,7.0,750.0,0.0769,66.0,5315.0,0.79,0.87,-0.09,5.1
K2-259 b,2.32,5.99,795.0,0.1271,,6059.0,1.13,1.14,0.16,2.64
HD 192263 b,14.2,177.9848,486.0,0.15,,4976.0,0.74,0.66,0.03,0.342
TOI-677 b,13.11450742,392.20025424,1252.0,0.1041,37.6345,6295.0,1.28,1.181,0.0,0.955
HD 95127 b,12.4,3378.5329,,1.28,,4218.0,41.01,3.7,-0.18,9.74
HD 216536 b,13.8,333.7215,,0.61,,4639.0,9.83,0.81,-0.17,0.698
HD 210277 b,13.6,410.0007,,1.13,,5538.0,1.07,1.01,0.22,0.896
ups And b,14.0,218.531,,0.05922166,,6156.77,1.56,1.3,0.1014,0.438
HR 810 b,12.7,1970.5361234,,0.92,,6167.0,1.13,1.34,0.16,5.29
K2-241 b,2.55,7.04,507.0,0.1567,,5262.0,0.75,0.71,-0.44,2.33
HD 141937 b,11.9,8714.85491994,,1.5,,5870.0,1.03,1.09,0.11,28.4
HD 212301 b,14.2,162.0933,,0.03,,6239.0,1.16,1.55,0.18,0.311
CoRoT-5 b,15.558,148.42,1438.0,0.04947,786.2949,6100.0,1.186,1.0,-0.25,0.217
K2-242 b,2.54,6.99,416.0,0.0494,,3459.0,0.37,0.38,-0.01,2.34
HD 218566 b,9.32,63.566,,0.69,,4730.0,0.85,0.76,0.28,0.431
MOA-2016-BLG-319L b,14.1,200.0,,0.95,,,,0.15,,0.392
HD 99706 c,12.8,1808.4527,,,,4891.0,5.4,1.72,0.14,4.74
KMT-2025-BLG-0121L b,12.6,2469.52672239,,3.05,,,,0.61,,6.78
TOI-5027 b,10.76062147,642.01338214,1056.0,0.093,190.912,5909.0,0.92,1.02,-0.15,2.94
HD 134060 b,3.16,10.1,,0.0444,,5966.0,1.164285,1.095,0.14,1.76
K2-269 b,1.57,3.09,1429.0,0.0531,,6209.0,1.45,1.16,-0.08,4.39
K2-270 c,2.95,9.01,848.0,0.0497,,4877.0,0.77,0.85,0.26,1.93
HD 116029 c,13.7,403.6441,,,,4951.0,4.6,1.33,0.18,0.863
KOI-3680 b,11.09691,613.4119,347.0,0.534,3.3,5830.0,0.96,1.01,0.16,2.46
HD 20003 c,3.89,14.44,,0.1964,,5494.0,0.921637,0.875,0.04,1.35
HD 20781 b,1.21,1.93,,0.0529,,5256.0,0.833609,0.7,-0.11,5.99
GJ 3779 b,2.75,8.0,,0.026,,3324.0,0.281,0.27,0.0,2.11
HD 21693 b,2.8,8.23,,0.1455,,5430.0,0.914378,0.8,0.0,2.06
HD 21693 c,4.34,17.37,,0.2586,,5430.0,0.914378,0.8,0.0,1.17
K2-123 b,2.76,8.05,338.0,0.1649,2.9,4035.0,0.59,0.62,0.03,2.1
70 Vir b,12.6,2380.45,,0.481,,5495.0,1.89,1.09,-0.09,6.54
K2-24 b,5.4,19.0,686.0,0.154,52.0,5625.0,1.16,1.07,0.34,0.64
K2-276 b,3.77,13.7,583.0,0.1291,,5139.0,0.85,0.82,0.07,1.4
HD 108863 b,13.3,767.24162,,1.32,,4878.0,5.74,1.59,0.2,1.79
K2-286 b,2.1,5.06,347.0,0.1768,,3926.0,0.62,0.64,0.0,3.0
HD 51608 b,3.62,12.77,,0.1059,,5358.0,0.916136,0.8,-0.07,1.48
HD 51608 c,3.87,14.31,,0.3809,,5358.0,0.916136,0.8,-0.07,1.36
K2-278 b,2.98,9.17,1711.0,0.0488,,6747.0,1.61,1.4,0.0,1.9
HD 159868 b,13.3,704.94694,,2.32,,5534.0,2.13,1.19,-0.08,1.65
HD 1502 b,13.2,874.0325,,1.262,,4947.0,4.67,1.46,0.09,2.09
TOI-6695 b,9.52763359,66.74396547,599.0,0.402,85.9385,6400.0,1.517,1.338,0.2,0.41
HD 20781 e,3.83,14.03,,0.3374,,5256.0,0.833609,0.7,-0.11,1.37
HD 45184 c,2.91,8.81,,0.11,,5869.0,1.075139,1.03,0.04,1.96
PSR J2322-2650 b,13.9,252.643067,,0.0102,,,,1.4,,1.84
HD 163607 c,13.3,699.54383,,2.39,,5522.0,1.76,1.12,0.21,1.63
HD 175541 b,14.1,190.06234,,0.975,,5013.0,4.19,1.39,-0.07,0.373
K2-195 b,3.13,9.96,720.0,0.1208,,5713.0,0.99,0.94,-0.1,1.78
HD 185269 b,13.8,321.0083,,0.077,,5923.0,2.0,1.3,0.11,0.671
HD 20781 d,3.25,10.61,,0.1647,,5256.0,0.833609,0.7,-0.11,1.7
K2-279 b,1.21,1.92,879.0,0.067,,5558.0,0.86,0.79,-0.37,5.96
HD 200964 b,13.5,508.21017,,1.565,,4982.0,4.92,1.39,-0.15,1.14
HD 202696 b,,634.38868,,1.566,,5040.0,6.43,1.91,0.02,
MASCARA-4 b,16.98160576,532.36258173,2250.0,0.0474,4913.69,7800.0,1.79,1.75,0.0,0.481
KMT-2016-BLG-1107L b,13.1,1043.0,,0.342,,,,0.087,,2.55
K2-264 b,2.231,5.61,496.0,0.05023,,3660.0,0.473,0.496,-0.013,2.78
Kepler-730 b,12.3299,,1219.0,0.0694,418.797,5620.0,1.411,1.047,0.21,
HD 202696 c,,592.43512,,2.342,,5040.0,6.43,1.91,0.02,
Kepler-730 c,1.56926,3.09,1607.0,0.03997,903.77,5620.0,1.411,1.047,0.21,4.39
HD 73534 b,13.7,353.42696,,2.99,,4917.0,2.58,1.16,0.232,0.755
HD 88133 b,13.8,324.1866,,0.0479,,5392.0,2.2,1.26,0.34,0.678
K2-270 b,1.38,2.48,1203.0,0.0247,,4877.0,0.77,0.85,0.26,5.19
OGLE-2011-BLG-0173L b,9.01,60.0,,8.0,,,,0.41,,0.451
HD 96167 b,14.0,227.88411,,1.332,,5733.0,1.94,1.27,0.34,0.456
HD 95089 b,13.7,400.4658,,1.36,,4918.0,5.08,1.54,0.05,0.856
LHS 1903 e,1.732,5.79,333.0,0.15135,2.05,3664.0,0.539,0.538,-0.11,6.1
KMT-2024-BLG-2087L b,12.9,1395.26670673,,3.03,,,,0.48,,3.57
HD 5319 c,13.8,334.67499,,1.93,,4871.0,4.06,1.27,0.15,0.7
K2-52 b,18.0,,2004.0,0.054,1124.0,7147.0,2.192,1.691,0.055,
K2-281 b,8.18,50.9,665.0,0.0773,,4812.0,0.76,0.82,0.22,0.511
K2-283 b,3.52,12.2,1186.0,0.0291,,5060.0,0.82,0.89,0.28,1.54
WASP-104 b,12.745,404.263,1516.0,0.02918,867.7365,5475.0,0.963,1.076,0.32,1.074
47 UMa b,13.2,804.08,,2.1,,5872.0,1.21334,1.06,0.04,1.92
HD 75784 c,12.8,1792.5612,,8.4,,4867.0,3.4,1.26,0.25,4.7
K2-53 b,2.6,7.27,665.0,0.098,52.5,5263.0,0.807,0.851,-0.037,2.27
GJ 96 b,4.67,19.66,,0.291,,3785.0,0.580612,0.6,0.14,1.06
OGLE-2015-BLG-0954L b,13.1,1100.0,,1.6,,,,0.3,,2.69
HD 14787 b,13.7,356.28743,,1.7,,4946.0,5.01,1.43,0.0,0.761
HD 18015 b,13.1,1048.8337431,,3.87,,5603.0,3.13,1.49,-0.14,2.56
K2-90 b,2.6,7.27,502.0,0.096,10.2,4484.0,0.619,0.629,-0.225,2.27
TOI-1201 b,2.415,6.28,703.0,0.0287,40.6,3476.0,0.508,0.512,0.05,2.45
2MASS J12073346-3932539 b,15.69257298,1652.7077164,1163.0,46.0,,2825.0,0.21887,0.188001,,2.35
KMT-2016-BLG-1397L b,12.7,2200.0,,5.1,,,,0.45,,5.9
HD 94834 b,13.7,400.4658,,2.74,,4798.0,4.2,1.11,0.12,0.856
HD 180053 b,13.3,697.31902,,0.843,,5131.0,4.06,1.75,0.25,1.63
CoRoT-2 b,16.432,1102.82,1521.0,0.02798,932.9076,5625.0,0.906,0.96,0.04,1.47
HD 190360 b,13.5,533.95172376,150.0,3.963,,5552.0,1.201,0.991,0.25,1.19
HD 190360 c,5.44,25.42627256,,0.1296,,5552.0,1.201,0.991,0.25,0.868
HD 154345 b,13.7,376.9444907,,4.158,,5468.0,0.85,0.89,-0.105,0.806
K2-292 b,2.63,24.5,795.0,0.13,67.0,5725.0,1.09,1.0,0.07,7.4
K2-139 b,9.11,123.00021,524.0,0.1796,,5370.0,0.88,0.96,0.24,0.91
EPIC 212424622 b,2.17,5.35,,,,5782.33,1.2247,1.106,,2.88
Kepler-9 c,8.08,29.9,523.0,0.227,18.903,5774.0,0.958,1.022,0.05,0.31
TOI-2267 c,1.14,1.55,374.0,0.0263,4.7,3030.0,0.2075,0.171,0.164,5.75
TOI-178 c,1.754,4.64,873.0,0.037,97.6159,4316.0,0.662,0.647,-0.23,4.796846
TOI-2431 b,1.534,6.2,2063.0,0.0063,2649.15,4109.0,0.651,0.661,-0.02,9.4
TOI-178 e,2.301,3.48,600.0,0.0783,21.8202,4316.0,0.662,0.647,-0.23,1.582408
TOI-5205 b,11.6,343.0,737.0,0.0199,49.0,3430.0,0.394,0.392,0.0,1.21
TOI-1794 b,3.29701268,8.7,992.91,0.082,228.913,5631.0,1.3162,0.9698,0.035,1.31
HIP 8152 b,2.53625843,8.9,794.96,0.093,88.9,5618.0,0.9603,0.9373,0.007,2.97
HD 92788 b,13.0,1195.0408,,0.97,,5744.0,1.14,1.15,0.27,2.99
KOI-1599.02,1.9,9.0,755.0,0.112293,76.81,5833.0,0.972,1.02,0.06,7.21
HD 50499 c,13.2,931.2419,,9.02,,6099.0,1.42,1.31,0.38,2.22
EPIC 248847494 b,12.44199,4131.79,183.0,4.5,0.19,4898.0,2.7,0.9,-0.23,
GJ 15 A c,6.67,36.0,,5.4,,3607.0,0.38,0.38,-0.34,0.667
K2-105 b,3.4,15.4,805.0,0.0796,100.0,5373.0,0.905,0.94,0.22,2.24
WASP-96 b,13.45,152.55,1285.0,0.0453,517.0,5540.0,1.05,1.06,0.14,0.37
K2-121 b,7.16,51.0,716.0,0.0525,62.5,4526.0,0.675,0.71,0.04,0.7
DMPP-2 c,8.26,51.79,,0.04789,,6500.0,1.78,1.41,,0.505
EPIC 212737443 b,2.586,7.2,536.0,0.098,,4684.0,0.673,0.69,-0.137,2.29
KMT-2017-BLG-0165L b,6.45,34.0,,3.45,,,,0.76,,0.696
Kepler-47 b,3.05,2.07,,0.2877,,5636.0,0.936,0.957,-0.25,0.4
LSPM J2116+0234 b,3.71,13.3,,0.0876,,3475.0,0.431,0.43,-0.05,1.43
TOI-6303 b,11.59,2493.0,541.0,0.0761,14.28,3977.0,0.609,0.644,0.44,8.82
Kepler-82 f,4.84,20.9,,0.3395,,5401.0,0.898,0.91,0.2107,1.01
GJ 27.1 b,3.66,13.0,,0.101,,3542.0,0.518887,0.53,,1.46
GJ 160.2 b,3.17,10.2,,0.053,,4347.0,0.655173,0.69,,1.76
Kepler-47 d,7.04,19.02,,0.6992,,5636.0,0.936,0.957,-0.25,0.3
Kepler-82 b,4.07,12.15,562.0,0.1683,19.558,5401.0,0.898,0.91,0.2107,0.98
GJ 682 b,1.93,4.4,,0.08,,3028.0,0.298255,0.27,,3.36
OGLE-2015-BLG-1649L b,13.2,807.0,,2.07,,,,0.34,,1.93
HD 117207 b,13.4,669.34662514,,3.787,,5732.0,1.074,1.053,0.19,1.53
HD 114729 b,13.9,262.20975,,2.067,,5844.0,1.473,0.936,-0.33,0.537
HD 126525 b,10.3,75.32571,,1.837,,5638.0,0.979,0.897,-0.1,0.379
HD 152079 b,13.2,845.74563,,4.187,,5907.0,1.128,1.147,0.29,2.02
TOI-1898 b,9.39553231,129.0,674.54,0.269,51.0074,6241.0,1.6131,1.2484,-0.095,0.85
HD 211970 b,3.66,13.0,,0.143,,4127.0,0.574175,0.61,,1.46
HIP 35173 b,3.61,12.7,,0.217,,4881.0,0.773404,0.79,,1.48
HD 190647 b,13.4,630.89255,,2.231,,5656.0,1.376,1.069,0.23,1.44
HD 23127 b,13.5,485.32641,,2.37,,5843.0,1.49,1.208,0.29,1.08
K2-168 b,1.86,4.12,766.35,,,5502.7,0.83,0.877,-0.13,3.52
HD 4208 b,13.9,257.4423,,1.662,,5717.0,0.846,0.883,-0.28,0.527
K2-146 b,2.05,5.77,534.0,0.0248,20.7,3385.0,0.33,0.331,-0.02,3.69
HD 8326 b,9.58,66.6,,0.533,,4914.0,0.783181,0.8,0.0399,0.416
HIP 54373 b,2.87,8.62,,0.063,,4021.0,0.564998,0.57,,2.0
XO-3 b,14.79585452,4217.58296089,1890.0,0.04815,1161.72,6970.0,1.523,1.449,-0.159,7.16
HR 8799 c,13.0,3000.0,1200.0,38.0,,7204.58,1.49338,1.5,-0.47,7.5
GJ 3473 c,2.63,7.41,329.1,0.0876,1.95,3347.0,0.364,0.36,0.11,2.24
KMT-2017-BLG-1038L b,13.4,640.0,,1.8,,,,0.37,,1.46
HD 85426 c,3.19,10.3,640.0,,,5746.0,1.1303,0.991,-0.02,1.74
HIP 54373 c,3.57,12.44,,0.099,,4021.0,0.564998,0.57,,1.5
HD 220689 b,13.7,381.3940884,,3.396,,5921.0,1.068,1.016,-0.07,0.815
TOI-756 c,13.0,1287.20504835,194.0,0.439,0.24,3657.0,0.505,0.505,0.196,3.22
HD 52265 b,13.7,384.5743,405.0,0.52,,6136.0,1.32,1.204,0.21,0.822
HR 5183 b,13.1,1052.01202717,171.0,18.0,,5794.0,1.53,1.07,0.1,2.57
HD 85390 b,6.16,31.46517,,1.373,,5186.0,0.8,0.758,-0.07,0.74
eps Eri b,14.1,209.76674862,,3.53,,5020.38,0.759106,0.82,-0.13,0.411
HD 17156 b,12.26262489,1036.12060682,888.0,0.1632,68.8,6046.0,1.517,1.285,0.208,3.08
OGLE-2018-BLG-0596L b,3.81,13.93,,0.97,,,,0.231,,1.38
WASP-110 b,13.19297028,154.78243421,1158.0,,279.0,5392.0,0.853,0.814,-0.15,0.396533
HD 189567 b,2.85,8.5,,0.111,,5726.0,1.04,0.83,-0.24,2.02
KMT-2022-BLG-1551L b,13.2,940.77208472,,2.29,,,,0.54,,2.25
EPIC 201497682 b,0.692,0.26,,,,4991.0,0.554,0.78,-0.0892,4.31
EPIC 201615463 c,1.22,1.98,,,,5960.0,1.61,1.073,0.09,5.99
OGLE-2015-BLG-1670L b,4.42,17.9,,2.62,,,,0.55,,1.14
K2-293 b,2.45,6.57,750.0,,,5532.0,0.947,0.958,0.218,2.45
EPIC 201833600 c,1.0,0.972,,,,4326.0,0.634,0.611,-0.1132,5.34
EPIC 206024342 b,1.7,3.53,,,,5724.0,0.823,0.928,-0.22,3.95
TOI-178 g,2.939,4.4,470.0,0.1275,19.4978,4316.0,0.662,0.647,-0.23,0.959369
TOI-178 b,1.2,0.96,1040.0,0.02607,,4316.0,0.662,0.647,-0.23,3.142761
TOI-178 f,2.417,5.63,521.0,0.1039,0.6071,4316.0,0.662,0.647,-0.23,2.216474
TOI-756 b,2.81,9.83,934.0,0.018,127.0,3657.0,0.505,0.505,0.196,2.42
OGLE-2018-BLG-1011L c,13.2,890.0,,0.8,,,,0.18,,2.13
KMT-2016-BLG-0212L b,12.2,5700.0,,2.2,,,,0.48,,17.2
K2-294 b,1.66,3.39,1425.0,,,5612.0,1.2,0.987,0.194,4.07
KOI-1599.01,1.9,4.6,660.0,0.14728,44.8,5833.0,0.972,1.02,0.06,3.69
GJ 433 c,6.27,32.422,,4.819,,3461.0,0.5,0.48,-0.17,0.723
KOI-142 c,14.0,214.1,,0.154121003,,5466.0,0.897,0.99,0.27,0.429
EPIC 249893012 b,1.95,8.75,1616.0,0.047,1037.0,5430.0,1.71,1.05,0.2,6.39
EPIC 249893012 c,3.67,14.67,990.0,0.13,160.0,5430.0,1.71,1.05,0.2,1.62
OGLE-2018-BLG-0677L b,1.82,3.96,,0.63,,,,0.12,,3.61
KOI-142 b,3.438,9.5,758.0,0.09586,68.563,5466.0,0.897,0.99,0.27,1.29
EPIC 249893012 d,3.94,10.18,752.0,0.22,53.0,5430.0,1.71,1.05,0.2,0.91
OGLE-2018-BLG-1700L b,12.9,1400.0,,2.8,,,,0.42,,3.58
OGLE-2015-BLG-1771L b,14.3,138.0,,0.85,,,,0.077,,0.259
TOI-4511 b,2.75304932,8.01,1542.0,,938.995,5418.77,1.00145,1.017,,2.11
TOI-4363 b,1.76689273,3.77,884.71,,144.7854,4278.45,0.69132,0.62,,3.76
OGLE-2012-BLG-0838L b,8.39,53.1,,4.43,,,,0.4,,0.494
Kepler-160 b,1.715,3.59,1134.0,0.05511,396.619,5471.0,1.118,1.003,0.2,3.91
WASP-45 b,10.603714,306.38812,1153.0,0.03963,294.0,5150.0,0.855,0.85,-0.03,1.418
HD 160691 b,,1366.6621501,,1.5,,5773.0,1.33,1.13,0.28,
TOI-1648 b,2.54,7.4,799.0,0.0694,27.4026,4850.0,0.81,0.83,0.2,2.49
OGLE-2016-BLG-1227L b,13.9,250.0,,3.4,,,,0.1,,0.512
WASP-20 b,15.46839337,98.841,1362.0,0.05999,259.864,5940.0,1.242,1.2,-0.008,0.156491
OGLE-2014-BLG-1760L b,13.8,295.89824692,,1.887,,,,0.803,,0.619
WASP-120 b,15.58048317,1541.4755,1749.0,0.0514,1818.5489,6450.0,1.68443,1.393,-0.05,2.334107
WASP-94 B b,14.1,196.411,,0.0335,,6040.0,1.35,1.24,0.23,0.385
WASP-166 b,7.06167,32.10083,1270.0,0.0641,440.0,6050.0,1.22,1.19,0.19,0.54
TOI-4507 b,8.2,20.0,562.01,0.456,23.5778,6260.0,1.04,1.11,-0.06,0.2
HD 220197 b,9.32,63.566,,2.729,,5683.0,0.98,0.91,-0.55,0.431
HD 233832 b,13.5,565.7374,,2.827,,4981.0,0.68,0.71,-0.66,1.26
PSR B0329+54 b,1.22,1.97,,10.26,,,,1.44,,5.96
WASP-12 b,22.02564708,467.2101,2601.0,0.0234,8220.584,6265.0,1.69,1.325,0.12,0.266
WASP-19 b,15.86070769,366.77398168,2113.0,0.01652,3320.0,5616.0,1.006,0.965,0.04,0.506
GJ 1061 d,1.16,1.67,,0.054,0.6,2953.0,0.156,0.12,-0.08,5.88
TOI-5349 b,10.2,127.4,719.0,0.0369,44.5,3751.0,0.58,0.61,0.5,0.66
Kepler-1649 b,1.017,1.03,307.0,0.0514,2.208,3240.0,0.2317,0.1977,-0.15,5.38
Kepler-1649 c,1.06,1.2,234.0,0.0649,0.75,3240.0,0.2317,0.1977,-0.15,5.54
Kepler-29 c,2.34,4.5,715.0,0.10027,34.4,5378.0,0.732,0.761,-0.44,1.91
USco1556 b,12.3,4767.45,2240.0,3500.0,,3410.0,0.668108,0.33,,14.1
Kepler-177 b,3.5,5.84,549.0,0.21101,30.4,5732.0,1.324,0.921,-0.11,0.75
KOI-1783.02,5.44,15.0,321.0,0.86695,2.49,5922.0,1.143,1.076,0.11,0.51
DMPP-8 b,10.8,81.09,,0.3098,,6009.0,1.24,0.99,,0.354
GJ 180 b,2.43,6.49,,0.092,,3371.0,0.413049,0.43,,2.49
HD 164922 c,3.66,13.0,400.5,0.341,6.29,5390.0,0.946,0.926,0.18,1.46
WASP-108 b,15.13212395,283.50293904,1589.0,,1360.1641,6783.0,1.34415,1.167,0.1478,0.477431
KELT-20 b,19.514869,1074.90106,2262.0,0.0542,4362.5,8720.0,1.565,1.76,-0.29,0.806
OGLE-2017-BLG-1049L b,12.8,1760.0,,3.92,,,,0.55,,4.61
KMT-2019-BLG-0842L b,3.19,10.28,,3.31,,,,0.76,,1.74
Kepler-1684 b,2.87084792,8.6,347.0,0.2253,3.42,4706.54,0.666755,0.75,0.1267,2.0
Kepler-1679 b,2.0692036,4.93,813.0,0.0892,103.3,5501.0,0.873196,0.96,-0.04,3.06
KMT-2016-BLG-2397L b,13.2,836.0,,3.64,,,,0.64,,2.0
HD 107148 c,4.7,19.89605828,,0.1407,,5752.92,1.169193,1.105215,0.2964,1.05
Kepler-1687 b,1.65623882,3.38,598.0,0.0532,30.22,4132.0,0.726119,0.65,-0.14,4.09
Kepler-1688 b,1.26174569,2.13,772.0,0.0577,84.01,4632.11,0.746,0.814,-0.046,5.83
Kepler-462 b,3.0,53.9,611.0,0.4172,31.269,7500.0,1.57,1.59,0.05,9.3
OGLE-2017-BLG-0604L b,14.2,160.0,,4.06,,,,0.7,,0.307
MOA-2009-BLG-319L b,9.64,67.3,,2.03,,,,0.524,,0.413
HD 160691 d,3.23,10.49,900.0,0.0952,,5773.0,1.33,1.13,0.28,1.71
HD 136925 b,13.9,266.97586188,,5.13,,5773.19,1.193078,0.875104,-0.2172,0.546
HD 156668 c,6.17,31.49679513,,1.57,,4903.69,0.774528,0.785167,0.0493,0.737
Kepler-462 c,4.0,6.0,453.0,0.7584,9.97,7500.0,1.57,1.59,0.05,0.4
HD 164922 e,3.23,10.52012027,,0.2292,,5393.43,1.001813,0.921146,0.1967,1.72
EPIC 201757695.02,0.90819,0.688,,0.0296,,4520.0,0.655,0.727,-0.003,5.05
KMT-2023-BLG-0548L b,13.1,1086.97315194,,6.85,,,,0.72,,2.66
KMT-2024-BLG-2059L b,2.54,6.99222495,,2.55,,,,0.51,,2.34
Kepler-1664 b,3.03320653,9.45,776.0,0.1137,85.46,5735.81,1.072,0.944,0.3698,1.86
Kepler-1001 c,1.57799279,3.11,804.0,0.08296,72.4,5376.0,0.836475,0.93,0.04,4.35
HD 3765 b,8.56,54.98431441,,2.108,,5049.8,0.83061,0.851785,0.1716,0.482
Kepler-1701 b,2.22186207,5.57,273.0,0.5738,1.3,5146.0,0.840217,0.87,0.03,2.79
Kepler-1702 b,1.60190793,3.2,555.0,0.1275,22.4,5093.0,0.725742,0.85,-0.24,4.28
MOA-2013-BLG-220L b,13.2,871.0,,3.03,,,,0.88,,2.08
HD 4760 b,12.3,4417.837,,1.14,,4076.0,42.4,1.05,-0.91,13.0
Kepler-1665 b,2.83910787,8.44,906.0,0.096,40.4,5049.84,0.777785,0.842,-0.013,2.03
Kepler-1698 b,1.07315686,1.25,1351.0,0.02065,697.6,4975.03,0.741698,0.822,0.08,5.56
TYC 0434-04538-1 b,12.7,1938.763,,0.66,,4679.0,9.99,1.04,-0.38,5.2
Kepler-1700 b,2.90129941,8.76,329.0,0.76094,2.2,6031.0,1.0937,1.12,0.07,1.97
Kepler-1697 b,1.25954761,2.12,630.0,0.2008,37.3,4681.53,0.772344,0.747,0.0341,5.83
Gl 686 b,2.46,6.624,379.0,0.091,,3656.0,0.427,0.426,-0.23,2.45
HD 180617 b,3.53,12.214,,0.343,,3534.0,0.481,0.484,-0.04,1.53
HATS-37 A b,6.792654,31.46517,1085.0,0.04913,229.7,5326.0,0.877,0.843,0.051,0.55
HD 216520 c,3.03,9.44,,0.528,,5103.0,0.76,0.82,-0.16,1.86
HIP 107772 b,3.64,12.9,,0.243,,4006.0,0.513922,0.63,,1.47
HD 238090 b,2.52,6.89,469.6,0.0932,8.1,3933.0,0.57,0.578,-0.03,2.37
Kepler-1667 b,2.98385261,9.19,655.0,0.35905,9.3,5941.54,1.08751,1.09,-0.2603,1.9
GJ 414 A c,8.4,53.83,124.7,1.4,,4120.0,0.68,0.65,0.24,0.499
GJ 414 A b,2.63,7.6,308.6,0.2324,,4120.0,0.68,0.65,0.24,2.3
Kepler-1663 b,3.30395896,10.9,362.0,0.1072,4.07,3844.0,0.62859,0.610816,0.06,1.66
Kepler-1675 b,3.12483349,9.93,465.0,0.32185,11.8,5853.19,1.12865,1.06,0.2537,1.79
Kepler-1676 b,3.3769596,11.3,782.0,0.1954,33.45,5878.3,1.06066,1.07,0.135,1.61
EPIC 206024342 d,2.6,7.27,,,,5724.0,1.1,0.928,-0.22,2.27
EPIC 206024342 c,1.4,2.54,,,,5724.0,1.1,0.928,-0.22,5.09
KOI-3503 b,1.19,9.2,785.0,0.14247,90.2,6001.0,1.255,0.858,-0.5428,10.0
KOI-1831 d,1.13,2.23,475.0,0.19924,11.8,5233.0,0.835,0.901,0.18,9.95
EPIC 206042996 c,1.2,1.87,,,,4114.0,0.5,0.565,0.006,5.95
KOI-1833 d,2.58,11.02,613.0,0.0634,27.35,4413.0,0.667,0.681,0.13,4.5
KOI-3503 c,1.21,10.36,686.0,0.18688,52.5,6001.0,1.255,0.858,-0.5428,10.0
KMT-2018-BLG-1976L b,13.3,705.57906354,,3.54,,,,0.65,,1.65
OGLE-2019-BLG-0954L b,12.3,4513.1633794,,2.65,,,,0.8,,13.3
DMPP-6 c,3.74,13.47,,0.2206,,6182.09,1.27,1.079,0.32,1.41
DMPP-2 d,11.6,91.79,,0.1432,,6500.0,1.78,1.41,,0.323
KMT-2018-BLG-1025L b,2.34,6.059,,1.305,,,,0.219,,2.6
HD 93385 c,2.56,7.1,,0.112,,5977.0,1.18484,1.04,0.02,2.33
HD 93385 b,1.88,4.2,,0.0756,,5977.0,1.18484,1.04,0.02,3.47
K2-280 b,7.5,37.1,787.0,0.1461,69.5,5500.0,1.28,1.03,0.33,0.48
HD 203030 b,14.4595851,3496.112477,1040.0,487.1,,5603.0,0.856458,0.94,0.3,6.35
HD 96700 d,3.61,12.7,,0.424,,5845.0,1.16,0.89,-0.18,1.48
HD 96700 b,2.93,8.9,,0.0777,,5845.0,1.16,0.89,-0.18,1.94
OGLE-2018-BLG-1185L b,2.83,8.4,,1.54,,,,0.37,,2.04
HD 27969 b,12.9,1525.5763536,261.0,1.552,0.76,5966.0,1.27,1.16,0.18,3.91
HD 115954 b,12.6,2685.65003915,144.9,5.0,0.064,5957.0,1.213,1.18,0.34,7.38
HD 211403 b,12.8,1760.76937478,380.0,0.768,3.44,6273.0,1.206,1.2,0.18,4.61
HD 109286 b,13.2,950.30693693,259.4,1.259,0.709,5694.0,1.089,0.98,0.05,2.27
CD Cet b,1.82,3.95,464.0,0.0185,8.6,3130.0,0.175,0.161,0.13,3.6
GJ 9689 b,3.07,9.65,453.04,0.1139,,3836.0,0.57,0.59,0.05,1.83
G 264-012 b,1.39,2.5,587.0,0.02279,20.5,3326.0,0.305,0.297,0.1,5.12
K2-187 c,1.4,2.54,1173.0,0.0392,,5438.0,0.83,0.966999,0.0,5.09
K2-282 b,2.5,6.8,1057.0,0.0499,,5499.0,1.0,0.94,-0.23,2.39
K2-156 b,1.1,1.37,1347.0,0.0149,,4460.0,0.62,0.66,-0.33,5.66
CFHTWIR-Oph 98 b,20.8487041,2479.0615746,1800.0,200.0,,2320.0,0.245,0.0147,,1.5
K2-187 b,1.2,1.87,1815.0,0.0164,,5438.0,0.83,0.966999,0.0,5.95
K2-210 b,0.86,0.566,,,,5500.0,0.89,0.911717,0.0,4.89
Kepler-129 d,12.6,2637.9757781,,4.0,,5770.0,1.653,1.178,0.29,7.25
K2-223 c,1.5,2.86,1091.0,0.0549,,5859.0,1.0,1.06,0.19,4.66
K2-223 b,0.89,0.64,2271.0,0.0127,,5859.0,1.0,1.06,0.19,4.99
EPIC 212624936 c,2.3,5.9,,,,5765.0,0.93,1.0,-0.39,2.66
K2-137 b,0.64,158.915,1471.0,0.0058,,3697.0,0.29,0.463,-0.059,
EPIC 206215704 b,1.0,0.972,,,,3297.0,0.25,0.407,-0.33,5.34
BD+63 1405 b,12.4,3305.4154328,,2.06,,5000.0,0.804724,0.816,-0.09,9.53
HD 155193 b,14.0,238.37130525,,1.04,,6239.0,1.76439,1.221,0.05,0.477
Kepler-1788 b,2.37850461,6.25,956.0,0.0343,197.81,4786.0,0.704,0.686,-0.2,2.55
Kepler-1861 b,2.20677414,5.5,617.0,0.24082,31.5,5855.0,1.373,1.161,0.26,2.81
K2-273 b,3.05,9.53,849.0,0.0729,,5161.0,0.85,0.89,0.2,1.85
K2-272 b,3.13,9.96,747.0,0.1007,,5397.0,0.83,0.86,-0.09,1.78
Kepler-1712 b,2.28372556,5.83,391.0,0.0903,5.52,3732.0,0.509,0.515,0.02,2.69
Kepler-1789 b,2.83137505,8.4,380.0,0.3543,4.91,5436.0,0.888,0.92,0.12,2.03
Kepler-1790 b,3.1446145,10.0,682.0,0.20989,49.2,5866.0,1.367,1.02,0.0,1.77
Kepler-1862 b,2.203,5.49,645.0,0.1199,41.04,5644.0,0.806,0.9,-0.24,2.82
Kepler-1865 b,1.57686072,3.11,1203.0,0.0344,495.14,5420.0,0.871,0.849,-0.06,4.36
K2-122 b,1.16,1.65,769.0,0.0373,79.9,4009.0,0.59,0.63,0.32,5.81
K2-274 b,2.08,4.98,655.0,0.0964,,5044.0,0.7,0.79,-0.16,3.04
Kepler-1767 b,3.01299077,9.34,393.0,0.2873,5.66,5243.0,0.831,0.887,0.14,1.88
Kepler-1765 b,2.49508857,6.78,855.0,0.0917,126.48,5692.0,1.064,0.946,0.04,2.4
Kepler-1766 b,2.27904508,5.81,406.0,0.4161,7.8,5868.0,1.042,0.915,-0.22,2.7
Kepler-1792 b,2.51990972,6.89,1047.0,0.0488,283.78,5229.0,1.005,0.878,0.32,2.37
Kepler-1090 c,3.29265785,10.9,496.0,0.22622,13.8,5330.0,1.013,0.869,0.18,1.68
Kepler-1311 d,9.65837605,67.5,391.0,0.68434,6.0,5616.0,1.674,1.032,0.04,0.412
Kepler-1761 b,1.39109603,2.51,613.0,0.0413,33.34,3871.0,0.532,0.573,0.07,5.12
Kepler-1777 b,2.13189678,5.19,819.0,0.10301,71.3,5771.0,1.068,0.984,0.06,2.94
Kepler-1794 b,1.79426276,3.87,703.0,0.0821,57.59,5052.0,0.816,0.773,0.02,3.68
Kepler-1868 b,3.14950109,10.1,215.0,0.62348,0.5,4658.0,0.686,0.743,0.0,1.78
Kepler-1872 b,2.38421141,6.28,1005.0,0.0465,241.25,5223.0,0.885,0.913,0.32,2.55
HD 22496 b,2.22,5.57,573.0,0.051,26.0,4385.0,0.674,0.684,-0.08,2.8
Kepler-1775 b,3.64762153,12.9,522.0,0.39565,9.9,5818.0,1.647,1.149,0.24,1.46
Kepler-1772 b,2.68609988,7.68,1155.0,0.04391,1485.0,5541.0,0.934,0.942,0.12,2.18
Kepler-1796 b,2.75047868,8.0,598.0,0.1879,30.3,6036.0,0.949,1.018,-0.16,2.11
Kepler-1797 b,3.05774442,9.58,684.0,0.1637,51.68,6244.0,1.009,1.069,-0.2,1.84
Kepler-1714 b,3.26437302,10.7,1211.0,0.10549,504.3,6150.0,2.086,1.448,0.22,1.69
Kepler-1874 b,2.21110724,5.52,356.0,0.2633,3.79,4701.0,0.775,0.758,0.24,2.81
OGLE-2018-BLG-0962L b,13.6,425.89006538,,3.59,,,,0.54,,0.93
Kepler-1774 b,3.18179549,10.2,522.0,0.29496,16.4,6214.0,1.122,1.101,-0.02,1.74
Kepler-799 c,2.78068551,8.15,893.0,0.1214,150.25,5588.0,1.593,1.031,0.14,2.08
Kepler-1822 b,2.64755943,7.5,507.0,0.1416,15.65,5165.0,0.702,0.782,-0.32,2.22
Kepler-1875 b,3.22686692,10.5,559.0,0.2039,23.05,6161.0,0.862,0.95,-0.5,1.72
HD 137496 b,1.31,4.04,2130.0,0.02732,,5799.0,1.59,1.04,-0.03,10.49
Kepler-1824 b,2.38127597,6.26,421.0,0.4267,7.45,6002.0,1.081,1.135,0.2,2.55
Kepler-1825 b,1.42200732,2.61,1520.0,0.0187,1264.7,5123.0,0.847,0.828,0.14,4.99
Kepler-1826 b,1.47519116,2.78,806.0,0.0213,99.32,3821.0,0.486,0.49,-0.28,4.76
Kepler-1130 c,0.79239584,0.422,1072.0,0.04238,316.9,5450.0,0.842,0.944,0.1,4.66
KMT-2016-BLG-2605L b,14.0,245.0457018,,0.681,,,,0.064,,0.491
HD 137496 c,12.6,2434.56559762,370.0,1.2163,,5799.0,1.59,1.04,-0.03,6.69
Kepler-1782 b,2.22927435,5.6,773.0,0.05825,86.0,4931.0,0.734,0.794,0.0,2.78
Kepler-1768 b,2.23346338,5.62,933.0,0.1286,179.16,6050.0,1.572,1.24,0.14,2.77
Kepler-1830 b,3.32992941,11.1,681.0,0.31769,35.8,6160.0,2.046,1.443,0.24,1.65
Kepler-1881 b,2.98104391,9.17,289.0,0.53325,1.5,5135.0,0.874,0.812,0.12,1.9
Kepler-1882 b,1.48674404,2.81,894.0,0.11636,122.1,5691.0,1.458,1.068,0.26,4.7
Kepler-1733 b,3.63582354,12.8,1021.0,0.0933,257.11,6320.0,1.252,1.273,0.24,1.46
Kepler-1779 b,3.03295685,9.44,730.0,0.1264,67.34,5730.0,1.056,1.008,0.16,1.86
Kepler-1776 b,2.61157023,7.33,603.0,0.2093,29.9,5872.0,1.153,1.041,0.1,2.26
Kepler-1832 b,1.22719556,2.02,1022.0,0.037,257.32,5242.0,0.722,0.684,-0.54,6.01
Kepler-1883 b,3.25107395,10.6,416.0,0.4438,7.08,6208.0,1.024,1.086,-0.12,1.7
Kepler-1884 b,1.81406781,3.95,864.0,0.0845,131.92,5984.0,0.906,0.993,-0.2,3.64
Kepler-1737 b,5.395,25.1,383.0,0.297,5.09,5043.0,0.881,0.834,0.3,0.878
Kepler-1739 b,2.43056832,6.48,839.0,0.0697,117.5,5757.0,0.762,0.865,-0.5,2.48
Kepler-1771 b,4.05537256,15.5,391.0,0.3815,5.51,5661.0,0.934,0.941,0.0,1.28
Kepler-1799 b,4.12801189,15.9,770.0,0.1028,83.04,5831.0,0.921,1.016,0.0,1.24
Kepler-1838 b,1.66049425,3.4,1097.0,0.11082,271.6,5877.0,1.963,1.187,0.04,4.08
TCP J05074264+2447555 b,4.72,20.0,,0.94,,5805.0,1.42487,0.586,,1.05
Kepler-418 c,5.22108654,23.7,835.0,0.10632,107.6,5822.0,1.081,0.957,-0.06,0.915
Kepler-1750 b,6.00434637,30.1,298.0,0.6785,1.85,5644.0,0.969,0.981,0.14,0.764
Kepler-1804 b,1.59615726,3.18,913.0,0.1017,164.61,5109.0,1.671,0.929,0.1,4.3
Kepler-1840 b,2.77771129,8.13,284.0,0.46206,1.3,4898.0,0.803,0.774,0.14,2.08
Kepler-1715 b,4.14042267,16.0,646.0,0.22429,53.0,6212.0,1.209,1.082,-0.04,1.24
HD 25723 b,13.3,794.5710175,,1.49,,4766.0,13.76,2.12,-0.03,1.86
17 Sco b,12.9,1373.01871824,,1.45,,4157.0,25.92,1.22,-0.01,3.51
Kepler-1748 b,2.71275017,7.81,955.0,0.0615,196.33,5774.0,0.864,0.916,-0.22,2.15
Kepler-1747 b,4.26508,16.8,875.0,0.066,138.33,5477.0,0.865,0.983,0.21,1.19
Kepler-1805 b,1.54502915,3.0,479.0,0.0699,12.48,3867.0,0.552,0.581,0.1,4.47
Kepler-1742 b,2.1782413,5.38,462.0,0.2587,10.73,5776.0,0.849,0.939,-0.18,2.86
Kepler-1741 b,1.273,2.16,615.0,0.0296,33.79,3683.0,0.424,0.454,-0.22,5.75
Kepler-1809 b,1.513,2.9,877.0,0.04444,158.2,4901.0,0.716,0.807,0.04,4.6
Kepler-1810 b,3.91815325,14.6,380.0,0.4137,4.91,5492.0,1.016,0.921,0.16,1.33
Kepler-1846 b,1.76378826,3.76,552.0,0.11054,24.5,4825.0,0.732,0.785,0.08,3.77
Kepler-1847 b,2.74516914,7.97,843.0,0.0989,119.44,6122.0,0.964,1.041,-0.18,2.12
K2-101 b,2.0,4.66,618.0,0.1124,,4927.0,0.76,0.82,0.07,3.2
K2-95 b,3.31,11.0,474.0,0.0525,,3566.0,0.4,0.41,0.1,1.67
Kepler-1745 b,1.92872921,4.38,1449.0,0.0408,1044.49,5611.0,1.4,0.995,0.16,3.35
Kepler-1813 b,1.413,2.58,1059.0,0.0364,298.2,5167.0,0.787,0.812,-0.04,5.03
Kepler-1848 b,1.4088539,2.57,774.0,0.05835,94.3,4847.0,0.737,0.756,0.0,5.05
K2-355 b,2.25,5.69,1066.0,0.0632,,5790.0,0.92,0.96,-0.12,2.74
EPIC 211822797 b,1.92,4.35,431.0,0.1195,3.5,4057.0,0.58,0.62,0.2,3.38
Kepler-1754 b,2.43996509,6.53,672.0,0.0718,48.2,4723.0,0.747,0.734,0.08,2.47
Kepler-1753 b,2.22678077,5.59,583.0,0.1179,27.41,5180.0,0.769,0.86,0.0,2.78
Kepler-1815 b,2.7489262,7.99,763.0,0.0984,80.01,5516.0,0.967,0.856,-0.06,2.11
Kepler-1787 b,2.31898181,5.99,540.0,0.227,20.04,6060.0,0.925,1.008,-0.22,2.64
Kepler-1853 b,1.51862272,2.92,386.0,0.2395,5.23,4821.0,0.788,0.765,0.16,4.58
Kepler-1854 b,2.58746104,7.21,420.0,0.20894,7.33,5026.0,0.759,0.8,0.0,2.29
K2-357 b,3.72,13.4,735.0,0.145,,5794.0,1.0,0.98,-0.02,1.43
K2-356 b,2.29,5.86,624.0,0.1599,,5568.0,0.86,0.9,-0.11,2.68
Kepler-1755 b,5.91688317,29.4,631.0,0.1668,37.43,6086.0,0.921,1.003,-0.26,0.78
Kepler-1757 b,2.94660251,8.99,549.0,0.1335,21.5,5288.0,0.74,0.828,-0.24,1.93
Kepler-1817 b,2.27349126,5.79,463.0,0.2348,10.85,5316.0,0.915,0.878,0.16,2.71
Kepler-1818 b,1.71360684,3.58,1209.0,0.055,504.23,6047.0,1.129,1.021,-0.08,3.91
Kepler-1857 b,1.96065412,4.5,946.0,0.08308,217.4,6074.0,1.005,0.873,-0.54,3.28
K2-184 b,1.47,2.76,533.0,0.1685,,5245.0,0.75,0.84,-0.1,4.77
K2-358 b,2.68,7.65,888.0,0.0863,,5650.0,0.91,0.93,-0.07,2.18
Kepler-1963 b,0.74437023,0.337,1448.0,0.02915,612.3,5726.0,0.979,0.915,-0.1,4.49
Kepler-1911 b,1.011,1.01,987.0,0.0636,223.93,5721.0,0.972,0.954,0.0,5.37
Kepler-1893 b,1.70557445,3.55,1194.0,0.0504,478.98,5633.0,1.162,0.973,0.16,3.93
Kepler-1964 b,1.7810587,3.83,986.0,0.0322,223.8,4803.0,0.698,0.752,-0.08,3.73
KOI-4777.01,0.51,99.2,1180.0,0.008,320.0,3515.0,0.4,0.41,0.1,
Kepler-1897 b,2.81407954,8.32,505.0,0.1546,15.43,5165.0,0.761,0.859,0.02,2.05
Kepler-1898 b,0.93353523,0.76,1167.0,0.05063,204.6,5702.0,1.125,0.837,-0.28,5.13
Kepler-1967 b,0.73022577,0.315,1086.0,0.06686,57.1,4970.0,1.806,0.996,0.32,4.45
Kepler-1913 b,1.51852059,2.92,818.0,0.1209,105.7,6214.0,1.076,1.169,0.07,4.58
Kepler-1906 b,2.77615754,8.13,901.0,0.0738,155.72,5868.0,0.894,0.987,-0.12,2.09
Kepler-1907 b,0.86973029,0.589,856.0,0.05444,75.0,5159.0,0.8,0.752,-0.16,4.92
Kepler-1916 b,2.61757235,7.35,635.0,0.2053,38.54,6246.0,1.092,1.18,0.07,2.25
HIP 34222 b,13.9,263.79757781,,0.492,,4050.0,0.6186,0.62,,0.54
Kepler-1910 b,1.184,1.78,645.0,0.0536,40.88,4234.0,0.639,0.636,-0.02,5.89
Kepler-1717 b,2.98929758,9.21,780.0,0.2014,87.69,6200.0,1.64,1.158,-0.06,1.89
Kepler-1919 b,2.62390658,7.38,479.0,0.2107,12.46,5513.0,0.818,0.868,-0.16,2.24
Kepler-1918 b,2.29763023,5.89,497.0,0.2524,14.43,5889.0,0.924,0.967,-0.16,2.67
Kepler-1920 b,2.95415848,9.03,660.0,0.2043,44.87,6277.0,1.161,1.239,0.21,1.92
HIP 86221 b,14.0,225.65816897,,0.031,,,,0.79,,0.452
KMT-2021-BLG-0912L b,1.49,2.81,,3.14,,,,0.8,,4.67
Kepler-589 c,1.11727238,1.45,1098.0,0.0426,344.61,5372.0,0.916,0.832,-0.02,5.71
Kepler-1922 b,2.29064904,5.86,740.0,0.1077,71.11,5931.0,0.863,0.953,-0.28,2.68
Kepler-1936 b,3.16615594,10.2,524.0,0.52662,9.4,6501.0,1.854,1.419,0.1,1.77
Kepler-1937 b,3.0229133,9.39,1014.0,0.0915,163.1,6457.0,1.196,1.19,-0.06,1.87
Kepler-1927 b,3.40627075,11.5,677.0,0.38733,34.7,6056.0,2.481,1.408,0.14,1.6
Kepler-1938 b,1.82828927,4.0,527.0,0.0938,18.25,4522.0,0.655,0.646,-0.22,3.6
Kepler-1939 b,1.16480773,1.68,816.0,0.0334,104.74,4353.0,0.603,0.648,-0.18,5.84
Kepler-1940 b,1.54732469,3.01,885.0,0.0525,145.23,5431.0,0.717,0.802,-0.44,4.46
Kepler-1722 b,2.86719266,8.58,753.0,0.0819,76.14,5506.0,0.788,0.876,-0.2,2.0
Kepler-1942 b,2.1170287,5.13,1012.0,0.0516,247.34,5834.0,0.797,0.852,-0.5,2.97
Kepler-1944 b,2.75971163,8.05,801.0,0.0918,97.62,5585.0,0.972,1.064,0.48,2.1
Kepler-1930 b,1.52955541,2.95,643.0,0.10233,31.6,5083.0,0.844,0.844,0.22,4.53
Kepler-1266 c,1.68023962,3.46,881.0,0.0506,110.4,4996.0,0.831,0.791,0.14,4.01
Kepler-1945 b,1.289,2.21,808.0,0.0597,100.72,4991.0,0.804,0.767,0.04,5.67
Kepler-529 d,2.79502603,8.22,633.0,0.2134,37.92,6078.0,1.189,1.005,-0.16,2.07
YZ Cet b,0.913,0.7,471.2,0.01634,8.21,3151.0,0.157,0.142,-0.18,5.05
YZ Cet c,1.05,1.14,410.3,0.02156,4.72,3151.0,0.157,0.142,-0.18,5.41
Kepler-913 c,3.8580709,14.2,1357.0,0.0699,122.82,6068.0,1.797,1.294,0.16,1.36
Kepler-1719 b,3.95000623,14.8,1287.0,0.06868,686.9,5687.0,1.775,1.08,0.04,1.32
Kepler-1926 b,2.31495961,5.97,451.0,0.2197,9.8,5256.0,0.832,0.768,-0.16,2.64
Kepler-1718 b,2.5685207,7.12,345.0,0.48418,3.7,5731.0,0.906,0.846,-0.32,2.31
Kepler-501 c,1.68119739,3.47,1304.0,0.0467,683.84,5794.0,1.216,1.032,0.14,4.01
Kepler-1312 c,1.02732734,1.07,1659.0,0.02103,1770.2,5721.0,0.905,0.983,0.02,5.42
Kepler-1950 b,1.52696349,2.95,752.0,0.0871,75.83,5455.0,0.852,0.759,-0.34,4.55
Kepler-1951 b,2.32107188,6.0,728.0,0.1435,66.27,5468.0,1.306,0.923,0.14,2.64
Kepler-607 c,2.76001201,8.05,473.0,0.21507,8.8,5244.0,0.888,0.808,0.02,2.1
Kepler-1721 b,3.11856756,9.9,924.0,0.0519,172.6,5351.0,0.796,0.89,-0.04,1.79
Kepler-1315 c,1.84398883,4.06,777.0,0.0635,57.6,4818.0,0.856,0.809,0.56,3.56
Kepler-1728 b,2.95501875,9.04,886.0,0.0535,145.48,5170.0,0.807,0.891,0.18,1.93
Kepler-1705 c,2.05,5.42,,,,6312.0,1.259,1.139,-0.2,3.528714
Kepler-1322 c,2.15492527,5.29,883.0,0.0652,144.06,5704.0,0.804,0.897,-0.3,2.9
Kepler-1693 c,0.97698289,0.894,1059.0,0.0588,296.73,5553.0,1.098,0.941,0.16,5.27
Kepler-1956 b,1.08940238,1.32,674.0,0.0563,48.82,4391.0,0.682,0.671,0.04,5.61
Kepler-1957 b,0.94374867,0.79,1099.0,0.0299,345.07,4904.0,0.772,0.745,0.0,5.16
Kepler-1711 b,1.923,4.36,669.0,0.1463,47.39,5706.0,1.034,0.94,0.0,3.37
Kepler-1888 b,1.32578716,2.32,886.0,0.0956,145.67,5557.0,1.249,0.897,0.0,5.47
Kepler-1959 b,1.14315727,1.57,811.0,0.0617,102.25,5071.0,0.811,0.768,-0.02,5.78
OGLE-2018-BLG-0532L b,2.37,6.228,,1.064,,,,0.195,,2.57
b Cen AB b,12.4,3464.3296363,,556.0,,,,5.5,,9.98
Kepler-1890 b,0.86867375,0.587,1328.0,0.05712,493.0,6046.0,1.396,1.024,-0.16,4.92
Kepler-1892 b,1.83707938,4.03,822.0,0.0633,108.04,5383.0,0.759,0.851,-0.22,3.57
K2-317 b,2.93,8.91,432.0,0.0542,,3387.0,0.379,0.403,,1.95
K2-319 b,2.79,8.2,641.0,0.1516,,5440.0,0.898,0.954,,2.07
HD 174205 b,13.0,1334.8793094,,1.7,,4308.0,26.6,1.8,-0.28,3.34
K2-322 b,1.92,4.35,635.0,0.0594,,4141.0,0.602,0.63,,3.38
HD 106252 b,12.5,3178.28407,,2.655,,5874.0,1.05,1.05,-0.06,8.94
KELT-14 b,19.537287,408.09372,1970.0,0.03005,826.113,5720.0,1.52,1.239,0.32,0.322
K2-324 b,2.43,6.48,707.0,0.0331,,3752.0,0.505,0.517,,2.48
HD 171238 b,12.5,2796.8899816,,2.518,,5467.0,1.01,0.92,0.2,7.87
HD 81040 b,12.6,2301.07766668,,1.946,,5755.0,0.91,0.99,-0.04,6.32
Kepler-167 e,10.16,321.00669107,134.4,1.883,0.1,4884.0,0.749,0.777,0.02,1.68
K2-326 b,2.28,5.82,1114.0,0.0198,,3924.0,0.688,0.507,,2.7
HD 29021 b,12.9,1420.69297929,,2.294,,5560.0,0.85,0.86,-0.3,3.64
HD 83443 b,14.1,127.76701961,,0.0406,,5442.0,0.94,1.0,0.34,0.25
HD 83443 c,13.6,476.7426105,,8.0,,5442.0,0.94,1.0,0.34,1.04
iot Dra c,12.2,4958.1231492,,19.4,,4504.0,11.79,1.54,0.03,15.0
iot Dra b,12.4,3756.73177074,,1.453,,4504.0,11.79,1.54,0.03,10.8
HD 39091 b,12.3,4481.3805387,,3.28,,5998.0,1.17,1.07,0.09,13.2
TOI-1518 b,21.05046575,581.62598481,2546.0,0.03712,7010.0,7299.0,1.942,1.88,-0.1,0.343
pi Men d,3.72,13.38,,0.506,,5998.0,1.19,1.07,0.09,1.43
2MASS J19383260+4603591 b,13.4,603.877,,0.92,,29564.0,0.203,0.48,-0.092,1.38
Kepler-451 d,13.5,559.37799632,,,,29564.0,0.203,0.48,-0.092,1.25
OGLE-2014-BLG-0676L b,13.0,1169.60853776,,4.53,,,,0.73,,2.93
HD 103891 b,13.2,918.52409623,,3.27,,6072.0,2.22,1.28,-0.19,2.19
KOI-984 c,14.1,209.8,597.0,0.1467,,5295.0,0.818,0.928,0.12,0.411
HD 7924 d,,1568.16536014,499.0,0.1551,15.17,5075.0,0.7821,0.832,-0.15,
GJ 4274 b,1.53,2.97,,0.0153,14.7,3228.0,0.19,0.18,-0.19,4.56
HD 142 A d,10.9,82.63538582,,0.474,,6245.0,1.47,1.21,0.09,0.351
HD 144899 b,4.77,20.34101805,,0.242,,6126.0,1.64802,1.16,,1.03
GJ 2030 c,12.3,4069.15709482,,16.761,,5485.0,2.24104,0.96,-0.4,12.0
HD 125612 c,4.07,15.57359194,,0.051,,5900.0,1.07,1.05,0.23,1.27
HD 219828 c,12.2,5102.41724598,,5.657,,5891.0,1.56,1.04,0.19,15.4
HD 214823 b,12.1,5914.78665427,,3.08,,6215.0,2.04,1.115,0.17,18.3
GJ 676 A c,12.3,4288.14086724,,9.726,,3734.0,0.69,0.626,0.23,12.7
HD 149806 b,12.3,4003.68444298,,12.404,,5352.05,0.89,0.93,0.2206,11.8
GJ 9714 b,12.5,2988.54051102,,12.319,,4263.0,0.662662,0.67,,8.41
HD 142 b,12.7,2256.5816897,,1.039,,6245.0,1.47,1.21,0.09,6.05
HD 139357 b,12.1,6315.5682755,,2.949,,4700.0,11.47,2.69,-0.13,19.6
HD 224538 b,12.7,2075.73732612,,2.375,,6097.0,1.54,1.23,0.27,5.57
HD 153557 d,11.9,8725.66108578,,21.449,,4837.0,0.745171,0.79,,28.5
HD 115404 A b,6.09,30.82935548,,0.088,,5019.17,0.727007,0.83,-0.1568,0.75
HIP 67537 b,12.3,4309.11754211,,4.807,,4985.0,8.69,2.316,0.15,12.7
HD 30177 c,12.7,1954.64470305,,10.258,,5580.0,1.019,0.98,0.3699,5.24
HD 156098 b,4.12,15.89142035,,0.167,,6419.19,2.75716,1.29,0.12,1.25
HD 12235 c,12.5,3135.69506346,,22.21,,5986.0,1.80185,1.1,0.31,8.82
HD 203387 b,13.1,1106.04285636,,1.771,,5174.32,10.5852,2.817,0.05,2.7
HD 156098 c,12.8,1661.6069118,,8.415,,6419.19,2.75716,1.29,0.12,4.35
HIP 35965 b,12.6,2589.98368864,,15.898,,4836.0,0.697551,0.78,,7.11
HD 203387 c,12.6,2378.9456264,,5.067,,5174.32,10.5852,2.817,0.05,6.53
bet Pic c,12.5,3222.46221857,1250.0,2.68,,8038.68,1.54416,1.795,-0.21,9.07
HD 25015 b,12.5,2884.92845034,,6.248,,5160.0,0.83,0.86,0.04,8.12
GJ 229 b,3.97,14.93793513,,1.086,,3564.0,0.46,0.509,,1.31
HD 18143 c,12.5,3177.64841319,,17.53,,5078.0,0.87,0.85,0.28,8.94
HD 217786 b,12.3,4402.55909376,,2.446,,5966.0,1.27,1.14,-0.135,13.0
HD 204313 c,4.31,17.16273398,,0.211,,5767.0,1.1,1.03,0.18,1.18
HD 125390 b,11.9,8646.20398403,,3.496,,4882.0,6.47,1.82,-0.11,28.2
HD 81817 b,12.0,7668.5638041,,3.233,,4140.0,83.8,4.3,-0.17,24.4
HD 190228 b,12.9,1598.67688721,,2.406,,5360.0,2.58658,1.415,-0.24,4.09
HD 23596 b,12.4,3786.607641,,2.694,,6040.0,1.53,1.1,0.33,10.9
HD 204313 e,12.2,4868.17771002,,7.457,,5767.0,1.1,1.03,0.18,14.7
HD 30177 b,12.6,2670.71210402,,3.604,,5580.0,1.019,0.98,0.3699,7.34
HD 217958 b,14.2,166.54208527,,3.758,,5930.64,1.32619,1.08,0.2865,0.32
HD 213519 b,2.99,9.2170238,,0.099,,5840.0,1.08287,1.05,0.01,1.89
HD 43197 b,14.2,175.75910907,,0.882,,5508.0,1.0,0.96,0.4,0.337
HD 4113 b,13.5,541.26177712,,1.28,,5688.0,1.077514,1.008,0.2,1.21
HD 95544 b,12.8,1913.64483855,156.5,3.166,0.1,5722.0,1.088,1.01,0.11,5.01
HD 25912 c,12.2,5252.75008249,,17.848,,5920.58,0.995896,1.08,0.12,15.9
HD 105618 c,11.9,8419.59232984,,35.731,,5671.0,1.27399,1.01,,27.5
HD 28192 b,12.2,99.7981198,,0.118,,5919.87,1.07094,1.08,,0.302
HD 43197 c,12.6,2500.67390628,,8.54,,5508.0,1.0,0.96,0.4,6.87
HD 74156 c,12.5,2753.98314665,,3.678,,6068.0,1.510576,1.1,0.131,7.75
HD 74156 b,13.5,532.36258173,,0.28,,6068.0,1.510576,1.1,0.131,1.19
HD 7449 b,12.6,2597.92939882,,2.438,,6024.0,0.97,1.196,-0.105,7.14
HD 110537 b,11.9,8612.83200129,,16.714,,5718.0,1.16626,1.02,0.09,28.1
HD 56957 b,12.8,1880.90851263,,6.426,,5743.0,1.77793,1.03,,4.93
HD 86264 b,12.5,3117.26101586,,2.763,,6210.0,1.88,1.26,0.202,8.77
HD 111232 c,12.2,5740.93451564,,17.25,,5512.0,0.9,0.96,-0.36,17.4
HD 62549 b,12.6,2707.58019923,,11.842,,5930.46,1.23227,1.08,,7.44
HD 142 c,12.4,3464.64746471,,9.811,,6245.0,1.47,1.21,0.09,9.99
HD 73267 c,12.8,1630.77755632,,12.688,,5387.0,0.909,0.93,0.03,4.27
HD 219077 b,12.5,3057.50927534,,5.935,,5362.0,1.91,0.92,-0.13,8.6
HD 113337 b,13.1,1035.80277841,,1.022,,6774.0,1.5,1.41,0.07,2.53
HD 125271 b,12.4,3465.60094993,,10.817,,4703.93,0.751364,0.75,-0.22,9.99
HD 127506 b,5.67,27.333243,,0.287,,4595.32,0.735766,0.73,-0.08,0.824
HD 81817 c,12.0,7185.78245386,,2.325,,4140.0,83.8,4.3,-0.17,22.9
bet Pic b,18.49485,3727.8093857,1612.0,10.018,,8038.68,1.54416,1.795,-0.21,3.24
HD 145934 b,13.4,658.5404593,,4.89,,4823.75,6.930587,2.058,0.0951,1.5
HIP 97233 b,12.1,6098.17364511,,2.491,,5020.0,5.34,1.81,0.29,18.9
HD 93351 b,1.69,3.49611248,,0.035,,5408.0,0.911435,0.94,-0.23,3.98
HD 88072 b,12.6,2511.79790052,,13.895,,5785.33,1.032,1.04,0.0426,6.9
HD 93351 c,12.3,4154.01727949,,11.154,,5408.0,0.911435,0.94,-0.23,12.3
HD 10697 b,12.8,1825.2885414,,2.051,,5641.0,1.863076,0.99,0.17,4.78
MOA-2007-BLG-400L b,13.5,540.3082919,34.0,5.9,,,,0.69,,1.21
KMT-2021-BLG-1077L b,9.86,69.92224954,,1.26,,,,0.14,,0.401
HD 10180 e,5.39,25.1,,0.2699,,5911.0,1.109,1.06,0.08,0.881
Wolf 1069 b,1.08,1.26,250.1,0.0672,0.652,3158.0,0.1813,0.167,0.07,5.5
OGLE-2017-BLG-1691L b,3.92,14.62010672,,2.41,,,,0.45,,1.33
KMT-2021-BLG-0320L b,6.2,31.7828407,,1.54,,,,0.32,,0.733
MOA-2020-BLG-135L b,3.37,11.3,,1.11,,,,0.23,,1.62
TrES-2 b,15.24424,473.5667,1466.0,0.03568,903.864,5850.0,1.12,1.36,-0.15,0.884
TOI-6223 b,5.07,22.6,714.0,0.04018,41.8646,3895.0,0.576,0.582,-0.12,0.953
WASP-47 d,3.65,15.5,885.0,0.085,145.0,5565.0,1.156,1.058,0.43,1.8
OGLE-2006-BLG-284L A b,14.3,144.0,,2.17,,,,0.35,,0.271
KMT-2018-BLG-2602L b,13.7,365.50266805,,3.81,,,,0.66,,0.781
OGLE-2018-BLG-1119L b,13.9,289.22385037,,4.06,,,,0.48,,0.592
WASP-65 b,12.464,492.62,1480.0,0.0334,957.0053,5600.0,1.01,0.93,-0.07,1.5
HAT-P-21 b,12.44199,1547.8321,1367.0,0.05037,459.542,5588.0,1.21,1.24,0.01,3.633781
MOA-2019-BLG-008L b,12.2,5720.911326,,,,,,0.9,,17.3
KMT-2021-BLG-0909L b,13.7,400.46379282,,1.75,,,,0.38,,0.856
KMT-2021-BLG-2478L b,13.9,286.0455663,,1.85,,,,0.2,,0.585
HD 95735 c,3.76,13.6,,2.94,,3719.0,0.3685,0.3899,-0.3621,1.41
KMT-2019-BLG-0414L b,12.9,1452.47581999,,1.16,,,,0.74,,3.72
KMT-2017-BLG-1194L b,1.7,3.54,,1.78,,,,0.41,,3.96
WASP-88 b,16.36514,133.4886,1772.0,0.06431,1489.5543,6430.0,1.8,0.94,-0.08,0.141
TIC 153919886 b,2.70601108,7.78,,,,4137.16,0.591697,0.581261,,2.16
HATS-8 b,9.785457,43.86054,1324.0,0.04667,510.8195,5679.0,1.086,1.056,0.21,0.259
KMT-2017-BLG-1003L b,2.13,5.19,,1.38,,,,0.32,,2.95
KMT-2019-BLG-1552L b,13.0,1287.20504835,,2.6,,,,0.79,,3.22
HD 45364 b,9.03,60.16491745,,0.6793,,5466.0,0.89,0.82,-0.17,0.449
L 363-38 b,2.0,4.67,330.0,0.048,,3129.0,0.274,0.21,,3.21
WASP-56 b,10.53646,143.0235,1216.0,0.05614,447.82,5600.0,0.96,0.71,0.12,0.583
KMT-2019-BLG-2974L b,11.4,88.99195396,,2.0,,,,0.47,,0.33
HD 45364 c,14.2,174.48779544,,0.902,,5466.0,0.89,0.82,-0.17,0.335
KMT-2019-BLG-0253L b,2.99,9.2,,3.1,,,,0.7,,1.89
OGLE-2018-BLG-0506L b,4.18,16.3,,3.0,,,,0.63,,1.23
TOI-5595 b,4.73740402,20.1,621.0,,24.7628,4417.3,0.743344,0.645,,1.04
OGLE-2018-BLG-0977L b,2.41,6.4,,2.0,,,,0.47,,2.51
HAT-P-26 b,7.06167,22.2481,1080.0,0.04748,185.0743,5079.0,0.87,1.12,-0.04,0.258608
KMT-2021-BLG-1391L b,1.97,4.55,,2.29,,,,0.37,,3.27
KMT-2021-BLG-1253L b,4.59,19.05,,1.52,,,,0.24,,1.08
WISE J033605.05-014350.4 b,12.6,2622.08435775,325.0,0.97,,415.0,,0.0131,,7.2
OGLE-2018-BLG-1367L b,13.8,301.93698665,,1.21,,,,0.28,,0.631
HAT-P-28 b,13.585,198.953,1384.0,0.0434,554.7122,5680.0,1.103,1.025,0.12,0.44
MOA-2022-BLG-249L b,2.04,4.83,,1.63,,,,0.18,,3.13
OGLE-2018-BLG-1212L b,9.32,63.5656814,,1.68,,,,0.16,,0.431
K2-2016-BLG-0005L b,13.7,349.6112477,,4.16,,,,0.584,,0.747
HN Lib b,2.2,5.46,234.4,0.1417,0.503,3347.0,0.299,0.291,-0.18,2.82
WASP-64 b,14.247,403.945,1689.0,0.02648,1563.6374,5400.0,1.058,1.004,-0.08,0.823
TrES-4 b,18.04649,247.9074,1778.0,0.05084,2276.295,6200.0,1.66,1.08,0.14,0.099
HAT-P-20 b,9.718,2302.899,970.0,0.0361,85.1168,4595.0,0.694,0.756,0.35,13.78
WASP-35 b,14.5717,225.6593,1338.29,0.04317,758.1026,5990.0,1.08,1.05,-0.15,0.378
KMT-2021-BLG-2010L b,13.8,340.07639549,,1.79,,,,0.37,,0.711
KMT-2019-BLG-1216L b,5.98,29.87587026,,2.44,,,,0.39,,0.768
OGLE-2019-BLG-0249L b,12.7,2262.93825784,,1.84,,,,0.91,,6.07
HAT-P-3 b,10.53646,206.5895,1189.0,0.03866,176.587,5185.0,0.87,1.06,0.27,0.855
HD 108236 b,1.615,3.24,1099.0,0.04527,312.1807,5660.0,0.877,0.869,-0.28,4.23
VHS J125601.92-125723.9 b,13.67495645,5085.254512,1194.0,350.0,,2620.0,,0.07,,10.9
HATS-3 b,15.48,340.382,1648.0,0.0485,1212.0044,6351.0,1.404,1.209,-0.157,0.51
K2-417 b,3.31,699.2224954,558.0,0.063,,3861.0,0.5776,0.569,,
K2-18 c,2.65,7.51,363.0,0.06,,3457.0,0.411,0.359,0.09,2.22
K2-253 b,12.67,,1238.0,0.0506,365.8185,6027.0,1.1,1.08,0.0,
Kepler-491 b,8.92,59.0,1111.0,0.05191,312.514,5582.0,1.03,1.04,0.37,0.457
HATS-36 b,12.92,1022.14128,1203.0,0.0523,561.0,5950.0,1.1,1.1,0.15,2.12
K2-216 b,1.75,8.0,1103.0,0.028,248.0,4503.0,0.72,0.7,0.0,8.2
Kepler-471 b,14.96,,1308.0,0.0626,1146.878,6733.0,1.8,1.49,0.07,
Kepler-289 d,3.03,5.33,,0.33,,5990.0,1.0,1.08,0.05,1.14
KELT-8 b,18.15858,209.7678,1675.0,0.0455,983.3098,5754.0,1.46,0.81,0.27,0.167
WASP-174 b,16.10730527,104.88337431,1528.0,0.05503,901.9,6399.0,1.347,1.24,0.06,0.135
KMT-2021-BLG-1150L b,13.9,279.68899816,,4.5,,,,0.73,,0.572
Luhman 16 b,11.9,9344.1551658,,3.52,,,,0.0338,,30.5
Kepler-849 b,8.08167508,298.75870258,362.7,1.137,2.86,5950.0,1.822,1.259,0.145,3.09
KMT-2018-BLG-0885L b,11.9,9217.023803,,1.07,,,,0.29,,30.1
KMT-2019-BLG-0335L b,12.1,6674.396547,,1.64,,,,0.32,,20.7
WASP-74 b,15.24424,228.8376,1865.0,0.03443,531.159,5990.0,1.42,0.98,0.39,0.3697
Kepler-257 b,2.61,7.32,1237.0,0.034,343.6,5180.0,1.037,0.916,0.4,2.26
WASP-82 b,18.15858,371.8611,2190.0,0.0447,3557.29,6480.0,2.1,1.48,0.12,0.354
KMT-2022-BLG-0371L b,10.9,82.63538582,,3.02,,,,0.63,,0.351
GJ 9404 b,3.48,11.9,,0.0943,,3811.0,0.626041,0.62,,1.55
TOI-1249 b,3.2710301,11.9,726.89,0.109,48.6058,5497.0,0.9785,1.0062,0.297,1.84
TOI-6330 b,10.89,3179.0,495.0,0.05763,9.97,3539.0,0.49,0.531,0.08,13.57
MOA-2007-BLG-192L b,3.58,12.49,,2.02,,,,0.28,,1.5
GJ 3473 b,1.264,1.86,773.0,0.01589,59.4,3347.0,0.364,0.36,0.11,5.03
Kepler-23 c,3.005,7.81,1008.0,0.09501,257.39,5828.0,1.548,1.078,-0.112,1.576894
WASP-163 b,13.473218,594.3421,1638.0,0.0266,1200.0,5500.0,1.015,0.97,-0.34,1.42
WASP-150 b,11.99363,2688.8418,1460.0,0.0694,854.7074,6218.0,1.651,1.394,0.156,8.54
TOI-907.01,9.6158851,67.0,1846.6,0.055225481,1729.6714,6272.0,2.059789,1.069357,,0.414
Kepler-57 c,2.196,6.86,671.0,0.09588,48.574,5187.9,0.826,0.859,0.1166,3.528714
Kepler-305 d,2.76,6.2,576.0,0.12091,25.523,5090.0,0.792,0.827,0.09,1.63203
Kepler-28 b,1.959,1.63,585.0,0.05687,62.577,4499.3,0.664,0.684,0.1451,1.185427
TOI-3321 b,15.55806521,176.07693748,1616.0,0.047,967.919,5850.0,1.549,1.041,-0.103,0.255
TOI-4156 c,2.92303762,8.87,809.32,,101.3929,5971.64,1.03963,1.1,,1.95
Kepler-28 c,1.857,2.06,509.0,0.07519,35.898,4499.3,0.664,0.684,0.1451,1.764357
HD 332231 b,9.07303305,74.1,798.3,0.145,98.09,6128.0,1.266,1.1642,0.043,0.55
NGTS-26 b,14.88552637,92.80589484,1331.0,0.049,523.0,5550.0,1.16,0.96,0.2,0.153
2MASS J11550485-7919108 b,12.1,6356.56814,2506.0,587.0,,3021.0,0.600455,0.58846,,19.7
TOI-6016 b,13.67495645,371.85923619,1890.0,0.055,940.0,6110.0,1.51,1.31,0.28,0.81
HAT-P-52 b,11.309881,259.98494,1218.0,0.03694,227.759,5131.0,0.893,0.887,0.28,0.98
G 196-3 b,12.0,8263.538582,1670.0,350.0,,3517.0,0.522432,0.519782,,26.3
TIC 365102760 b,6.21,19.2,,0.0622,,4900.0,3.13,1.17,0.09,0.437
OGLE-2023-BLG-0836L b,12.9,1385.73185452,,3.7,,,,0.71,,3.55
WD 1856+534 b,10.4,4386.054,163.0,0.0204,0.181,4710.0,0.0131,0.518,,21.4
HAT-P-60 b,18.28184752,182.43350562,1772.0,0.06277,1634.0,6212.0,2.197,1.435,0.037,0.164
HD 48265 c,12.9,1414.33641115,,10.4,,5805.0,2.05,1.38,0.39,3.62
TOI-1294 b,10.12369881,63.9,1392.74,0.051,311.498,5718.0,1.5566,1.1578,0.283,0.34
TOI-1669 c,2.2963977,13.0,1285.16,0.0376,342.997,5497.0,1.0561,0.9867,0.274,6.0
TOI-1823 b,7.5406241,67.4,423.63,0.212,9.2972,4927.0,0.8049,0.8414,0.243,0.86
TIC 139270665 c,12.9,1554.18091023,200.0,2.0,0.21,5844.0,1.016,1.035,0.156,3.98
TIC 139270665 b,7.22979255,147.15455244,703.0,0.163,40.3,5844.0,1.016,1.035,0.156,2.13
Kepler-43 b,13.663771,1026.5909,1620.0,0.046,1138.115,6041.0,1.42,1.32,0.33,5.0
TOI-3364 b,12.22899794,530.77343969,1264.0,0.0675,425.0,5706.0,1.419,1.186,0.387,1.6
TOI-6029 b,14.39233122,519.64944544,1484.0,,806.794,6223.0,2.338,1.548,0.37,0.958
HAT-P-69 b,18.786284,1137.8314,1930.0,0.06555,2320.18,7394.0,1.926,1.648,-0.069,1.02
HD 48948 c,2.6,7.27,553.0,0.1951,15.5,4593.0,0.679,0.686,-0.21,2.27
KMT-2023-BLG-0416L b,3.67,13.03096469,,2.96,,,,0.63,,1.45
GJ 900 b,12.4,3496.112477,,12000.0,,3976.0,0.716187,1.08,-0.63,10.1
TOI-2580 b,17.37392009,200.23189641,2410.0,0.048,1730.0,6120.0,1.81,1.33,0.26,0.22
HD 76920 b,13.1,994.80291391,,1.091,,4664.0,8.33,1.0,-0.19,2.43
KMT-2023-BLG-1454L b,14.1,200.23189641,,1.18,,,,0.17,,0.393
Kepler-448 c,12.0,6992.26,,4.2,,6635.0,1.4,1.5,0.0815,22.2
TIC 77319217 b,3.10879526,9.85,,,,5961.52,1.18439,1.16,,1.8
HIP 39017 b,12.0,7500.7504052,,22.1,,7201.0,1.51987,1.52,-0.26,23.9
HIP 54515 b,12.2,5625.5628039,,24.8,,8100.0,1.64915,1.9,,17.0
TOI-1410.01,3.10083009,12.5,1236.7,0.0207,565.5415,4635.0,0.7558,0.7941,0.328,2.3
Kepler-24 c,2.514,9.99,915.0,0.10612,144.827,6028.0,1.099,1.06,-0.0708,3.418442
TOI-5532 b,2.52763693,6.93,617.33,,34.3229,4208.45,0.662052,0.636083,,2.36
Kepler-24 b,2.348,11.14,1050.0,0.08045,252.246,6028.0,1.099,1.06,-0.0708,4.686574
MOA-2022-BLG-563L b,14.0,127.1313628,,2.15,,,,0.48,,0.255
2MASS J0249-0557 c,12.4,3686.8095212,,1950.0,,2859.0,0.315959,0.046,,10.6
KMT-2016-BLG-2321L b,13.8,301.93698665,,3.58,,,,0.73,,0.631
K2-203 b,1.26549392,2.14,738.4,0.0824,,5026.0,0.765,0.793,-0.021,5.8
TOI-1742 b,2.36507598,9.7,694.09,0.154,58.618,5815.0,1.131,1.0861,0.193,4.0
Gaia22dkvL b,14.1,187.83658854,,1.4,,,,1.145,,0.368
K2-208 b,1.67462172,3.45,1122.0,0.04878,,5500.0,0.872,0.881,-0.064,4.04
K2-225 b,3.60929179,12.7,923.0,0.1409,,5520.0,1.7,1.482,0.486,1.48
WASP-168 b,16.8135,133.4886,1340.0,0.0519,278.886,6000.0,1.12,1.08,-0.01,0.16
WASP-126 c,9.38,64.2,,,,5800.0,1.27,1.12,0.2068,0.427
TOI-220 b,3.03,13.8,805.0,0.08911,137.7252,5298.0,0.858,0.825,-0.217,2.73
K2-7 b,4.03523305,15.3,786.0,0.1867,125.0,5700.0,1.533,1.056,0.049,1.28
K2-226 b,1.53899305,2.98,1187.0,0.04095,,5288.0,0.889,0.856,-0.05,4.49
NGTS-31 b,18.04645893,355.96781584,1410.0,0.064,643.0,5710.0,1.7,0.96,0.0,0.3
WASP-173 A b,13.4508,1172.7927,1880.0,0.0248,1920.0,5800.0,1.11,1.05,0.16,2.84
TOI-1203.01,2.918,7.39,743.6,0.1632,51.0,5737.0,1.179,0.886,-0.39,1.63
TOI-837 b,9.16894621,120.45696625,995.3,0.0888,164.0,5995.0,1.052,1.142,0.01,0.89
WASP-47 b,12.86,374.0,1275.0,0.052,409.0,5565.0,1.156,1.058,0.43,0.993
OGLE-2017-BLG-0448L b,4.08,15.6,,5.75,,,,0.5,,1.26
BD-17 63 b,12.8,1639.99458012,,1.34,,4714.0,0.74,0.741,-0.03,4.3
TIC 4672985 b,11.5004142,4049.13390518,517.2,0.33,,5757.0,1.15,1.01,0.14,14.6
TOI-2803 A b,18.11371281,309.88269682,1893.0,0.03185,2150.0,6280.0,1.245,1.118,-0.105,0.287
K2-57 b,2.30905002,5.94,635.8,0.0752,24.1,4413.0,0.671,0.699,0.08,2.65
CoRoT-12 b,16.14,291.438,1442.0,0.04016,661.1334,5675.0,1.116,1.078,0.16,0.411
WASP-160 B b,12.21781,88.35674,1119.0,0.0452,210.575,5298.0,0.868,0.87,0.27,0.284
TOI-132 b,3.42,22.4,1395.0,0.026,860.0,5397.0,0.9,0.97,0.16,3.08
TOI-892 b,11.99363,301.9385,1397.0,0.092,571.007,6261.0,1.39,1.28,0.24,0.962
LHS 1815 b,1.088,1.58,617.0,0.0404,26.3712,3643.0,0.501,0.502,-0.12,6.7
HD 75898 c,12.6,2698.36317543,,7.39,,6122.0,1.55,1.295,0.29,7.41
TIC 18942729 b,2.00021315,4.66,,,,4360.11,0.825257,0.652,0.0118,3.2
TOI-5624 b,2.18231452,5.4,1108.0,,251.103,5415.89,0.827372,0.923,,2.86
TIC 32032563 b,3.47739942,11.9,,,,5567.93,1.00188,1.05,,1.56
TOI-1937 A b,13.97759893,638.83509807,2097.0,0.01932,3230.0,5814.0,1.08,1.072,0.196,1.28
HD 86728 b,3.03,9.43,,0.1916,,5610.0,1.237,0.967,0.2,1.86
KMT-2022-BLG-0303L b,14.2,163.04597279,,4.81,,,,0.368,,0.313
KELT-6 b,14.5717,165.2716,1313.0,0.07939,718.188,6102.0,1.73,1.42,-0.28,0.27
Kepler-485 b,14.41,,1243.0,0.04401,622.014,5958.0,1.09,1.07,0.04,
CoRoT-19 b,14.46,352.78,2000.0,0.0518,1103.809,6090.0,1.65,1.21,-0.02,0.71
Kepler-222 d,3.69,13.2,522.0,0.18,15.087,5433.0,0.869,0.933,0.33,1.44
TOI-1899 b,11.09689089,212.94503269,378.0,0.1525,3.4,3926.0,0.607,0.632,0.28,0.85
TOI-122 b,2.72,7.85,471.0,0.0392,8.8,3403.0,0.334,0.312,,2.14
TIC 24750448 c,3.09028272,9.75,,,,4545.43,0.713599,0.69,,1.82
TOI-2005 b,11.99360935,2034.1018048,1221.39,0.16,525.9409,7130.0,2.02,1.59,0.0,
TOI-2236 b,14.36991326,502.16888306,1688.0,0.05009,1356.0,6248.0,1.573,1.343,0.119,0.93
OGLE-2016-BLG-1598L b,13.6,120.77479466,,2.5,,,,0.55,,0.264
OGLE-2016-BLG-1800L b,13.2,823.17557413,,1.88,,,,0.41,,1.97
HAT-P-40 b,17.03768,152.5584,1770.0,0.0608,1747.4151,6080.0,1.94,1.03,0.22,0.15
GJ 1289 b,2.38,6.27,150.0,0.27,,3296.0,0.245012,0.21,0.02,2.56
K2-360 c,4.02,15.23,912.0,0.0883,115.0,5679.0,0.98,0.958,0.01,1.29
EPIC 201595106 b,1.565,7.67,2038.0,0.0177,2852.0,5679.0,0.98,0.958,0.01,11.1
KMT-2017-BLG-2197L b,12.5,2809.60311788,,15.91,,,,0.36,,7.9
GJ 581 e,1.38,2.48,,0.02799,,3500.0,0.302,0.295,-0.08,5.19
Kepler-279 e,4.13,56.0,552.0,0.439,21.96,6689.45,1.43,1.164,-0.1141,7.3
KMT-2022-BLG-2076L b,13.9,279.68899816,,5.67,,,,0.67,,0.572
nu Oct A b,13.3,696.04421133,,1.24,,4910.0,5.04,1.57,0.18,1.63
LHS 1478 b,1.242,2.33,595.0,0.01848,23.3722,3381.0,0.246,0.236,-0.13,6.67
HIP 9618 c,3.42855926,7.0,470.31,0.269,11.7,5649.0,0.9593,0.942,-0.018,1.0
KOBE-1 b,2.91,8.8,594.4,0.07006,20.56,4135.0,0.619,0.629,-0.01,1.96
KOBE-1 c,3.56,12.4,392.5,0.16071,3.91,4135.0,0.619,0.629,-0.01,1.51
WASP-22 b,13.78707,212.9461,1502.0,0.047,837.7034,6000.0,1.24,1.46,-0.05,0.444
OGLE-2016-BLG-0007L b,1.09,1.32,,10.1,,,,0.59,,5.6
KMT-2023-BLG-0949L b,12.8,1900.61387386,,2.03,,,,0.48,,4.98
GJ 3998 c,2.5,6.82,,0.09,5.4,3726.0,0.5,0.52,-0.13,2.4
Kepler-105 b,2.53,10.8,1418.0,0.06016,341.809,5933.0,1.026,0.991,-0.09,3.68
Kepler-105 c,1.44,5.6,997.0,0.07229,236.167,5933.0,1.026,0.991,-0.09,10.4
TOI-1294 c,14.3,147.0,,0.61,,5718.0,1.5566,1.1578,0.283,0.276
KMT-2023-BLG-0830L b,4.41,17.79839079,,1.7,,,,0.22,,1.14
Kepler-1656 b,4.574,47.8,651.0,0.1974,24.6,5569.0,1.1,1.03,0.19,2.13
KMT-2024-BLG-1281L b,4.59,19.06970442,,1.96,,,,0.32,,1.08
KMT-2017-BLG-0849L b,2.41,6.39,,2.73,,,,0.19,,2.51
ZTF J1828+2308 b,11.13051784,6356.56814,,,,15900.0,0.0131,0.61,,25.3
KMT-2017-BLG-2331L b,14.2,171.0,,2.14,,,,0.4,,0.328
KMT-2023-BLG-1743L b,12.1,6356.56814,,1.16,,,,0.11,,19.7
TOI-406 c,1.32,2.08,584.0,0.0322,19.0,3392.0,0.41,0.408,-0.02,4.9
K2-271 b,7.28,41.8,893.0,0.077,133.8067,5644.0,0.99,0.83,-0.3,0.595
MOA-2022-BLG-091L b,13.0,1141.00398113,,3.44,,,,0.75,,2.85
KMT-2024-BLG-1209L b,13.2,839.06699448,,2.51,,,,0.77,,2.0
K2-214 b,2.51,6.85,1001.0,0.0834,238.0,5875.0,1.236,1.03,0.04,2.38
Kepler-391 c,2.88,450.0,662.0,0.164,179.0,5038.0,2.879,1.27,0.04,400.0
K2-220 b,2.37,6.21,761.0,0.1104,79.7,5612.0,1.026,0.91,-0.05,2.56
Kepler-450 b,6.14,19.4,769.0,0.20092,94.325,6197.21,1.64162,1.19,0.1278,0.75
Kepler-407 b,1.19,1.93,1983.0,0.01531,4102.008,5487.0,1.04,0.99,0.35,5.876579
BEBOP-3 b,14.2,177.34825111,,1.444,,6033.0,1.414,1.083,-0.02,0.34
K2-37 c,2.41,6.39,839.0,0.06534,118.0,5352.0,0.809,0.84,-0.08,2.51
Kepler-134 b,2.0,4.66,1105.0,0.06,301.367,5983.0,1.176,0.956,-0.2067,3.2
K2-37 d,2.31,12.5,646.0,0.1102,41.3,5352.0,0.809,0.84,-0.08,4.7
WASP-85 A b,13.89916,402.05495,1452.0,0.039,640.3258,6112.0,0.935,1.09,0.118,0.88
TOI-1227 b,9.57246952,66.5,243.77,0.0886,3.21,3072.0,0.56,0.17,,0.417
HD 207496 b,2.25,6.1,743.0,0.0629,72.9,4819.0,0.769,0.8,0.095,3.17
GJ 806 b,1.331,1.9,940.0,0.01406,130.0,3600.0,0.4144,0.413,-0.28,4.4
Kepler-228 c,2.7,7.75,1160.0,0.052,457.318,6043.0,1.014,1.006,0.18,2.16
HD 15906 c,2.93,8.91,532.0,0.141,13.37,4757.0,0.762,0.79,0.02,1.95
MOA-2022-BLG-033L b,3.52,12.15,,2.15,,,,0.51,,1.53
KMT-2023-BLG-0119L b,11.0,83.7,,3.14,,,,0.71,,0.346
K2-233 c,1.272,4.6,794.0,0.0664,66.2,4796.0,0.71,0.79,-0.082,12.4
TOI-4600 c,9.42,2946.26933289,191.0,1.152,48.3867,5170.0,0.81,0.89,0.16,
TOI-1472 c,3.334,21.13,662.0,0.116,,5100.0,0.84,0.87,0.27,3.14
Kepler-495 c,1.21936414,1.98,1000.0,0.0614,108.13,5392.0,1.087,0.888,0.18,6.0
Kepler-278 b,3.955,56.0,586.0,0.202,110.0,4965.0,2.861,1.227,0.22,5.0
Kepler-391 b,2.5,1100.0,930.0,0.083,690.0,5038.0,2.879,1.27,0.04,380.0
KOI-351 h,11.252,203.0,294.0,0.97062,1.849,6031.13,1.185,1.242,0.083,0.911829
TOI-6695 c,13.6,460.85119015,415.0,0.838,,6400.0,1.517,1.338,0.2,1.01
Kepler-166 d,1.73,3.64,1313.0,0.02449,651.409,5350.0,0.83,0.88,-0.03,3.86
Kepler-1732 b,4.09903273,15.7,699.0,0.2015,27.05,5821.0,1.494,1.043,0.04,1.25
Kepler-1026 b,2.21,5.52,425.0,0.1977,5.988,4948.0,0.75,0.79,-0.02,2.81
K2-175 b,2.03803688,4.81,,,,5909.0,1.420038,1.094693,0.05,3.12
GJ 1061 b,1.04,1.11,,0.021,3.8,2953.0,0.156,0.12,-0.08,5.42
ups And d,12.5,3257.74117175,,2.51329,,6156.77,1.56,1.3,0.1014,9.17
K2-176 b,1.49090097,2.83,,,,5428.0,0.86416,0.938545,0.15,4.69
K2-177 b,2.1162048,5.13,,,,6063.0,1.213565,1.210525,0.41,2.97
Kepler-9 d,1.64,8.41466053,2026.0,0.0273,1339.658,5777.0,1.02,1.07,0.12,13.547166
SWEEPS-4 b,9.079,1207.7,,0.055,,,1.18,1.24,,8.87
K2-183 b,1.1,1.37,,,,5482.0,0.87,0.942219,0.09,5.66
LP 791-18 c,2.488,7.16,324.4,0.02961,2.637,2960.0,0.182,0.139,-0.09,2.56
K2-187 e,1.9,4.27,698.0,0.1106,,5438.0,0.83,0.966999,0.0,3.42
K2-189 b,1.403,2.55,1203.0,0.0361,497.0,5442.0,0.879,0.85,-0.1,5.07
Kepler-257 d,4.95,21.7,567.0,0.16,15.2,5180.0,1.037,0.916,0.4,0.983
Kepler-42 b,0.78,0.705944,519.0,0.0116,22.388,3068.0,0.17,0.13,-0.33,0.15
K2-199 b,1.73,6.9,913.0,0.0382,116.2,4491.0,0.682,0.711,-0.01,7.2
K2-151 b,1.49,2.83,566.0,0.0373,20.8,3695.0,0.45,0.47,-0.19,4.7
Kepler-197 b,1.02,1.04,1142.0,0.06,431.256,6004.0,1.12,0.857,-0.441,5.39
HD 109749 b,11.1,85.8141,,0.0615,,5824.0,1.22,1.13,0.24,0.345
gam Cep b,12.7,2097.6674862,,2.13,,4775.0,4.74,1.27,0.18,5.63
TOI-128.01,2.21898,5.56,1344.51,0.05381019,182.406,6086.0,1.13,0.851969,,2.8
HD 111232 b,12.6,2531.50326176,,2.148,,5512.0,0.9,0.96,-0.36,6.95
51 Peg b,14.3,146.2018,,0.0527,,5758.0,1.17561,1.03,0.18,0.275
GJ 433 b,2.33,6.043,,0.062,,3461.0,0.5,0.48,-0.17,2.63
Kepler-65 c,2.58,5.4,1246.0,0.068,609.992,6211.0,1.41,1.25,0.17,1.64
Kepler-7 b,18.180998,140.16303,1630.0,0.06067,1375.11,5933.0,1.966,1.359,0.11,0.14
KOI-12 b,13.78707,349.613,911.0,0.154,196.507,6635.0,1.4,1.5,0.0815,0.733
HD 116029 b,13.6,444.962,,1.65,,4819.0,4.89,0.83,0.09,0.972
GJ 676 A b,12.8,1840.86213334,,1.735,,3734.0,0.69,0.626,0.23,4.82
HD 117618 b,8.59,55.30242,,0.18,,5990.0,1.2,1.077,0.0283,0.479
7 CMa b,13.4,587.9855,,1.758,,4826.0,4.87,1.34,0.21,1.34
HD 125612 d,12.7,2281.37230545,,3.982,,5900.0,1.07,1.05,0.23,6.12
AB Pic b,12.3,4290.5,,260.0,,5285.0,0.999394,0.9,0.04,12.7
GJ 581 b,4.79,20.5,,0.0399,,3500.0,0.302,0.295,-0.08,1.02
HD 11977 b,12.7,2080.0,,1.93,,4970.0,10.09,1.91,-0.21,5.58
BD-10 3166 b,14.1,187.5197,,0.04,,5393.0,0.91,1.47,0.38,0.368
GJ 581 c,2.5,6.81,,0.0718,,3500.0,0.302,0.295,-0.08,2.39
BD+14 4559 b,13.8,330.5432,,0.78,,4864.0,0.86,0.49,0.17,0.691
GJ 876 c,14.0,226.9846,,0.12959,,3293.74,0.3,0.32,0.2129,0.455
HD 101930 b,10.6,79.4575,,0.3,,5108.0,0.86,0.57,0.15,0.367
BD+20 2457 c,12.4,3963.17,,2.01,,4137.0,49.0,2.8,-1.0,11.4
Kepler-40 b,13.11,699.2,1620.0,0.08,1187.965,6510.0,2.13,1.48,0.1,1.68
GSC 06214-00210 b,20.1762,5000.0,2300.0,320.0,,4200.0,0.90484,0.9,-0.06,3.35
Kepler-123 b,2.94,55.3,817.0,0.135,138.807,6089.0,1.264,1.079,-0.08,12.0
HD 108147 b,10.9,82.95,890.0,0.102,,6255.73,1.20664,1.22,0.1803,0.352
HD 108874 b,13.6,451.3186,,1.04,,5600.0,1.05,1.1,0.26,0.986
CT Cha b,24.66,5403.0,2600.0,440.0,,4403.0,1.679694,,-0.56,1.98
Kepler-6 b,14.616536,212.31044,1460.0,0.04852,792.218,5647.0,1.391,1.209,0.34,0.4
HD 136418 b,13.3,680.1562,,1.29,,4989.0,3.78,1.48,-0.11,1.59
HD 69830 b,3.17,10.2,,0.0785,,5385.0,0.886947,0.86,-0.05,1.76
HD 164509 b,14.3,140.79869,,0.87,,5859.0,1.11,1.12,0.2,0.265
Kepler-267 b,1.98,37.9,615.0,0.037,45.843,4258.0,0.555,0.541571,-0.18,26.8
HD 192699 b,13.4,666.17168,,1.063,,5041.0,4.41,1.38,-0.15,1.52
HD 145377 b,12.8,1913.3366,,0.45,,6014.0,1.05,1.2,0.11,5.01
HD 147018 b,13.4,674.0,,0.2388,,5441.0,0.937948,0.927,0.1,1.54
HD 20003 b,3.43,11.66,,0.0974,,5494.0,0.921637,0.875,0.04,1.59
Kepler-1713 b,1.71673535,3.59,900.0,0.14185,144.3,6477.0,1.459,1.3,0.1,3.9
HD 196885 A b,13.2,819.97,,2.37,,6254.0,1.31,1.28,0.22,1.96
HD 149143 b,13.6,422.7139,,0.053,,5856.0,1.44,1.2,0.29,0.923
HD 126614 b,12.7,107.74382997,,2.249,,5568.0,1.369794,0.96,0.56,0.289
HD 152581 b,13.4,594.02427,,1.66,,5027.0,5.14,1.3,-0.46,1.36
HD 177830 b,13.5,537.1327,,1.14,,4901.0,3.26,1.7,0.42,1.2
HD 128311 c,13.0,1204.25787,,1.74,,4965.0,0.76,0.828,0.08,3.01
HD 154672 b,12.8,1706.7471,,0.6,,5743.0,1.32,1.18,0.25,4.47
HD 178911 B b,12.6,2552.1749,,0.34,,5588.0,1.08,1.24,0.24,7.01
HD 155358 b,13.8,314.6517,,0.63,,5905.0,1.38,1.15,-0.6,0.658
HD 13189 b,12.4,3480.2385,,1.25,,4175.0,38.41,2.24,-0.37,10.0
HD 131496 b,13.4,572.094,,2.01,,4846.0,4.44,1.34,0.25,1.31
HD 156668 b,1.87,4.15,,0.05,,4850.0,0.72,0.772,0.05,3.49
HD 134060 c,5.91,29.29,,2.3928,,5966.0,1.164285,1.095,0.14,0.78
HD 158038 b,13.5,486.2799,,1.5,,4860.0,4.5,1.3,0.19,1.09
HD 187085 b,13.9,265.70588,,2.1,,6117.0,1.27,1.189,0.12,0.544
24 Sex b,13.4,632.46,,1.333,,5098.0,4.9,1.54,-0.03,1.44
HD 206610 b,13.4,647.10188,,1.74,,4842.0,6.12,1.55,0.14,1.48
HD 63454 b,12.31,79.4575,,0.04,,4812.0,0.77,0.42,0.1,0.234
HD 62509 b,13.3,731.0,,1.64,,4892.63,8.9,2.0,0.1027,1.71
K2-27 b,4.74,30.2,836.0,0.06702,116.0,5246.0,0.876,0.88,0.12,1.71
HD 20781 c,2.17,5.33,,0.1004,,5256.0,0.833609,0.7,-0.11,2.87
HD 285968 b,2.83,8.4,450.0,0.066,,3703.49,0.478214,0.5,-0.1,2.04
HD 69830 d,4.45,18.1,,0.63,,5385.0,0.886947,0.86,-0.05,1.13
HD 63765 b,14.2,168.4499,,0.94,,5449.0,0.83,0.65,-0.16,0.323
HD 28678 b,13.5,490.09386,,1.18,,4972.0,6.48,1.53,-0.11,1.09
HD 70642 b,13.0,1239.5307873,,3.318,,5732.0,0.984,1.078,0.22,3.1
HD 30562 b,13.6,467.20775829,,2.34,,5882.0,1.61,1.12,0.2,1.02
HD 73267 b,13.0,1321.53051631,,2.229,,5387.0,0.909,0.93,0.03,3.31
HD 212771 b,13.3,759.6137,,1.19,,5003.0,5.27,1.56,-0.21,1.77
HD 31527 c,3.85,14.16,,0.2663,,5898.0,1.073694,0.96,-0.17,1.36
HD 31527 d,3.46,11.82,,0.8098,,5898.0,1.073694,0.96,-0.17,1.57
HD 31527 b,3.22,10.47,,0.1254,,5898.0,1.073694,0.96,-0.17,1.72
HD 216435 b,13.7,400.4,,2.56,,5999.0,1.800029,1.3,0.244,0.856
HD 82886 b,13.3,740.5439,,1.58,,4953.0,5.26,2.53,-0.31,1.73
HD 8574 b,13.4,645.1949,,0.76,,6064.0,1.38,1.34,0.01,1.47
HD 86081 b,13.6,470.3884,,0.0346,,5939.0,1.46,1.21,0.22,1.03
HD 37124 d,14.0,221.20968,,2.807,,5698.64,0.949168,0.85,-0.44,0.443
HD 9446 c,13.4,578.426,,0.654,,5793.0,1.0,1.0,0.09,1.32
HD 96063 b,13.7,403.6441,,1.11,,5020.0,4.75,1.37,-0.3,0.863
HD 8673 b,12.3,4210.59073594,,2.97,,6389.05,1.50225,1.28,0.1474,12.4
Kepler-263 b,2.67,7.61,548.0,0.12,24.308,5265.0,0.785,0.793,-0.0314,2.2
HD 219828 b,4.59,19.06970442,,0.049,,5891.0,1.56,1.04,0.19,1.08
HD 38529 b,14.1,206.58846455,,0.115,,5697.0,2.857838,0.98,0.51,0.405
HD 99706 b,13.7,390.9309,,1.98,,4862.0,5.52,1.46,0.14,0.835
HIP 14810 d,14.1,187.5197,,1.94,,5544.0,1.07,1.01,0.24,0.368
Kepler-746 b,1.11,1.41,1156.0,0.0435,421.61,5418.0,0.93,0.91,0.09,5.67
HD 40307 b,,1188.99607059,910.0,0.0468,,4956.0,0.716684,0.77,-0.31,
HATS-1 b,14.594,589.55,1359.0,0.0444,489.9461,5870.0,1.038,0.986,-0.06,1.03
HD 40979 b,12.9,1484.2661,,0.85,,6165.0,1.21,1.45,0.2,3.8
OGLE-TR-132 b,13.45,375.02,2013.0,0.03035,,6210.0,1.32,1.305,0.37,0.85
HD 4203 b,13.3,708.7609,,1.17,,5596.0,1.42,1.25,0.4,1.66
HD 43691 b,13.2,810.4665,,0.238,,6093.0,1.6,1.32,0.33,1.94
HD 41004 B b,12.1,5838.29,,,,5036.0,1.04137,0.4,,18.1
tau Boo b,12.8,1891.0,,0.049,,6466.27,1.42588,1.32,0.2642,4.95
HD 231701 b,13.7,359.1479,,0.567,,6101.0,1.53,1.21,0.05,0.768
HD 204313 b,12.9,1466.7780983,,3.185,,5767.0,1.1,1.03,0.18,3.75
Kepler-1738 b,2.82472883,8.37,957.0,0.0781,198.67,6063.0,1.001,1.079,-0.02,2.04
HD 5319 b,13.5,494.54348,,1.57,,4871.0,4.06,1.27,0.15,1.1
Pr0201 b,14.2,171.6282,,0.06,,6174.0,1.15,1.24,0.19,0.329
Pr0211 b,13.4,597.5204,,0.03176,,5300.0,0.827,0.935,0.18,1.36
bet Cnc b,12.6,2479.0,,1.7,,4092.1,47.2,1.7,-0.29,6.81
bet UMi b,12.7,1938.7,,1.4,,4126.0,38.3,1.4,-0.27,5.2
Kapteyn c,2.54,7.0,,0.311,,3550.0,0.291,0.281,-0.89,2.35
Kepler-754 b,2.01,4.7,758.0,0.116,216.473,5935.0,1.08,1.06,0.05,3.18
HD 207832 c,14.0,232.0159,,2.112,,5710.0,0.901,0.94,0.06,0.465
CoRoT-24 b,3.7,5.7,1070.0,0.056,,4950.0,0.86,0.91,0.3,0.9
CoRoT-24 c,5.0,28.0,850.0,0.098,,4950.0,0.86,0.91,0.3,1.3
HIP 105854 b,12.6,2606.1,,0.81,,4780.0,10.305119,2.1,0.31,7.16
K2-138 c,2.299,6.31,1012.0,0.04461,279.0,5356.3,0.863,0.935,0.14,2.8
HATS-63 b,13.529263,305.1168,1398.3,0.04026,634.1,5627.0,1.07,0.931,0.081,0.67
CoRoT-22 b,4.88,12.2,885.0,0.092,,5939.0,1.136,1.099,0.17,0.249
TYC 1422-614-1 b,13.3,794.5,,0.69,,4806.0,6.85,1.15,-0.2,1.86
TYC 1422-614-1 c,12.5,3178.0,,1.37,,4806.0,6.85,1.15,-0.2,8.94
BD-11 4672 b,14.1,206.5895,,2.36,,4550.0,0.639,0.651,-0.35,0.405
BD+49 828 b,13.5,508.5,,4.2,,4943.0,7.6,1.52,-0.19,1.14
HD 1666 b,12.7,2040.0,,0.94,,6317.0,1.93,1.5,0.37,5.47
HD 67087 c,12.9,1540.0,,3.86,,6330.0,1.55,1.36,0.25,3.94
Kepler-268 b,2.55,7.04,695.0,0.18,64.933,6081.0,1.274,1.109,0.0009,2.33
HATS-11 b,18.03,263.7989,1596.0,0.0507,1027.296,6563.0,1.54,1.33,0.03,0.315
Kepler-47 c,4.65,3.17,,0.9638,,5636.0,0.936,0.957,-0.25,0.17
K2-4 b,2.1,5.06,563.0,0.078,15.6,4014.73,0.569359,0.635026,-0.12,3.0
HD 175607 b,,2456.1779293,,,,5392.0,0.7,0.71,-0.62,
Kepler-772 b,1.82,3.97,866.0,0.11153,264.576,5714.0,1.11,0.98,0.03,3.62
HD 27631 b,13.5,495.81231492,,3.242,,5737.0,0.923,0.944,-0.12,1.11
HD 24064 b,12.3,4096.8287,,1.29,,4052.0,40.0,1.61,-0.49,12.1
K2-21 c,2.49,6.76,420.0,0.107,5.1,4222.06,0.646783,0.676023,-0.11,5.4
HD 98649 b,12.5,3082.9355479,,5.97,,5759.0,1.01,0.97,-0.06,8.67
K2-9 b,2.25,5.69,314.0,0.091,1.36,3390.0,0.31,0.3,-0.25,2.74
CoRoT-29 b,10.0881,270.1555,,0.0386,,5260.0,0.9,0.97,0.2,1.45
HATS-39 b,17.59813,200.2329,1645.0,0.06007,1547.1014,6572.0,1.621,1.379,0.0,0.202
LkCa 15 b,,,,14.7,,4194.0,1.60711,,0.26,
HU Aqr AB c,12.9,1430.235,,5.4,,5952.0,,0.88,,3.66
HD 164595 b,4.16,16.14,,0.23,,5790.0,1.023606,0.99,-0.04,1.23
K2-8 b,3.58,12.5,631.0,0.0856,37.7,4870.0,0.74,0.78,-0.02,1.5
kap And b,12.3,4327.36,1900.0,55.0,,10900.0,2.31229,2.6,-0.36,12.8
PH1 b,6.18,169.0,481.0,0.652,,6407.0,1.734,1.528,0.21,
GJ 676 A e,2.47,6.67439655,,0.181,,3734.0,0.69,0.626,0.23,2.43
BD+15 2940 b,13.7,352.78,,0.539,,4796.0,14.7,1.1,0.28,0.754
SR 12 AB c,12.3,4131.62,,,,3828.93,1.103075,,,12.2
GJ 667 C e,1.45,2.7,,0.213,,3350.0,,0.33,-0.55,4.87
tau Gem b,12.1,6547.0,,1.17,,4388.0,26.8,2.3,0.14,20.3
GJ 667 C g,1.99,4.6,,0.549,,3350.0,,0.33,-0.55,3.21
GJ 504 b,12.10569916,1271.3,510.0,43.5,,6234.0,1.26,1.22,0.28,3.94
HD 159243 c,13.4,603.9,,0.8,,6123.0,1.12,1.125,0.05,1.38
ROXs 12 b,12.2,5085.0,,210.0,,3850.0,1.06627,0.87,0.14,15.4
NGTS-14 A b,4.976796,29.24036,1143.0,0.0403,191.782,5187.0,0.842,0.898,0.1,1.395
Kepler-36 b,1.498,3.83,978.0,0.11419,247.0,5979.0,1.634,1.034,-0.18,6.26
Kepler-48 e,13.4,657.0,,1.898274748,,5194.0,0.89,0.88,0.17,1.5
HD 4203 c,13.3,689.66,,6.95,,5582.0,1.49795,0.99,0.34,1.61
KOI-984 b,4.3,17.1,1022.0,0.0504,186.31,5295.0,0.818,0.928,0.12,1.18
NGC 2682 YBP 401 b,14.3,146.2018,,,,6165.0,1.215821,1.14,-0.046,0.275
GJ 3998 b,1.39,2.5,,0.03,48.0,3726.0,0.5,0.52,-0.13,5.12
K2-239 b,1.1,1.37,502.0,0.0441,,3420.0,0.36,0.4,-0.1,5.66
K2-233 d,2.363,10.3,525.0,0.1516,12.7,4796.0,0.71,0.79,-0.082,4.3
HD 110082 b,3.2,10.3,957.2,0.113,198.3948,6200.0,1.19,1.21,0.08,1.73
TOI-558 b,12.17295304,1147.36054927,1061.0,0.1291,248.8554,6466.0,1.496,1.349,-0.004,3.5
K2-243 b,2.17,5.35,1035.0,0.1087,,6570.0,1.39,1.29,-0.03,2.88
K2-255 b,2.9,8.75,1034.0,0.0274,,4676.0,0.69,0.71,-0.14,1.97
K2-264 c,2.668,7.6,331.0,0.11283,,3660.0,0.473,0.496,-0.013,2.2
HD 211810 b,14.0,212.9461,,2.656,,5652.0,1.13,1.03,0.17,0.426
Kepler-262 c,1.64,3.33,618.0,0.152,25.26,5841.0,0.881,0.816,-0.3382,4.15
47 UMa d,13.5,521.22,,11.6,,5872.0,1.21334,1.06,0.04,1.16
HD 95089 c,13.1,1096.5135,,3.33,,4918.0,5.08,1.54,0.05,2.68
HD 72892 b,12.8,1737.88572948,,0.228,,5688.0,1.22,1.01,0.25,4.55
HD 128356 b,13.9,282.8687,,0.87,,4875.0,0.85,0.65,0.17,0.579
HD 165155 b,13.2,918.5287,,1.13,,5426.0,0.95,1.02,0.09,2.19
Kepler-761 b,2.03,4.78,767.0,0.0874,95.447,5706.0,0.93,0.95,-0.09,3.14
2MASS J22362452+4751425 b,12.3,3972.875,,230.0,,4045.0,0.641152,0.6,,11.7
CoRoT-21 b,14.5717,718.2958,,0.0417,,6200.0,1.95,1.29,0.0,1.36
HD 13167 b,13.1,1052.0173,,4.1,,5671.0,2.39,1.35,0.19,2.57
WASP-177 b,17.71022,161.45764,1142.0,0.03957,279.7736,5017.0,0.885,0.876,0.25,0.172
LP 791-18 d,1.032,0.91,395.5,0.01992,5.83,2960.0,0.182,0.139,-0.09,4.56
K2-288 B b,1.9,4.27,226.36,0.164,,3341.0,0.32,0.33,-0.21,3.42
TOI-640 b,19.2794468,181.16219199,1816.0,0.06608,1150.12,6460.0,2.082,1.536,0.072,0.138
Gl 378 b,3.66,13.02,830.0,0.039435,,3879.0,0.56,0.56,0.06,1.46
Kepler-766 b,3.39,11.4,990.0,0.066,227.15,5992.0,1.15,1.1,0.09,1.61
K2-107 b,15.98,266.9772,1649.0,0.0475,,6061.0,1.81,1.3,0.14,0.35
Kepler-780 b,0.89,0.64,2099.0,0.015,4572.56,5769.0,1.02,1.01,0.05,4.99
HD 39855 b,2.85,8.5,,0.041,,5576.0,0.744665,0.87,,2.02
HD 92788 c,13.0,1166.4361,,10.5,,5744.0,1.14,1.15,0.27,2.92
K2-224 b,1.56,3.05,1002.0,0.0516,,5620.0,0.84,0.91,-0.19,4.41
EPIC 205950854 c,1.31,2.27,960.6,,,5502.7,0.83,0.877,-0.13,5.55
EPIC 206032309 b,1.01,1.01,,,,3489.0,0.37344,0.221,,5.39
K2-228 b,1.21,1.92,914.0,0.0338,,4715.0,0.65,0.71,-0.25,5.96
K2-229 b,1.0,2.55,1818.0,0.0131,2290.0,5315.0,0.79,0.87,-0.09,7.6
TYC 4282-00605-1 b,12.4,3426.2074,,0.422,,4300.0,16.21,0.97,-0.07,9.87
HD 206255 b,6.47,34.2,,0.461,,5635.0,2.221489,1.42,,0.694
Kepler-411 e,3.28,10.8,503.0,0.186,,4974.0,0.82,0.87,0.21,1.68
psi1 Dra B b,13.5,486.2799,,4.43,,6212.0,1.255735,1.19,0.01,1.09
Kepler-758 b,2.48,6.71,1005.0,0.10754,349.193,6228.0,1.42,1.16,-0.1,2.42
K2-128 b,1.42,2.6,,0.056,68.8,4469.51,0.777569,0.711248,-0.26,4.99
K2-129 b,1.04,1.12,,0.057,4.5,3459.09,0.36001,0.360031,,5.47
GJ 625 b,1.49,2.82,,0.078361,,3499.0,0.31,0.3,-0.38,4.68
HATS-76 b,12.09449018,835.570882,939.8,0.02658,129.8,4016.0,0.6259,0.662,0.322,2.58
HATS-77 b,13.05846252,436.69623122,828.3,0.03607,78.37,4071.0,0.6428,0.655,0.253,1.077
Wolf 1061 d,2.69,7.7,,0.47,0.06,3342.0,0.307,0.294,-0.09,2.17
Wolf 1061 b,1.21,1.91,,0.0375,7.34,3342.0,0.307,0.294,-0.09,5.92
HD 34445 d,6.07,30.7,,0.4817,,5836.0,1.38,1.07,0.14,0.754
KELT-17 b,17.093725,416.3573,2087.0,0.04881,3331.8707,7454.0,1.645,1.635,-0.018,0.46
HD 113996 b,12.7,2002.329,,1.6,,4181.0,25.11,1.49,0.13,5.37
HD 143105 b,13.7,384.5743,,0.0379,,6380.0,1.647304,1.51,0.15,0.822
HD 35759 b,13.0,1195.0408,,0.389,,6060.0,1.759974,1.15,0.04,2.99
Pr0211 c,12.6,2475.8957,,5.5,,5300.0,0.827,0.935,0.18,6.8
Kepler-65 e,13.9,260.0,,0.8539307544,,6220.0,1.437,1.248,0.13,0.532
TOI-2109 b,15.098497,1595.49860314,3646.0,0.01791,14429.0,6540.0,1.698,1.453,0.068,2.55
HD 191806 b,12.5,2966.61035094,,2.749,,6010.0,1.40223,1.07,0.3,8.35
BD+48 740 b,13.5,540.311,,1.7,,4534.0,10.33,1.09,-0.13,1.21
K2-148 c,1.73,3.64,,0.0616,26.5,4079.0,0.632,0.65,-0.11,3.86
K2-149 b,1.64,3.33,,0.083,7.0,3745.0,0.568,0.595,0.11,4.15
KPS-1 b,11.54527,346.4347,1459.0,0.0269,729.0,5165.0,0.907,0.892,0.22,1.31
V830 Tau b,14.0,222.481,,0.057,,4250.0,2.0,1.0,-0.08,0.446
K2-233 b,1.315,2.4,1127.0,0.03293,269.0,4796.0,0.71,0.79,-0.082,5.7
K2-211 b,1.33162691,2.33,1873.0,0.01419,,5117.0,0.818,0.851,0.134,5.42
K2-221 b,1.67890272,3.46,,,,5716.0,0.947599,1.010842,0.13,4.02
K2-215 b,2.12381238,5.16,,,,5704.0,0.974398,0.999987,0.11,2.96
K2-217 b,3.57854073,12.5,,,,5967.0,1.333718,1.102661,0.04,1.5
K2-183 d,2.3,5.9,615.0,0.1527,,5482.0,0.87,0.942219,0.09,2.66
K2-163 b,2.46610713,6.65,,,,4937.0,0.762201,0.826112,0.14,2.44
K2-162 b,1.44,2.67,631.0,0.0795,,4842.0,0.69,0.75,-0.17,4.91
K2-205 b,1.99552771,4.64,,,,5890.0,1.077574,0.951027,-0.26,3.21
K2-204 b,3.17214154,10.2,1148.0,0.0738,,5783.0,1.253,1.076,0.21,1.76
Kepler-281 c,5.31,161.124,513.0,0.215,35.203,5723.0,0.899,0.95,0.02,0.0051
Kepler-451 c,13.5,511.70373527,,,,29564.0,0.203,0.48,-0.092,1.14
Gl 49 b,2.24,5.63,,0.0905,,3805.0,0.511,0.515,0.13,2.75
Kepler-805 b,2.89,8.7,743.0,0.19852,86.473,6112.0,1.65,1.19,-0.06,1.98
HD 110113 b,2.05,4.55,1371.0,0.035,735.49,5732.0,0.968,0.997,0.14,2.9
Kepler-504 b,1.59,3.15,374.0,0.0646,5.991,3519.0,0.33,0.33,-0.31,4.31
Kepler-277 b,2.92,87.3,964.0,0.14168,198.245,5946.0,1.69,1.12,0.09,9.2
HD 105779 b,14.1,203.41018048,,3.38,,5792.0,0.94,0.89,-0.25,0.399
Kepler-814 b,2.12,5.14,1164.0,0.0695,935.124,6162.0,1.22,1.15,0.01,2.96
Kepler-798 b,2.39,6.3,864.0,0.1174,141.888,6224.0,1.29,1.19,0.03,2.54
HD 69123 b,13.1,982.08977763,,2.482,,4842.0,7.72,1.68,0.05,2.4
TOI-1203 c,2.2,5.46,,,,5737.0,1.179,0.886,-0.39,2.82
TOI-1478 b,11.99360935,279.68899816,918.0,0.0818,261.013,5597.0,1.048,0.947,0.078,0.88
Kepler-280 b,1.45,2.7,1425.0,0.032,821.894,5744.0,0.886,0.962,0.1213,4.87
LP 261-75 b,12.1,6674.396547,1500.0,450.0,,3138.0,0.308,0.22,,20.7
TOI-1203 b,1.52,3.51,1361.2,0.04869,572.2,5737.0,1.179,0.886,-0.39,5.48
HD 93385 d,2.89,8.7,,0.2565,,5977.0,1.18484,1.04,0.02,1.98
Kepler-279 c,4.3,49.4,774.0,0.2236,60.157,6689.45,1.07,1.1,-0.1141,0.3
HD 154088 b,2.46,6.6,,0.134,,5374.0,0.95,0.91,0.28,2.44
Kepler-286 b,1.24,2.07,1367.0,0.027,850.1,5580.0,0.863,0.83,-0.25,5.97
HD 19615 b,12.6,2701.5414595,,1.1,,4263.0,32.3,1.1,-0.31,7.42
Kepler-809 b,3.01,9.32,478.0,0.2901,13.155,5734.0,0.98,0.99,0.04,1.88
HD 29399 b,13.5,498.99059899,,1.913,,4845.0,4.5,1.17,0.14,1.11
Kepler-788 b,2.55,7.04,984.0,0.0835,357.191,6159.0,1.23,1.16,0.05,2.33
TOI-5713 b,1.77,3.78,347.2,0.06008,2.2554,3225.0,0.2992,0.2653,-0.03,3.75
Kepler-818 b,5.11,22.9,786.0,0.0886,100.779,5638.0,0.92,0.94,-0.08,0.943
Kepler-463 b,3.05,9.53,880.0,0.07925,166.039,5661.0,0.9,0.87,-0.28,1.85
Kepler-799 b,6.88,37.9,433.0,0.5167,6.356,5681.0,0.93,0.95,-0.07,0.64
Kepler-65 b,1.42,2.4,1740.0,0.035,2316.095,6211.0,1.41,1.25,0.17,4.4
HD 208487 b,14.3,146.20106722,,0.53,,6134.0,1.16,1.15,0.09,0.275
Kepler-80 e,1.6,4.13,629.0,0.0491,94.781,4540.0,0.678,0.73,0.04,3.75
Kepler-1672 b,2.97022762,9.11,423.0,0.55374,4.4,6131.95,1.08841,1.16,-0.25,1.91
Kepler-82 d,1.77,885.098,1253.0,0.034,484.351,5428.0,0.945,0.946,0.2107,220.0
Kepler-1229 b,1.4,2.54,212.0,0.3006,0.524,3784.0,0.51,0.54,-0.06,5.09
Kepler-1837 b,2.06673842,4.92,1012.0,0.065,247.83,5966.0,0.961,1.049,-0.02,3.06
Kepler-406 b,1.43,6.35,1302.0,0.03599,826.933,5538.0,1.07,1.07,0.18,11.82
Kepler-1855 b,1.216205,1.96,849.0,0.0115,86.97,3460.0,0.356,0.385,0.07,5.99
Kepler-446 b,1.5,2.86,648.0,0.0182,16.213,3359.0,0.24,0.22,-0.3,4.66
Kepler-231 b,1.73,35.4,488.0,0.074,14.879,3767.0,0.49,0.58,-0.1,13.8
Kepler-1232 b,1.93,4.38,523.0,0.16545,14.6,5471.0,0.89,0.92,0.06,3.35
Kepler-1168 b,2.5,6.8,379.0,0.2663,4.107,5157.0,0.82,0.87,0.13,2.39
Kepler-1680 b,1.35954736,2.42,771.0,0.07642,49.0,5021.0,0.723259,0.834,-0.07,5.29
Kepler-1831 b,1.97019818,4.54,1051.0,0.0655,288.69,6063.0,1.012,1.117,0.07,3.26
Kepler-201 c,2.85,8.5,378.0,0.573,6.033,6065.0,1.229,1.098,-0.0442,2.02
Kepler-1785 b,2.70422447,7.77,666.0,0.13917,47.3,5618.0,0.996,0.911,0.0,2.16
Kepler-1152 b,0.87,0.59,806.0,0.0223,139.601,3964.0,0.53,0.55,-0.25,4.92
Kepler-175 c,3.1,9.8,583.0,0.213,31.95,6064.0,1.01,0.969,0.04,1.81
Kepler-1296 b,0.91,0.693,1285.0,0.0896,399.015,5359.0,0.83,0.87,-0.04,5.05
Kepler-1345 b,2.36,6.17,693.0,0.26412,68.469,6449.0,1.55,1.32,0.04,2.58
Kepler-1798 b,2.30911251,5.94,408.0,0.1082,6.52,3967.0,0.587,0.593,0.06,2.65
Kepler-1187 b,2.61,7.32,701.0,0.1401,72.957,5975.0,1.09,1.06,-0.01,2.26
Kepler-430 b,3.25,10.6,667.0,0.2244,40.844,5884.0,1.485,1.166,0.2,1.7
Kepler-385 c,3.04,13.2,829.0,0.127,83.155,6326.0,1.126,0.992,0.01,2.58
Kepler-1716 b,2.4247685,6.46,408.0,0.18836,6.3,4894.0,0.684,0.753,-0.24,2.49
Kepler-1113 b,2.81,8.3,558.0,0.2415,22.849,5931.0,1.17,1.12,0.18,2.06
Kepler-60 b,1.71,4.19,1102.0,0.07255,318.0,5905.0,1.257,1.041,-0.09,4.62
Kepler-104 d,3.58,5.54022107,515.0,0.257,16.012,5711.0,1.349,0.818,-0.42,1.668541
Kepler-100 b,1.34,4.01,1155.0,0.07309,478.214,5837.0,1.51,1.13,0.1,12.357908
Kepler-1190 b,1.33,2.33,609.0,0.0845,24.211,4730.0,0.72,0.76,-0.02,5.44
Kepler-1823 b,2.0861268,5.0,718.0,0.15332,78.0,6000.0,1.126,1.068,0.06,3.03
Kepler-1833 b,1.30027362,2.24,1177.0,0.07545,439.2,6164.0,1.446,1.286,0.38,5.6
Kepler-1211 b,2.55,7.04,840.0,0.09763,130.9,5705.0,0.94,0.96,-0.08,2.33
Kepler-1685 b,2.57673985,7.16,625.0,0.1485,36.01,5484.0,0.835451,0.96,0.21,2.3
Kepler-182 b,2.58,7.18,935.0,0.096,239.787,6250.0,1.146,1.114,0.072,2.3
Kepler-514 b,1.72,3.61,1248.0,0.06559,506.412,6106.0,1.44,1.28,0.36,3.9
Kepler-515 b,1.46,2.73,564.0,0.1333,47.97,5293.0,0.83,0.9,0.08,4.82
Kepler-1143 b,1.67,3.43,976.0,0.0371,173.056,5053.0,0.77,0.81,-0.06,4.05
Kepler-110 c,2.21,5.52,743.0,0.198,45.336,5960.0,1.149,0.989,-0.1498,2.81
Kepler-1088 b,1.42,2.6,667.0,0.16163,44.887,5975.0,1.08,1.08,0.05,4.99
Kepler-362 c,1.45,2.7,543.0,0.207,36.667,5788.0,0.722,0.904,-0.12,4.87
Kepler-1145 b,1.4,2.54,958.0,0.0443,198.43,5064.0,0.75,0.79,-0.13,5.09
Kepler-1242 b,2.26,5.73,639.0,0.1039,28.998,4895.0,0.74,0.77,-0.05,2.73
KOI-2513.01,2.80224517,7310.053361,758.0,0.5,78.19,5900.0,1.2,0.91,-0.37,2000.0
Kepler-1302 b,1.43,2.63,778.0,0.0795,58.344,5236.0,0.82,0.86,0.04,4.94
Kepler-401 b,1.71,3.57,889.0,0.122,254.25,6117.0,1.333,1.173,0.0,3.92
Kepler-1691 b,1.83470985,4.02,1283.0,0.0495,641.53,6000.0,1.13152,1.11,0.16,3.58
Kepler-1193 b,1.32,2.3,1453.0,0.04004,1286.386,5908.0,1.21,1.08,0.12,5.5
Kepler-144 c,1.35,2.39,1046.0,0.094,207.247,6075.0,1.235,1.154,-0.1848,5.34
Kepler-519 b,2.1,5.06,532.0,0.15932,19.87,5260.0,0.8,0.89,0.01,3.0
Kepler-167 d,1.238,2.06,538.0,0.1404,14.489,4884.0,0.749,0.777,0.02,5.97
Kepler-395 c,1.32,2.3,341.0,0.177,2.11,4262.0,0.556,0.622827,-0.02,5.5
Kepler-206 b,1.2,1.87,983.0,0.078,192.273,5764.0,1.185,0.957,0.0213,5.95
Kepler-1091 b,1.46,2.73,1664.0,0.0252,1740.858,5851.0,1.03,1.01,0.0,4.82
Kepler-380 b,1.19,1.81,1317.0,0.05,808.093,6045.0,1.224,0.99,-0.16,5.9
Kepler-1267 b,3.01,9.32,774.0,0.1057,86.469,6096.0,1.2,1.15,0.07,1.88
Kepler-1282 b,1.55,3.02,1418.0,0.0335,672.532,5504.0,0.89,0.92,0.01,4.46
Kepler-1353 b,1.8,3.89,491.0,0.153,10.767,4776.0,0.72,0.76,-0.06,3.67
Kepler-116 c,2.3,5.9,964.0,0.116,208.982,6142.0,1.454,1.198,0.07,2.66
Kepler-145 b,2.65,37.1,873.0,0.17308,154.705,6022.0,1.85,1.32,-0.0014,13.0
Kepler-403 b,1.25,2.1,1194.0,0.076,689.457,6090.0,1.329,1.299,0.079,5.91
Kepler-957 b,5.5,25.9,769.0,0.0559,124.911,4963.0,0.75,0.81,-0.01,0.855
Kepler-85 b,1.778,1.84,809.0,0.07885,107.028,5505.2,0.875,0.928,0.12,1.819493
Kepler-36 c,3.679,7.13,928.0,0.12692,191.0,5979.0,1.634,1.034,-0.18,0.787
Kepler-510 b,2.47,6.66,797.0,0.1352,114.389,5746.0,1.41,0.91,-0.35,2.43
Kepler-1250 b,1.92,4.35,1431.0,0.0393,1866.193,5717.0,0.98,0.99,0.04,3.38
TOI-1634 b,1.759,4.9,900.0,0.01544,121.0,3550.0,0.45,0.502,0.23,5.282044
Kepler-285 c,1.12,1.46,851.0,0.064,137.068,5411.0,0.808,0.915,0.17,5.71
Kepler-161 c,2.05,3.61,769.0,0.068,76.201,5078.0,0.806,0.853,0.24,1.31
Kepler-187 b,1.41,2.57,1244.0,0.059,902.239,6105.0,1.287,1.081,-0.04,5.04
Kepler-1880 b,2.11686218,5.13,606.0,0.054,31.73,4380.0,0.53,0.524,-0.92,2.97
Kepler-367 b,1.3,2.24,401.0,0.201,5.985,4710.0,0.695,0.768,0.1974,5.6
Kepler-384 b,1.12,1.46,670.0,0.148,101.549,5577.0,0.882,0.882,-0.29,5.71
Kepler-1842 b,2.35388681,6.14,822.0,0.116,108.07,5970.0,1.131,1.057,0.06,2.59
Kepler-172 d,2.25,5.69,736.0,0.118,75.29,5526.0,1.085,1.081,0.39,2.74
Kepler-1272 b,2.37,6.21,542.0,0.2705,34.433,5926.0,1.09,1.06,0.06,2.56
Kepler-1312 b,2.1,5.06,978.0,0.06053,219.117,5719.0,0.92,0.99,-0.02,3.0
Kepler-1336 b,1.98,4.58,793.0,0.15845,103.72,5512.0,1.3,0.94,0.05,3.24
Kepler-1829 b,2.47887001,6.71,860.0,0.0559,129.37,5230.0,0.777,0.873,0.0,2.42
Kepler-1313 b,1.76,3.75,1012.0,0.04619,227.198,5453.0,0.85,0.92,0.0,3.78
Kepler-114 d,2.53,3.9,446.0,0.08358,31.016,4660.0,0.54,0.56,0.2291,0.22
Kepler-293 c,3.83,14.0,466.0,0.286,7.287,5804.0,0.957,0.934,0.1,1.37
Kepler-370 c,1.91,4.31,647.0,0.14,54.197,5852.0,0.9,0.982,0.1323,3.4
Kepler-1142 b,1.47,2.76,902.0,0.1343,147.817,5685.0,0.96,0.97,0.02,4.77
Kepler-1808 b,3.02511302,9.4,601.0,0.1467,30.94,5530.0,0.892,0.773,-0.34,1.87
Kepler-1682 b,2.88940836,8.7,694.0,0.1134,54.74,5619.12,0.842301,0.99,-0.048,1.98
Kepler-1811 b,3.84829873,14.1,455.0,0.3462,10.11,5561.0,1.19,0.946,0.16,1.36
Kepler-1885 b,1.51110555,2.89,1205.0,0.036,499.07,5591.0,0.86,0.977,0.07,4.6
Kepler-349 c,1.96,4.5,763.0,0.105,94.491,5956.0,0.927,1.083,0.1509,3.28
Kepler-1155 b,2.03,4.78,609.0,0.2006,32.52,5842.0,1.03,1.03,0.04,3.14
Kepler-481 b,2.5,6.8,899.0,0.08926,183.842,5802.0,1.09,1.01,0.03,2.39
Kepler-1163 b,1.03,1.08,1211.0,0.06868,511.757,6302.0,1.35,1.22,0.02,5.43
Kepler-530 b,3.01,9.32,488.0,0.21491,14.238,5697.0,0.89,0.97,-0.08,1.88
Kepler-292 b,1.32,2.3,1130.0,0.035,394.301,5299.0,0.826,0.865,0.04,5.5
Kepler-1816 b,1.9679397,4.53,310.0,0.35647,2.0,5051.0,0.706,0.786,-0.24,3.27
Kepler-1819 b,3.90351256,14.5,760.0,0.1337,78.99,6090.0,1.071,1.173,0.21,1.34
Kepler-85 d,1.2,8.69679,626.0,0.13,38.39,5436.0,0.893,0.947,0.12,4.4
TOI-3984 A b,7.9,44.0,563.0,0.041,16.7,3476.0,0.47,0.49,0.18,0.49
Kepler-100 e,5.27,24.14271827,,0.312391586,,5884.0,1.5,1.097,0.1,0.906
Kepler-357 d,3.43,11.6,402.0,0.246,4.619,5036.0,0.834,0.794,0.06,1.58
Kepler-1692 b,1.11177184,1.42,897.0,0.0646,153.48,5146.0,0.866139,0.87,0.36,5.68
Kepler-1678 b,3.30422249,10.9,329.0,0.5302,2.78,5754.0,0.834976,1.03,0.0,1.66
Kepler-1390 b,1.18,1.76,934.0,0.0662,171.133,5753.0,0.98,0.98,-0.01,5.89
Kepler-355 b,1.46,2.73,840.0,0.102,154.803,6184.0,1.066,0.933,-0.06,4.82
Kepler-331 b,1.82,3.97,540.0,0.065,35.984,4347.0,0.492,0.653,0.1179,3.62
Kepler-350 c,3.1,6.1,888.0,0.1385,138.415,6492.3,1.25,1.0,0.041,0.35
Kepler-55 c,2.21,69.8,349.0,0.2095,3.84,4362.0,0.58,0.62,-0.01,35.5
2MASS J11011926-7732383 b,11.9,8899.195396,2677.0,266.0,,,,,,29.0
HIP 77900 b,12.1,6674.396547,2507.0,3319.0,,13646.0,,,,20.7
Kepler-1370 b,1.84,4.04,770.0,0.15763,132.587,6202.0,1.29,1.19,0.05,3.56
Kepler-417 b,2.31,11.0,671.0,0.1006,43.624,5177.0,0.806,0.9,-0.204,4.9
UCAC4 328-061594 b,12.1,6674.396547,,19000.0,,,,1.19,,20.7
UCAC3 113-933 b,12.1,6674.396547,,6100.0,,3864.0,0.564484,0.61,-0.95,20.7
Kepler-363 c,1.69,66.4,1054.0,0.079,376.29,5593.0,1.485,1.226,0.3965,75.6
Kepler-1032 b,1.87,4.16,802.0,0.0361,176.144,4647.0,0.71,0.77,0.16,3.5
HD 48948 b,2.06,4.88,957.0,0.0652,138.85,4593.0,0.679,0.686,-0.21,3.07
HD 48948 d,3.24,10.59,349.0,0.4894,2.46,4593.0,0.679,0.686,-0.21,1.71
Kepler-272 b,1.43,78.0,1200.0,0.038,801.741,5297.0,0.929,0.91,0.04,147.0
TIC 241249530 b,13.29385111,1582.78546686,,0.641,,6166.0,1.397,1.271,0.09,3.7
Kepler-1375 b,1.74,3.68,1543.0,0.0471,2948.362,6704.0,1.78,1.47,0.09,3.84
Kepler-125 c,0.74,0.33,529.0,0.051,16.81,3810.0,0.512,0.542101,-0.14,4.47
Kepler-1130 d,0.64472273,0.202,981.0,0.05068,221.4,5450.0,0.842,0.944,0.1,4.14
TOI-4443.01,1.7193265,3.6,1638.82,0.029962645,1194.2104,5834.0,1.01733,1.049133,,3.89
Kepler-1059 b,1.73,3.64,908.0,0.044,174.074,4906.0,0.72,0.75,-0.15,3.86
Kepler-237 b,1.41,2.57,823.0,0.05,124.961,4861.0,0.725,0.696,0.22,5.04
NGTS-6 b,14.863134,425.57437,1283.9,0.01677,983.4246,4730.0,0.754,0.767,0.11,0.711
NGTS-32 b,15.91675259,181.16219199,1750.0,0.044,1554.0,5680.0,1.85,1.07,-0.03,0.24
Kepler-266 c,3.89,14.4,421.0,0.457,5.592,5885.0,1.028,0.947,0.16,1.34
Kepler-985 b,2.98,9.17,323.0,0.44664,2.4,5434.0,0.85,0.91,0.0,1.9
Kepler-127 d,2.64,7.46,590.0,0.28,31.519,6106.0,1.359,1.248,0.2142,2.23
Kepler-275 d,3.33,11.1,671.0,0.224,50.7,6165.0,1.383,1.189,0.08,1.65
Kepler-335 b,3.39,11.4,1290.0,0.075,721.124,5877.0,1.854,1.367,0.278,1.61
Kepler-344 b,2.61,7.32,643.0,0.153,27.327,5774.0,0.976,0.931,0.0399,2.26
Kepler-969 b,2.07,4.94,465.0,0.19726,10.166,5214.0,0.82,0.92,0.22,3.06
Kepler-329 c,1.93,4.38,402.0,0.113,11.869,4257.0,0.523,0.602,-0.44,3.35
Kepler-325 b,2.91,8.8,1017.0,0.053,210.554,5752.0,1.003,0.914,0.02,1.96
Kepler-1800 b,0.99679734,0.961,1533.0,0.05098,242.0,5343.0,2.506,1.33,0.08,5.33
Kepler-365 b,2.04,4.82,865.0,0.098,132.15,6012.0,1.048,1.02,-0.218,3.12
Kepler-1069 b,1.6,3.19,823.0,0.16587,78.175,5722.0,0.98,0.99,0.04,4.28
Kepler-345 b,0.74,0.48,622.0,0.066,35.37,4504.0,0.623,0.61,0.1905,4.8
Kepler-382 c,1.59,3.15,882.0,0.097,124.743,5600.0,0.945,1.002,0.082,4.31
Kepler-544 b,2.12,5.14,748.0,0.15482,126.031,6206.0,1.22,1.16,0.02,2.96
Kepler-1912 b,1.35670508,2.41,976.0,0.06489,201.8,5734.0,0.962,0.977,0.04,5.3
Kepler-240 c,2.2,102.3,696.0,0.074,59.838,4985.0,0.739,0.868,0.41,52.8
Kepler-332 c,1.09,1.32,550.0,0.114,19.986,4955.0,0.72,0.743,-0.13,5.6
Kepler-424 b,9.98,327.35,1116.0,0.044,470.754,5460.0,0.94,1.01,0.44,1.94
Kepler-207 b,1.57,3.09,1930.0,0.029,4097.318,5920.0,1.588,1.313,0.29,4.39
Kepler-219 c,3.58,12.5,766.0,0.165,54.105,5786.0,1.491,1.164,0.36,1.5
Kepler-223 c,3.44,5.1,947.0,0.09117,302.474,5803.0,1.72,1.125,0.1,0.71
Kepler-402 e,1.46,2.73,931.0,0.102,157.481,6090.0,1.264,1.072,-0.08,4.82
Kepler-1895 b,2.11934728,5.14,789.0,0.0615,91.45,5076.0,0.763,0.86,0.1,2.97
Kepler-1909 b,1.09217411,1.33,1031.0,0.0306,266.01,4935.0,0.685,0.663,-0.42,5.61
Kepler-1953 b,1.28574667,2.2,731.0,0.0607,67.62,4858.0,0.707,0.786,-0.02,5.69
Kepler-168 c,2.69,7.7,862.0,0.116,169.002,6282.0,1.107,1.113,0.09,2.17
Kepler-634 b,1.89,4.23,1309.0,0.05765,808.844,6075.0,1.24,1.03,-0.18,3.44
TOI-663 c,2.26,3.65,553.0,0.0437,22.3,3681.0,0.512,0.514,0.07,1.73
TOI-1634 c,,,,,,3472.0,0.45,0.451,0.19,
Kepler-238 d,3.07,23.1,888.0,0.115,213.48,5751.0,1.43,1.229,0.34,2.95
Kepler-224 d,2.3,5.9,610.0,0.089,36.293,5018.0,0.676,0.777,-0.06,2.66
Kepler-1499 b,1.19,1.81,409.0,0.23225,7.371,5097.0,0.78,0.82,-0.01,5.9
Kepler-850 b,1.78,3.82,995.0,0.0744,329.283,5932.0,1.09,1.06,0.03,3.72
HIP 79098 AB b,12.1,6515.515,2450.0,345.0,,9193.75,,3.75,,20.2
Kepler-851 b,1.68,3.46,900.0,0.0802,103.828,5455.0,0.85,0.89,-0.07,4.01
KMT-2024-BLG-2242L b,3.82,13.98444991,,0.89,,,,0.069,,1.38
Kepler-241 c,2.57,7.13,397.0,0.189,5.88,4699.0,0.668,0.671,0.031,2.31
Kepler-249 b,1.09,1.32,554.0,0.035,24.26,3568.0,0.482,0.510238,-0.34,5.6
Kepler-325 d,2.79,8.2,498.0,0.22,12.083,5752.0,1.003,0.914,0.02,2.07
Kepler-149 b,4.21,16.5,540.0,0.184,23.64,5381.0,0.953,1.013,0.3805,1.22
Kepler-1473 b,1.19,1.81,783.0,0.11606,111.011,6046.0,1.09,1.09,-0.01,5.9
Kepler-1501 b,1.56,3.05,787.0,0.11592,100.001,6229.0,1.3,1.2,0.04,4.41
EPIC 212737443 c,2.69,7.7,316.0,0.28,,4684.0,0.673,0.69,-0.137,2.17
Kepler-476 b,3.08,9.69,807.0,0.1126,100.09,5837.0,1.09,1.03,0.04,1.82
GJ 740 b,1.53,2.96,829.0,0.029,79.0,3913.0,0.56,0.58,0.08,4.54
Kepler-838 b,2.73,7.9,777.0,0.1266,61.089,5770.0,0.96,0.98,-0.06,2.13
TOI-4640 b,2.84326517,8.46,1378.86,,854.2741,5743.01,1.06715,1.1,,2.02
HATS-30 b,13.170575,224.38798,1414.0,0.04354,718.9097,5943.0,1.061,1.093,0.06,0.543
Kepler-1949 b,2.21964541,5.56,1709.0,0.0352,2016.25,6028.0,1.454,1.194,0.14,2.79
Kepler-1954 b,1.80235934,3.9,949.0,0.0625,192.09,5840.0,0.849,0.942,-0.24,3.66
Kepler-238 e,5.6,169.7,731.0,0.17286,98.461,5800.0,0.96,1.06,0.34,0.54
Kepler-1917 b,1.88971288,4.23,675.0,0.103,48.99,5530.0,0.788,0.882,-0.22,3.44
Kepler-1710 b,3.19744103,3.49494179,694.0,0.11583,48.9,5650.0,0.899,0.932,-0.04,1.11225
Kepler-342 c,1.96,4.5,754.0,0.185,77.29,6175.0,1.472,1.213,-0.0006,3.28
Kepler-106 c,2.5,10.44,785.0,0.10987,96.905,5858.0,1.04,1.0,-0.12,3.28
Kepler-837 b,2.56,7.08,701.0,0.1144,55.966,5403.0,0.81,0.85,-0.18,2.32
Kepler-273 c,1.98,4.58,865.0,0.073,74.887,5626.0,0.815,0.756,-0.28,3.24
Kepler-1391 b,1.68,3.46,513.0,0.30045,33.335,5840.0,1.1,1.03,0.04,4.01
Kepler-1543 b,2.71,7.8,1774.0,0.0867,375.651,6561.0,1.65,1.39,0.07,2.15
Kepler-1580 b,2.11,5.1,733.0,0.33571,83.088,6228.0,2.15,1.47,0.12,2.98
Kepler-621 b,2.3,5.9,737.0,0.031,69.56,4521.0,0.68,0.72,-0.02,2.66
Kepler-150 c,3.69,13.2,876.0,0.073,132.091,5560.0,0.939,0.956,0.12,1.44
Kepler-1476 b,1.67,3.43,860.0,0.0932,75.641,5663.0,0.96,0.98,0.06,4.05
GJ 682 c,2.89,8.7,,0.176,,3028.0,0.298255,0.27,,1.98
7 CMa c,13.9,276.5121,,2.153,,4826.0,4.87,1.34,0.21,0.566
Kepler-301 b,1.35,2.39,1278.0,0.036,665.437,5815.0,0.9,1.022,0.187,5.34
Kepler-1749 b,1.61301783,3.23,420.0,0.0956,7.34,3957.0,0.553,0.551,-0.16,4.23
BD+55 362 b,14.0,228.83645304,,0.78,,5012.0,0.896193,0.909,0.18,0.458
HD 124330 b,14.0,238.37130525,,0.86,,5873.0,1.30446,1.15,0.22,0.477
Kepler-327 c,1.03,20.3,537.0,0.047,28.272,3799.0,0.492,0.591913,-0.2,102.0
Kepler-329 b,1.4,2.54,547.0,0.061,40.689,4257.0,0.523,0.602,-0.44,5.09
Kepler-336 c,2.1,5.06,967.0,0.092,206.91,5867.0,1.304,1.09,0.337,3.0
Kepler-1392 b,1.96,4.5,714.0,0.1189,61.42,5479.0,0.85,0.88,-0.11,3.28
Kepler-1934 b,0.91307734,0.702,1700.0,0.02466,1835.6,5925.0,1.035,0.968,-0.14,5.07
Kepler-1965 b,1.35415138,2.4,492.0,0.22971,13.8,5852.0,0.837,0.928,-0.3,5.31
Kepler-1696 b,2.80982017,8.29,454.0,0.3244,10.04,5712.0,1.19811,1.02,-0.04,2.05
Kepler-1660 AB b,12.9,1586.59940774,,0.8,,6305.24,1.491,1.1366,-0.36,4.06
WASP-167 b,17.71022,2542.64,2329.0,0.0365,3208.41,7000.0,1.79,1.59,0.1,
Kepler-299 c,2.65,7.51,946.0,0.07,198.554,5617.0,1.032,1.004,0.12,2.22
HD 213472 b,13.1,1112.3994245,,13.0,,5729.54,1.433902,1.048132,0.1249,2.72
HD 26161 b,11.9,9045.39646322,,10.087,,6057.62,1.455981,1.12,-0.0095,29.5
Kepler-304 e,1.2,1.87,1137.0,0.02317,397.254,4817.0,0.73,0.8,0.05,5.95
Kepler-341 e,1.99,4.62,539.0,0.242,25.667,6012.0,1.024,0.976,0.07,3.22
Kepler-27 d,2.7061946,7.78,810.0,0.06578,88.2,5251.0,0.817,0.926,0.21,2.16
Kepler-341 b,1.18,1.76,1085.0,0.06,422.097,6012.0,1.024,0.976,0.07,5.89
Kepler-1935 b,2.50271696,6.82,1083.0,0.0463,324.78,5570.0,0.899,0.845,-0.18,2.39
Kepler-80 b,2.67,6.93,547.0,0.0648,54.382,4540.0,0.678,0.73,0.04,1.38
GJ 229 A c,2.87,8.58136699,,0.384,,3564.0,0.46,0.509,,1.99
GJ 720 A b,3.77,13.64,401.0,0.119,,3837.0,0.56,0.57,-0.14,1.4
Kepler-94 b,3.51,10.84,997.0,0.03377,216.094,4781.0,0.76,0.81,0.34,1.45
Kepler-305 c,3.3,6.0,728.0,0.07568,65.1,5080.0,0.8,0.76,0.09,0.917
Kepler-279 d,3.1,37.5,574.0,0.2901,35.739,6689.45,1.07,1.1,-0.1141,0.3
Kepler-770 c,1.2,1.87,2740.0,0.0309,833.588,5598.0,0.92,0.94,-0.01,5.95
Kepler-1397 b,1.72,3.61,551.0,0.25861,58.103,6026.0,1.12,1.09,0.0,3.9
Kepler-169 d,1.25,2.1,702.0,0.075,55.53,4997.0,0.763,0.825,0.17,5.91
Kepler-438 b,1.12,1.46,288.0,0.166,1.4,3748.0,0.52,0.544,0.16,5.71
Kepler-201 b,2.46,6.62,683.0,0.175,64.549,6065.0,1.229,1.098,-0.0442,2.44
Kepler-298 b,1.96,4.5,540.0,0.08,24.707,4465.0,0.582,0.66,-0.21,3.28
KIC 8121913 b,13.4,667.4396547,,,,5975.3,2.233,1.456,0.252,1.52
HD 80869 b,12.8,1609.80088146,203.2,2.905,0.142,5837.0,1.062,1.06,0.17,4.22
Kepler-305 e,1.7938153,3.87,1000.0,0.04017,220.4,4974.0,0.827279,0.82,0.09,3.68
Kepler-101 b,5.77,51.1,1513.0,0.0474,1240.332,5667.0,1.56,1.17,0.33,1.45
Kepler-295 d,1.36,2.42,533.0,0.192,104.962,5603.0,0.898,0.89,-0.03,5.29
Kepler-295 c,1.17,1.71,621.0,0.142,141.4,5603.0,0.898,0.89,-0.03,5.87
Kepler-1889 b,2.94360686,8.98,493.0,0.2082,14.0,5646.0,0.817,0.864,-0.28,1.93
Kepler-1547 b,0.9,0.666,3186.0,0.01556,5760.944,6078.0,1.18,1.12,0.04,5.02
Kepler-1620 b,1.61,3.22,428.0,0.4322,7.92,6157.0,1.23,1.15,0.03,4.24
TOI-4662 b,2.87998299,8.65,741.0,,50.104,4520.41,0.69375,0.703,,1.99
CoRoT-30 b,11.309881,921.707,,0.0844,,5650.0,0.91,0.98,0.02,3.45
CoRoT-31 b,16.36514,266.9772,,0.0586,,5700.0,2.15,1.25,0.0,0.33
Kepler-69 c,1.71,3.57,299.0,0.64,2.687,5638.0,0.93,0.81,-0.29,3.92
Kepler-431 b,0.764,0.37,1032.0,0.0719,577.545,6004.0,1.092,1.071,0.07,4.56
Kepler-196 d,2.66065673,7.56,297.0,0.4545,1.8,5132.0,0.77,0.805,-0.06,2.21
Kepler-1609 b,2.22,5.56,429.0,0.4679,12.975,6132.0,1.27,1.18,0.1,2.79
Kepler-1968 b,1.50004034,2.86,744.0,0.0696,72.16,5008.0,0.788,0.844,0.18,4.66
Kepler-1047 c,0.99,0.937,1309.0,0.04413,1323.065,5754.0,1.13,1.08,0.29,5.31
HD 164922 d,1.83,4.0,,0.103,,5390.0,0.946,0.926,0.18,3.59
Kepler-88 d,13.1,965.14699656,,2.466329866,,5466.0,0.897,0.99,0.27,2.36
EPIC 201427007 b,1.5,2.86,,,,5633.0,0.94,0.93,-0.053,4.66
EPIC 212624936 b,1.2,1.87,,,,5765.0,0.93,1.0,-0.39,5.95
K2-133 b,1.34,2.36,,0.03194,,3655.0,0.455,0.461,,5.39
Kepler-84 f,2.2,5.48,572.0,0.25,25.3,6031.0,1.169,1.06,-0.07,2.83
Kepler-117 c,12.341,584.78,704.0,0.2804,41.863,6150.0,1.606,1.129,-0.04,1.74
Kepler-1550 b,3.02,9.38,348.0,0.7681,2.305,5991.0,1.11,1.07,0.01,1.87
Kepler-443 b,2.33,6.04,233.0,0.495,0.86,4723.0,0.706,0.738,-0.01,2.62
HATS-4 b,11.433,420.471,1315.0,0.0362,558.828,5403.0,0.925,1.001,0.43,1.55
Kepler-160 d,,100.0,,0.17,,5471.0,1.118,1.003,0.2,
Kepler-1517 b,9.76,68.7,2336.0,0.078,1526.983,7010.0,1.95,1.58,0.01,0.406
Kepler-294 c,2.71,7.8,895.0,0.071,151.491,5913.0,0.976,0.947,0.11,2.15
TOI-2567 b,10.92875618,63.88350981,1352.0,0.0672,558.0,5611.0,1.686,1.13,0.241,0.269
Kepler-92 d,2.067,11.8666806,637.0,0.28682,46.844,5904.34,1.81719,1.07,0.1381,7.457871
Kepler-1429 b,1.29,2.21,1199.0,0.055,551.156,5902.0,1.07,1.05,0.04,5.66
Kepler-616 d,2.653,7.52,499.0,0.2749,14.69,6004.0,0.977,1.061,-0.02,2.21
Kepler-1705 b,2.03,4.47,789.0,0.08,91.74,6312.0,1.259,1.139,-0.2,2.977353
Kepler-274 c,1.84,4.04,678.0,0.204,36.518,6023.0,1.007,0.883,-0.2112,3.56
Kepler-1488 c,1.65156749,3.37,1212.0,0.06959,760.6,5710.0,1.524,1.003,0.0,4.11
TOI-3862 b,5.53,53.7,1539.0,0.02539,358.839,5300.0,0.92,0.9,0.11,1.75
BD-11 4672 c,4.04,15.37,,0.3,,4550.0,0.639,0.651,-0.35,1.28
K2-315 b,0.95,0.809,460.0,,7.45,3300.0,0.196,0.174,-0.24,5.18
KELT-4 A b,19.044091,286.68266,1823.0,0.04317,1840.0,6206.0,1.603,1.201,-0.116,0.228
Kepler-1492 b,1.49,2.83,801.0,0.1262,11.523,4712.0,0.72,0.77,0.06,4.7
Kepler-352 d,0.80628032,0.449,788.0,0.06574,81.3,5208.0,0.772,0.796,-0.14,4.71
HIP 4845 b,3.89,14.4,,0.176,,4010.0,0.603999,0.62,,1.34
K2-316 b,1.33,2.33,841.0,0.0147,,3436.0,0.379,0.408,,5.44
Kepler-292 f,2.35,6.12,563.0,0.141,24.325,5299.0,0.826,0.865,0.04,2.59
Kepler-1410 b,1.78,3.82,290.0,0.2543,1.06,4092.0,0.6,0.63,0.01,3.72
Kepler-575 b,2.39,6.3,803.0,0.0788,141.987,5710.0,0.95,0.97,0.0,2.54
Kepler-1434 b,1.11,1.41,1320.0,0.0917,925.289,6291.0,2.04,1.47,0.19,5.67
Kepler-1653 b,2.17,5.35,284.0,0.4706,0.98,4807.0,0.693,0.719,-0.18,2.88
Kepler-627 b,3.73,13.4,685.0,0.22661,39.303,6424.0,1.49,1.3,0.05,1.42
Kepler-1962 b,1.21463929,1.95,901.0,0.0783,155.95,5700.0,1.006,1.003,0.16,5.98
K2-320 b,2.62,7.37,698.0,0.0142,,3157.0,0.3,0.117,,2.25
K2-323 b,2.1,5.06,318.0,0.1275,,3710.0,0.549,0.478,,3.0
K2-318 b,1.66,3.39,456.0,0.0911,,3851.0,0.552,0.561,,4.07
Kepler-317 c,1.72,3.61,837.0,0.083,81.761,5497.0,0.941,0.865,0.13,3.9
Kepler-1411 b,2.82,8.35,441.0,0.4001,8.927,5664.0,0.92,0.95,-0.04,2.05
Kepler-1435 b,0.86,0.566,1331.0,0.05456,893.886,6356.0,1.32,1.21,-0.03,4.89
Kepler-215 e,1.75,3.71,405.0,0.314,7.444,5739.0,1.027,0.788,-0.4425,3.8
Kepler-1576 b,1.04,1.12,1059.0,0.07211,156.608,5876.0,1.06,1.05,0.05,5.47
Kepler-1593 b,3.17,10.2,260.0,0.55494,0.889,4995.0,0.77,0.81,0.02,1.76
Kepler-1915 b,3.21798413,10.4,809.0,0.114,101.05,6020.0,1.057,1.03,-0.06,1.71
Kepler-638 b,1.83,4.01,1111.0,0.06695,872.567,5382.0,0.93,0.88,0.04,3.6
WASP-141 b,13.56289,854.9627,1540.0,0.0469,1061.5542,5900.0,1.37,1.25,0.29,1.98
EPIC 201170410.02,1.047,1.15,,0.0349,,3648.0,0.282,0.287,-0.048,5.51
G 9-40 b,1.9,4.0,440.6,0.0418,6.27,3395.0,0.3026,0.2952,-0.07,3.2
Kepler-401 c,2.15,5.27,598.0,0.269,51.996,6117.0,1.333,1.173,0.0,2.91
Kepler-1437 b,1.37,2.45,770.0,0.0951,83.14,5557.0,0.9,0.93,-0.02,5.24
Kepler-220 b,0.81,0.457,759.0,0.046,105.001,4632.0,0.666,0.729,-0.1738,4.73
Kepler-703 b,8.2,51.1,1038.0,0.0535,373.108,6185.0,1.27,1.18,0.05,0.509
Kepler-1425 b,0.94,0.779,676.0,0.11435,216.405,5718.0,0.95,0.97,-0.03,5.15
Kepler-1350 c,1.73,3.64,730.0,0.0222,94.054,3827.0,0.53,0.55,-0.06,3.86
Kepler-354 c,1.31,2.27,508.0,0.115,14.404,4648.0,0.674,0.652,-0.03,5.55
Kepler-1699 b,1.56671124,3.08,1010.0,0.0418,245.65,5575.53,0.725,0.81,0.225,4.4
Kepler-206 c,1.77,3.78,825.0,0.111,95.51,5764.0,1.185,0.957,0.0213,3.75
Kepler-702 b,9.17,61.8,713.0,0.088,88.906,5419.0,0.86,0.9,0.0,0.44
Kepler-439 b,2.24,5.65,291.0,0.563,1.83,5431.0,0.866,0.884,0.02,2.76
Kepler-639 b,2.38,6.26,957.0,0.09358,295.826,5896.0,1.29,1.14,0.23,2.55
Kepler-171 b,2.34,6.08,1053.0,0.05,304.178,5642.0,0.839,0.978,0.17,2.61
Kepler-1526 b,2.43,6.48,787.0,0.0418,99.097,4601.0,0.69,0.73,-0.01,2.48
HD 86065 b,12.5,2877.30056857,,15.947,,4927.56,0.780347,0.81,-0.0202,8.1
HD 115404 A c,12.5,3279.67133183,,11.364,,5019.17,0.727007,0.83,-0.1568,9.23
Kepler-408 b,0.82,5.0,1561.0,0.03592,1503.581,6104.0,1.23,1.08,-0.2,
TOI-1873 b,2.86356397,8.57,923.5,,171.8936,5597.99,0.971675,1.015,,2.01
TOI-2267 b,1.0,0.972,424.0,0.0205,8.4,3030.0,0.2075,0.171,0.164,5.34
KMT-2021-BLG-0852L b,14.2,155.73591943,,7.78,,,,0.75,,0.299
CoRoT-4 b,13.34,228.83,1074.0,0.09,203.9517,6190.0,1.17,1.16,0.05,0.525
Kepler-935 b,1.35,2.39,879.0,0.0527,94.607,4830.0,0.73,0.78,-0.01,5.34
Kepler-917 b,1.91,4.31,991.0,0.0378,228.11,5418.0,0.76,0.8,-0.38,3.4
Kepler-1760 b,2.28995546,5.86,480.0,0.2084,12.56,5229.0,0.903,0.821,0.08,2.68
DMPP-9 b,3.89,14.43,,0.1097,,6092.0,1.26,1.1,,1.35
51 Eri b,,3464.3296363,807.0,10.4,,7422.0,1.45,1.75,0.13,
Kepler-1773 b,3.50469499,12.1,623.0,0.24831,39.2,6183.0,1.3,1.241,0.26,1.54
Kepler-1009 b,2.17,5.35,403.0,0.0796,11.561,4027.0,0.57,0.59,-0.12,2.88
Kepler-1035 b,1.17,1.71,1301.0,0.03883,1180.064,5763.0,0.97,0.98,-0.03,5.87
Kepler-322 c,1.67,3.43,996.0,0.051,203.406,5388.0,0.89,0.908,0.12,4.05
Kepler-66 b,2.8,8.25,699.0,0.1352,62.845,5962.0,0.966,1.038,-0.2,2.07
Kepler-479 b,2.12,5.14,649.0,0.09636,37.753,5247.0,0.81,0.86,-0.02,2.96
KOI-351 d,2.87,8.6,520.0,0.32,18.168,6080.0,1.2,1.2,-0.12,2.0
Kepler-908 b,1.22,1.98,1783.0,0.02526,3304.101,5973.0,1.12,1.11,0.15,5.99
Kepler-1677 b,2.70216183,7.76,712.0,0.1599,59.4,6013.72,1.24959,1.11,0.108,2.16
Kepler-473 b,4.08,15.6,879.0,0.12048,243.376,5816.0,1.34,1.06,0.12,1.26
KOI-1783.01,8.86,71.0,412.0,0.52661,5.7,5922.0,1.143,1.076,0.11,0.56
HD 109988 b,12.1,6935.33366915,,12.518,,5185.97,0.869694,0.88,0.14,21.5
Kepler-909 b,1.47,2.76,852.0,0.11873,127.24,6154.0,1.23,1.17,0.08,4.77
HD 11112 b,12.6,2598.56505563,,13.38,,5905.64,1.47368,1.07,0.1869,7.14
HATS-27 b,16.8135,168.4499,1659.0,0.0611,1342.5733,6438.0,1.74,1.415,0.09,0.18
HD 11505 b,12.6,2510.52658689,,20.247,,5757.15,1.19568,1.03,-0.2203,6.9
HD 122562 c,10.1,73.10053361,,0.406,,4956.0,2.16627,1.241,,0.39
HD 135872 b,12.8,1744.56012602,,4.172,,4992.0,3.93038,1.646,0.09,4.57
HD 113337 c,12.1,6299.67685515,,6.805,,6774.0,1.5,1.41,0.07,19.5
HD 151450 c,12.8,1636.18063924,,14.131,,6091.98,1.17184,1.14,,4.29
HD 188641 b,11.9,9333.03117155,,12.027,,5897.32,1.94492,1.07,-0.08,30.4
HD 13724 c,8.18,50.85254512,,0.534,,5835.31,1.04198,1.004,0.2169,0.511
HD 164604 c,12.5,3019.3698665,,5.556,,4663.0,0.78,0.77,0.12,8.49
Kepler-50 b,1.71,8.9,1196.0,0.077,494.705,6225.0,1.58,1.24,0.03,6.04982
HD 205158 b,13.9,124.58873554,,0.177,,6133.55,1.87741,1.16,,0.255
Kepler-162 b,1.26,2.13,961.0,0.069,305.946,5816.0,0.958,1.053,0.1,5.85
Kepler-176 b,1.43,290.537,841.0,0.058,123.802,5232.0,0.891,0.86,0.13,179.0
K2-189 c,2.31,5.95,877.0,0.068,140.0,5442.0,0.879,0.85,-0.1,2.65
K2-126 b,1.97,4.54,601.0,0.0656,35.3,4339.0,0.65,0.69,0.02,3.26
KMT-2018-BLG-0247L b,13.4,670.61793877,,2.46,,,,0.29,,1.53
KMT-2021-BLG-1372L b,9.12,61.27,,2.37,,,,0.42,,0.444
Kepler-193 c,2.75,8.0,595.0,0.286,16.026,6335.0,1.147,1.051,0.0,2.11
Kepler-464 b,3.3,10.9,1163.0,0.07931,495.005,5933.0,1.59,1.21,0.19,1.67
Kepler-244 b,2.76,8.05,1038.0,0.05,242.471,5554.0,0.803,0.933,0.07,2.1
Kepler-183 b,2.06,4.9,1088.0,0.064,281.845,5888.0,0.958,0.99,0.11,3.08
K2-193 b,3.95,14.8,739.0,0.1184,,5817.0,0.98,1.01,0.0,1.32
K2-197 b,2.56,7.08,848.0,0.0806,,5667.0,0.93,1.0,0.08,2.32
Kepler-180 c,3.01,9.32,540.0,0.229,16.423,5731.0,1.063,0.95,0.03,1.88
KMT-2021-BLG-1105L b,13.6,413.1769291,,3.54,,,,0.63,,0.903
KMT-2021-BLG-0712L b,6.91,38.19,,2.22,,,,0.22,,0.636
Kepler-209 b,2.26,5.73,668.0,0.122,48.662,5513.0,0.935,0.971,0.11,2.73
Kepler-1729 b,3.89404186,14.4,595.0,0.0418,29.68,3837.0,0.517,0.544,-0.06,1.34
Kepler-81 b,2.42,17.2,635.0,0.0522,39.95,4385.0,0.59,0.64,-0.18,6.67
K2-198 d,2.438,6.52,943.2,,,5212.9,0.757,0.799,0.094,2.47
Kepler-501 b,4.3,17.1,1125.0,0.0627,324.856,5904.0,1.04,1.03,-0.03,1.18
K2-198 c,1.423,2.61,1229.9,,,5212.9,0.757,0.799,0.094,4.98
OGLE-2013-BLG-0132L b,11.6,92.0,,3.6,,,,0.54,,0.324
KMT-2018-BLG-1996L b,13.7,346.43296363,,4.27,,,,0.69,,0.74
OGLE-2018-BLG-1647L b,13.8,308.29355479,,1.36,,,,0.092,,0.645
Kepler-853 b,1.69,3.5,1187.0,0.079,499.301,6350.0,1.55,1.3,0.07,3.98
Kepler-883 b,1.78,3.82,818.0,0.10288,163.052,6116.0,1.09,1.06,-0.13,3.72
HD 28185 b,12.8,1859.29618095,,1.034,,5602.0,1.048,0.974,0.19,4.87
Kepler-54 b,2.1,0.98,453.0,0.0619,12.357,3705.0,0.5,0.51,-0.27,0.76
Kepler-1631 b,1.35,2.39,1122.0,0.0511,446.918,5679.0,0.95,0.97,0.04,5.34
Kepler-155 b,2.09,5.02,614.0,0.056,23.5,4508.0,0.62,0.635,-0.142,3.02
Kepler-100 c,2.2,7.05,939.0,0.11061,208.657,5825.0,1.49,1.08,0.02,1.721102
KMT-2018-BLG-1743L b,10.5,77.86795971,,1.449,,,,0.193,,0.37
OGLE-2017-BLG-1434L b,1.94,4.43,,1.18,,,,0.234,,3.33
KMT-2019-BLG-2783L b,13.7,368.68095212,,1.85,,,,0.34,,0.788
Kepler-877 b,2.12,5.14,632.0,0.1301,37.81,5261.0,0.81,0.85,-0.06,2.96
Kepler-1730 b,4.48524519,18.4,833.0,0.1131,113.75,5942.0,1.142,1.009,-0.04,1.12
Kepler-1639 b,2.58,7.18,1003.0,0.0932,187.848,6150.0,1.18,1.12,-0.03,2.3
Kepler-559 b,3.61,12.7,706.0,0.1277,42.543,5630.0,0.95,0.96,0.03,1.48
Kepler-121 b,2.34,6.08,997.0,0.039,220.489,5311.0,0.701,0.859,-0.08,2.61
Kepler-55 d,1.59,3.15,931.0,0.029,195.005,4503.0,0.619,0.631,-0.01,4.31
Kepler-82 c,5.34,13.9,450.0,0.2626,8.035,5401.0,0.898,0.91,0.2107,0.494
Kepler-561 c,2.68,7.65,989.0,0.05947,183.166,5646.0,0.94,0.96,0.02,2.18
Kepler-172 c,2.86,8.55,970.0,0.068,227.225,5526.0,1.085,1.081,0.39,2.01
OGLE-2017-BLG-0173L b,1.62,3.269,,3.913,,,,0.396,,4.23
OGLE-2019-BLG-0304L b,14.2,162.09248757,,1.23,,,,0.27,,0.311
OGLE-2019-BLG-0679L b,13.1,1061.54687938,,6.99,,,,0.66,,2.59
Kepler-867 b,4.64,19.4,327.0,0.5375,2.72,5541.0,0.91,0.92,-0.02,1.07
Kepler-187 c,2.67,7.61,963.0,0.099,324.134,6105.0,1.287,1.081,-0.04,2.2
Kepler-250 c,2.28,5.82,782.0,0.069,71.499,5160.0,0.805,0.806,0.01,2.7
Kepler-540 b,2.71,7.8,355.0,0.58822,4.525,5946.0,1.08,1.02,-0.1,2.15
Kepler-1388 d,2.86,8.55,363.0,0.126,8.66,4098.0,0.61,0.63,0.02,2.01
Kepler-1534 b,1.89,4.23,955.0,0.0599,196.51,5442.0,0.86,0.9,-0.01,3.44
PSR B1257+12 c,1.91,4.3,,0.36,,,,1.4,,3.39
Kepler-215 b,1.62,3.26,784.0,0.084,105.073,5739.0,1.027,0.788,-0.4425,4.21
OGLE-2017-BLG-0373L b,14.0,127.0,,2.424,,,,0.248,,0.254
OGLE-2017-BLG-1140L b,13.5,505.0,,1.02,,,,0.211,,1.13
KMT-2021-BLG-1547L b,13.6,467.20775829,,4.5,,,,0.72,,1.02
MOA-2020-BLG-208L b,7.71,46.0,,2.74,,,,0.43,,0.552
Kepler-1668 b,4.34764405,17.4,721.0,0.124,63.79,5542.0,1.01738,0.98,0.07,1.16
Kepler-210 c,3.62,12.8,497.0,0.07,25.44,4559.0,0.65,0.77,0.2772,1.48
Kepler-650 b,2.96,9.06,1507.0,0.0421,1218.88,5849.0,1.35,1.08,0.13,1.92
Kepler-191 d,2.28,5.82,857.0,0.06104,99.6,5215.0,0.8,0.84,-0.05,2.7
KMT-2019-BLG-0297L b,12.1,6038.739733,,0.96,,,,0.21,,18.7
OGLE-2019-BLG-1180L b,13.5,555.24622703,,5.19,,,,0.545,,1.24
Kepler-304 b,2.86,8.55,875.0,0.039,139.146,4731.0,0.687,0.737,0.03,2.01
Kepler-49 b,2.579,9.77,509.0,0.05929,21.481,4095.6,0.618,0.607,0.03,3.082111
Kepler-1726 b,2.50861954,6.84,582.0,0.12794,24.0,5316.0,0.804,0.876,0.0,2.38
Kepler-614 b,2.39,6.3,641.0,0.1027,37.2,5268.0,0.81,0.85,-0.07,2.54
Kepler-258 b,4.06,15.5,642.0,0.103,27.791,4942.0,0.915,0.82,0.3031,1.27
Kepler-259 b,2.8,8.25,879.0,0.079,113.451,5938.0,0.898,0.867,-0.09,2.07
PSR J1719-1438 b,,382.8,,0.0044,,4500.0,,1.4,,23.0
MOA-2015-BLG-337L b,6.42,33.7,,0.24,,,,0.0094,,0.7
KMT-2023-BLG-0735L b,6.97,38.77506565,,2.96,,,,0.61,,0.629
KMT-2023-BLG-1431L b,3.76,13.6,,3.2,,,,0.57,,1.41
Kepler-84 b,2.23,40.0,985.0,0.0827,222.19,6039.0,1.43,1.0,-0.07,19.8
Kepler-310 c,3.38,11.4,417.0,0.281,7.109,5797.0,0.876,0.854,-0.12,1.62
Kepler-616 b,2.43,6.48,860.0,0.0927,129.18,5753.0,0.97,0.98,-0.02,2.48
Kepler-222 b,3.16,10.1,1004.0,0.048,206.769,5433.0,0.869,0.933,0.33,1.76
MOA-2011-BLG-293L b,12.9,1500.0,,1.1,,,,0.86,,3.84
OGLE-2019-BLG-1470L AB c,13.3,699.2224954,,3.2,,,,0.57,,1.63
Kepler-1758 b,2.57059831,7.13,1028.0,0.0919,93.64,5557.0,1.616,1.035,0.16,2.31
Kepler-905 b,1.41,2.57,928.0,0.05689,185.771,5461.0,0.86,0.95,0.09,5.04
Kepler-276 b,2.87,731.209,739.0,0.119,58.586,6105.0,1.046,0.845,-0.29,73.0
Kepler-165 b,2.32,5.99,716.0,0.072,59.799,5211.0,0.77,0.746,-0.25,2.64
OGLE-2016-BLG-1067L b,14.3,140.0,,1.7,,,,0.3,,0.263
KMT-2023-BLG-1866L b,1.43,2.63,,2.63,,,,0.51,,4.94
Kepler-284 c,2.61,7.32,478.0,0.213,9.042,5615.0,0.814,0.766,-0.26,2.26
Kepler-277 c,3.36,64.2,778.0,0.21781,83.898,5946.0,1.69,1.12,0.09,7.8
Kepler-1629 b,0.77,0.381,1081.0,0.0485,315.457,5776.0,1.01,1.01,0.05,4.59
Kepler-663 b,2.6,7.27,917.0,0.0559,167.979,5264.0,0.82,0.86,0.03,2.27
Kepler-227 b,3.11,9.85,793.0,0.09,104.641,5854.0,1.091,0.954,0.1,1.8
WISEP J121756.91+162640.2 A b,10.468,6992.0,450.0,8.0,,575.0,0.091,0.029,,33.5
KMT-2017-BLG-0673L b,13.0,1166.43025369,,2.34,,,,0.63,,2.92
KMT-2022-BLG-2286L b,12.1,6038.739733,,2.02,,,,0.2,,18.7
K2-35 c,1.93,4.38,766.0,0.055,68.0,4402.71,0.619575,0.701968,0.04,3.35
Kepler-229 c,4.92,21.5,600.0,0.117,21.637,5120.0,0.728,0.808,0.06,0.992
K2-37 b,1.39,2.51,949.0,0.05105,193.0,5352.0,0.809,0.84,-0.08,5.14
K2-44 b,2.433,6.5,1211.0,0.06,646.0,5912.0,1.58,1.15,0.0,2.48
MOA-2011-BLG-322L b,12.4,3690.0,,4.3,,,,0.39,,10.6
OGLE-2013-BLG-0911L b,12.5,3020.0,,0.39,,,,0.29,,8.5
KMT-2023-BLG-2209L b,13.9,254.2627256,,3.51,,,,0.73,,0.52
Kepler-302 b,4.06,15.5,634.0,0.193,31.247,5740.0,1.22,1.021,0.16,1.27
Kepler-665 b,2.6,7.27,593.0,0.1148,20.719,4913.0,0.74,0.79,-0.03,2.27
K2-289 b,9.1,61.0,753.0,0.107,,5529.0,1.025,0.953,0.162,0.445
K2-62 b,2.02,4.74,666.0,0.0636,46.7,4455.0,0.696,0.67,-0.1,3.16
OGLE-2006-BLG-109L c,11.1,86.0,59.0,4.5,,,,0.51,,0.346
KMT-2018-BLG-0029L b,2.67,7.59,,4.27,,,,1.14,,2.19
KMT-2019-BLG-1806L b,2.0,4.67,,3.02,,,,0.74,,3.21
Kepler-84 c,2.36,20.2,865.0,0.1072,132.23,6039.0,1.43,1.0,-0.07,8.44
K2-66 b,2.49,21.3,1372.0,0.05983,840.0,5887.0,1.67,1.11,-0.047,7.8
K2-72 b,1.08,1.28,,0.04,8.5,3360.47,0.330989,0.271365,,5.58
K2-72 d,1.01,1.01,,0.05,5.4,3360.47,0.330989,0.271365,,5.39
K2-65 b,1.58,3.12,,0.1014,45.0,5213.0,0.84,0.87,-0.34,4.35
OGLE-2015-BLG-0966L b,4.86,21.0,,2.7,,,,0.38,,1.01
KMT-2018-BLG-1292L b,12.9,1400.0,,6.03,,,,1.09,,3.58
Kepler-119 c,0.92,0.721,1016.0,0.049,367.322,5595.0,0.839,0.918,0.01,5.09
Kepler-133 b,1.76,3.75,1041.0,0.083,408.58,5736.0,1.425,1.02,0.282,3.78
K2-183 c,2.3,5.9,787.0,0.0932,,5482.0,0.87,0.942219,0.09,2.66
K2-119 b,2.53,6.94,666.0,0.0698,54.9,4740.0,0.71,0.76,-0.05,2.35
K2-86 b,1.96,4.5,,0.077,78.0,5482.0,0.76,0.79,-0.35,3.28
KMT-2019-BLG-1953L b,14.1,200.0,,,,,,0.31,,0.392
OGLE-2018-BLG-0516L b,4.73,20.1,,2.2,,,,0.47,,1.04
KMT-2016-BLG-1105L b,1.33,2.32,,2.44,,,,0.41,,5.42
Kepler-153 c,2.53,6.94,458.0,0.237,6.422,5404.0,0.892,0.756,-0.27,2.35
Kepler-553 c,11.57887706,2129.4503269,251.0,0.898,0.589,5191.0,0.902,0.889,0.152,7.53
Kepler-672 b,2.5,6.8,529.0,0.2163,16.36,5627.0,0.92,0.95,-0.01,2.39
K2-187 d,2.4,6.35,865.0,0.072,,5438.0,0.83,0.966999,0.0,2.52
BD+42 2315 b,14.2,174.80562385,,0.54,,4500.0,17.85,1.38,-0.2,0.335
OGLE-2016-BLG-1093L b,14.0,225.65816897,,2.13,,,,0.46,,0.452
KMT-2019-BLG-0953L b,4.06,15.5,,1.1,,,,0.28,,1.27
Kepler-786 b,2.43,6.48,348.0,0.25483,3.658,4838.0,0.74,0.81,0.09,2.48
Kepler-275 c,3.38,11.4,875.0,0.132,146.5,6165.0,1.383,1.189,0.08,1.62
Kepler-762 b,12.68,,1302.0,0.0493,1065.734,5944.0,1.08,1.06,0.02,
Kepler-32 e,1.5,4.08181,652.0,0.033,56.649,3900.0,0.53,0.58,0.0,0.091
Kepler-219 d,2.81,19.1,598.0,0.272,20.01,5786.0,1.491,1.164,0.36,4.73
Kepler-235 e,2.22,5.56,306.0,0.213,1.33,4255.0,0.554,0.581,-0.51,2.79
Kepler-176 d,2.51,1.72,501.0,0.163,15.536,5232.0,0.891,0.86,0.13,0.6
Kepler-82 e,2.47,254.02,926.0,0.063,144.337,5428.0,0.945,0.946,0.2107,0.54
Kepler-251 b,1.33,2.33,990.0,0.053,203.169,5526.0,0.89,0.891,-0.06,5.44
Kepler-53 c,3.17,36.0,550.0,0.22091,23.176,5858.0,0.89,0.98,0.0,0.92
Kepler-42 d,0.57,0.357785,450.0,0.0154,12.538,3068.0,0.17,0.13,-0.33,0.55
Kepler-253 b,1.63,3.29,949.0,0.046,194.346,5208.0,0.786,0.86,0.15,4.17
KOI-351 g,7.718,15.0,342.0,0.71704,3.387,6031.13,1.185,1.242,0.083,0.272128
KMT-2024-BLG-1005L b,12.1,6674.396547,,0.78,,,,0.055,,20.7
OGLE-TR-113 b,12.251,400.449,1342.0,0.02289,528.4147,4790.0,0.774,0.779,0.09,1.2
Kepler-76 b,15.24424,638.8383,2140.0,0.0274,3583.673,6409.0,1.32,1.2,-0.1,1.1
WASP-47 c,,447.0,247.0,1.393,0.549,5565.0,1.156,1.058,0.43,
WASP-55 b,14.72860064,186.2474465,1342.0,0.0558,504.0,6096.0,1.09,1.071,-0.03,0.342159
TOI-5938 b,3.82,14.0,1077.0,0.0308,249.273,4650.0,0.712,0.744,0.07,1.38
GJ 411 b,1.45,2.69,349.83,0.07879,3.13,3719.0,0.3685,0.3899,-0.3621,4.85
TOI-1774.01,2.78,8.5,824.0,,73.7609,5746.0,1.1303,0.991,-0.02,2.17
HD 192310 b,4.27,16.9,355.0,0.32,,5166.0,0.857922,0.8,-0.04,1.19
HD 176986 b,,1487.75477317,767.0,0.062956,81.7,4931.0,0.782,0.789,0.03,
HD 28185 c,12.8,1906.970442,,8.5,,5602.0,1.048,0.974,0.19,5.0
KMT-2024-BLG-0176L b,14.0,241.54958932,,1.32,,,,0.103,,0.484
TOI-7009 b,3.71,13.3,872.0,0.0287,42.4124,4080.0,0.564,0.583,-0.11,1.43
TOI-375 b,10.77183045,236.78216321,1373.0,0.099,593.3,5259.9,2.9,1.441,0.084,1.037
HD 39194 b,1.99,4.62,,0.05895,,5205.0,0.783742,0.86,-0.61,3.22
K2-290 c,11.276254,246.00042,676.0,0.305,,6302.0,1.511,1.194,-0.06,1.01
DMPP-7 b,9.13,61.39,,0.05873,,5996.82,1.53949,1.09,,0.443
KMT-2024-BLG-0349L b,12.4,3769.44490702,,6.46,,,,0.68,,10.9
HD 164604 b,12.3,4195.3349724,,1.362,,4663.0,0.78,0.77,0.12,12.4
V1298 Tau d,6.53,6.0,831.0,0.1081,85.0,4970.0,1.32,1.1,0.1,0.12
KMT-2024-BLG-1870L b,13.8,336.89811142,,3.15,,,,0.67,,0.704
TOI-813 b,6.71,36.4,610.0,0.423,23.1,5907.0,1.94,1.32,0.1,0.662
LHS 1903 b,1.382,3.28,796.0,0.02656,66.66,3664.0,0.539,0.538,-0.11,6.82
TOI-375 d,13.6,445.59542661,434.0,0.984,5.96,5259.9,2.9,1.441,0.084,0.973
TOI-2411 b,1.68,3.46,1355.0,0.0144,1051.1379,4099.0,0.68,0.65,,4.01
KMT-2016-BLG-1337L b,11.4,88.99195396,,3.97,,,,0.54,,0.33
LTT 3780 b,1.325,2.46,903.0,0.01195,111.0,3358.0,0.38,0.381,0.06,5.8
LTT 3780 c,2.39,8.04,359.0,0.0757,2.76,3358.0,0.38,0.381,0.06,3.24
KMT-2025-BLG-0481L b,14.1,187.51876013,,2.18,,,,0.22,,0.368
TOI-1232 b,10.92875618,220.57291446,785.71,0.117,90.0659,5823.0,1.072,1.058,0.18,0.926
TOI-1232 c,8.88,58.48042689,,0.194,,5823.0,1.072,1.058,0.18,0.459
TOI-178 d,2.695,5.2,690.0,0.0592,24.9125,4316.0,0.662,0.647,-0.23,1.461108
TOI-4364 b,2.01,4.7,488.0,0.04753,13.3328,3528.0,0.4684,0.487,0.148,3.18
TOI-198 b,1.36,3.17,456.0,0.0675,7.2,3801.0,0.418,0.417,-0.66,6.89
TIC 154870955 b,3.09467466,9.77,,,,4739.58,0.724328,0.828,,1.81
TOI-1470 c,2.47,7.24,373.0,0.106,3.35,3709.0,0.469,0.471,0.0,2.66
TOI-1238 c,2.11,8.32,695.0,0.037,63.0,4089.0,0.58,0.59,0.31,4.9
TIC 445839811 b,2.47771211,6.7,,,,5408.25,0.850041,0.95,0.0292,2.42
TOI-7008 b,4.94735276,21.7,1783.0,,1679.35,5116.06,0.95255,0.88,,0.985
TIC 290487717 b,6.63777941,35.7,,,,5328.97,0.943767,0.92,0.0959,0.671
TIC 142589416 b,2.67899519,7.65,,,,4396.27,0.713832,0.641,,2.19
TOI-1732 b,2.49549787,6.78,657.79,,44.2458,4201.93,0.632571,0.613891,,2.4
TIC 139702105 b,2.45316949,6.59,,,,5742.35,1.25423,0.9,-0.28,2.45
TOI-4156 b,2.53823825,6.98,1289.0,,459.495,5971.64,1.03963,1.1,,2.35
TIC 178172313 b,2.80405322,8.27,,,,5405.59,0.84345,0.91,,2.06
TOI-5159 b,1.54732112,3.01,866.29,,133.1006,5156.16,0.854084,0.9,,4.46
GJ 238 b,0.566,0.126,758.0,0.02123,229.4579,3485.0,0.4314,0.4193,0.15,3.82
TIC 206466666 b,2.14817673,5.26,,,,4620.3,0.667193,0.76,,2.92
TOI-5599 b,7.1888212,40.9,1496.0,,833.218,6137.02,1.91334,1.21,,0.605
TOI-2654 b,7.94454164,48.4,819.0,,75.0167,4594.08,0.756095,0.69,,0.53
TIC 423703298 b,2.77230429,8.11,,,,4540.37,0.729825,0.691,,2.09
TIC 117642575 b,2.82716337,8.38,,,,5719.98,1.08102,1.06,,2.04
TIC 356227008 b,2.39024009,6.3,,,,5731.86,0.959792,1.02,,2.54
TOI-5515 b,2.65362762,7.53,778.1,,86.6267,5483.65,0.835682,0.963,,2.21
TOI-4588 b,2.92922558,8.9,1768.0,0.1376,2310.43,7746.12,1.57458,2.018,0.21,1.95
K2-284 b,2.78,8.15,653.0,0.04771,42.6,4140.0,0.607,0.63,0.0,2.08
HD 5278 c,4.49,18.4,,0.2416,,6203.0,1.194,1.126,-0.12,1.12
TIC 390586021 b,2.86009388,8.55,,,,4434.81,0.726565,0.648,,2.01
HIP 8152 c,2.52442508,10.7,650.68,0.139,39.9,5618.0,0.9603,0.9373,0.007,3.63
HD 5278 b,2.45,7.8,943.0,0.1202,132.0,6203.0,1.194,1.126,-0.12,2.9
TOI-209 b,2.3947209,6.32,845.78,,120.936,4806.66,0.742779,0.81,,2.53
TIC 38828280 b,2.62701629,7.4,,,,5046.63,0.741147,0.84,,2.24
WASP-117 b,11.88154,95.349,1001.0,0.09459,706.3929,6040.0,1.22,1.29,-0.11,0.3445
TIC 34085383 b,3.91982296,14.6,,,,4694.84,0.809951,0.733,,1.33
TOI-125 c,2.759,6.63,827.8,0.0814,77.59,5320.0,0.848,0.859,-0.02,1.73
TIC 67686059 b,2.59125922,7.23,,,,5090.09,0.820458,0.86,,2.28
TIC 437041147 b,2.21526814,5.54,,,,5224.36,0.961092,0.931,0.2428,2.8
TOI-799 b,2.06631784,4.92,958.69,,199.6326,5662.81,0.915519,1.0,,3.06
HATS-38 b,6.882326,23.51942,1294.0,0.05036,464.7,5732.0,1.105,0.89,-0.102,0.403
TIC 77552382 b,5.69176189,27.5,,,,4981.07,0.886956,0.83,,0.82
TOI-6281 b,1.92416074,4.36,2240.0,,4181.02,4533.23,0.874219,0.65,-0.09,3.36
TOI-941 b,6.51165317,34.6,1000.0,,166.575,5745.88,1.1849,1.078,,0.689
TOI-929 b,2.68983343,7.7,774.0,,59.7261,4457.16,0.717414,0.7,,2.17
TOI-5335 b,4.02422162,15.3,1048.0,,200.83,5528.92,0.916633,0.945,,1.29
TOI-5630 b,2.37117553,6.22,1541.0,,937.884,5385.64,0.933361,0.934,0.135,2.56
TOI-6954 b,3.63524486,12.8,930.0,,124.569,5170.87,0.947112,0.834,0.03,1.46
TIC 249022743 b,4.79568155,20.6,,,,5567.58,1.2084,1.0,,1.03
TOI-1814 b,5.18536642,23.5,977.83,,216.0619,4872.84,2.3895,,,0.926
TIC 160113658 b,3.49015778,12.0,,,,4817.31,0.789834,0.76,,1.55
TIC 320419023 b,2.77280763,8.11,,,,5703.36,0.952319,1.056,,2.09
TOI-2453 b,3.24380341,10.6,550.78,,21.749,3720.23,0.502498,0.500519,,1.71
TIC 38825265 b,2.18869476,5.43,,,,4375.52,0.664503,0.64,,2.85
TOI-4930 b,6.93277225,38.4,1169.0,,310.079,5624.72,1.15926,1.04,,0.633
TOI-1226 b,2.4101112,6.39,1123.44,,376.4613,5434.91,0.986943,1.01,0.129,2.51
TOI-6699 b,2.32645266,6.02,976.0,,150.91,4705.1,0.75309,0.75,,2.63
TOI-5502 b,4.1287378,15.9,870.0,,95.1955,6088.71,1.32375,1.244,,1.24
TIC 260969020 b,2.22686612,5.59,,,,4572.94,0.68988,0.75,,2.78
TOI-1470 b,2.18,7.32,734.0,0.0285,46.3,3709.0,0.469,0.471,0.0,3.86
TOI-7155 b,2.40821473,6.38,914.0,,116.253,4673.03,0.670748,0.755,,2.51
TOI-763 c,2.63,9.32,800.0,0.1011,64.3196,5450.0,0.897,0.917,0.01,2.82
TIC 88692598 b,1.81295951,3.94,,,,3483.17,0.532473,0.529218,,3.63
